user_id,signup_date,user_segment,device_os
USR_000001,2025-01-20,Family/Group,iOS
USR_000002,2025-04-19,Solo Explorer,Android
USR_000003,2025-03-09,Family/Group,iOS
USR_000004,2025-03-14,Solo Explorer,Android
USR_000005,2025-01-21,Solo Explorer,Android
USR_000006,2025-11-22,Family/Group,Android
USR_000007,2025-08-05,Solo Explorer,Android
USR_000008,2025-05-05,Business,iOS
USR_000009,2025-05-01,Solo Explorer,Android
USR_000010,2025-09-19,Business,Android
USR_000011,2025-03-17,Solo Explorer,iOS
USR_000012,2025-07-25,Business,Android
USR_000013,2026-02-21,Family/Group,Android
USR_000014,2025-10-22,Business,Android
USR_000015,2025-10-08,Family/Group,Android
USR_000016,2025-02-05,Family/Group,Android
USR_000017,2025-03-03,Business,Android
USR_000018,2025-10-23,Business,iOS
USR_000019,2025-10-11,Solo Explorer,Android
USR_000020,2025-06-12,Solo Explorer,iOS
USR_000021,2025-02-25,Family/Group,Android
USR_000022,2025-07-10,Solo Explorer,Android
USR_000023,2025-07-29,Solo Explorer,Android
USR_000024,2025-02-13,Family/Group,Android
USR_000025,2025-09-03,Business,iOS
USR_000026,2025-06-13,Solo Explorer,iOS
USR_000027,2026-01-23,Solo Explorer,iOS
USR_000028,2025-12-23,Business,Android
USR_000029,2025-07-11,Solo Explorer,iOS
USR_000030,2025-11-29,Family/Group,iOS
USR_000031,2025-04-18,Solo Explorer,iOS
USR_000032,2025-02-06,Solo Explorer,Android
USR_000033,2025-05-05,Solo Explorer,iOS
USR_000034,2025-10-26,Family/Group,iOS
USR_000035,2025-12-30,Family/Group,iOS
USR_000036,2025-01-09,Business,Android
USR_000037,2026-02-22,Family/Group,iOS
USR_000038,2025-09-22,Business,Android
USR_000039,2025-05-03,Solo Explorer,iOS
USR_000040,2025-07-24,Solo Explorer,Android
USR_000041,2025-03-24,Solo Explorer,iOS
USR_000042,2026-01-30,Business,Android
USR_000043,2025-05-06,Solo Explorer,Android
USR_000044,2026-01-15,Family/Group,Android
USR_000045,2025-10-09,Solo Explorer,iOS
USR_000046,2025-07-07,Solo Explorer,Android
USR_000047,2026-01-13,Solo Explorer,Android
USR_000048,2026-02-18,Business,Android
USR_000049,2026-01-05,Solo Explorer,Android
USR_000050,2025-11-25,Solo Explorer,Android
USR_000051,2025-06-06,Business,iOS
USR_000052,2025-10-18,Solo Explorer,iOS
USR_000053,2025-12-17,Business,Android
USR_000054,2025-02-19,Solo Explorer,iOS
USR_000055,2025-06-28,Solo Explorer,Android
USR_000056,2025-02-15,Solo Explorer,Android
USR_000057,2025-01-25,Solo Explorer,iOS
USR_000058,2025-07-04,Solo Explorer,iOS
USR_000059,2025-06-16,Family/Group,Android
USR_000060,2026-01-03,Family/Group,Android
USR_000061,2025-11-13,Business,Android
USR_000062,2025-12-01,Solo Explorer,iOS
USR_000063,2025-12-29,Solo Explorer,Android
USR_000064,2025-03-18,Family/Group,Android
USR_000065,2025-09-21,Solo Explorer,Android
USR_000066,2025-05-28,Solo Explorer,iOS
USR_000067,2025-05-23,Solo Explorer,iOS
USR_000068,2025-02-28,Solo Explorer,iOS
USR_000069,2025-03-18,Business,Android
USR_000070,2026-02-24,Family/Group,Android
USR_000071,2025-07-03,Business,Android
USR_000072,2026-01-09,Solo Explorer,Android
USR_000073,2025-02-15,Business,Android
USR_000074,2025-10-31,Solo Explorer,iOS
USR_000075,2025-12-20,Business,iOS
USR_000076,2026-01-14,Solo Explorer,Android
USR_000077,2025-06-19,Solo Explorer,Android
USR_000078,2026-02-26,Family/Group,Android
USR_000079,2025-02-14,Family/Group,Android
USR_000080,2026-01-26,Family/Group,Android
USR_000081,2026-01-30,Solo Explorer,Android
USR_000082,2025-02-23,Business,Android
USR_000083,2025-07-02,Family/Group,iOS
USR_000084,2025-07-11,Solo Explorer,Android
USR_000085,2025-11-22,Family/Group,iOS
USR_000086,2025-06-08,Business,iOS
USR_000087,2025-11-04,Solo Explorer,Android
USR_000088,2025-08-22,Family/Group,iOS
USR_000089,2025-02-26,Solo Explorer,Android
USR_000090,2025-03-19,Solo Explorer,Android
USR_000091,2026-01-28,Solo Explorer,iOS
USR_000092,2025-09-29,Solo Explorer,Android
USR_000093,2025-10-15,Business,iOS
USR_000094,2026-02-26,Solo Explorer,iOS
USR_000095,2026-02-15,Family/Group,Android
USR_000096,2025-08-21,Family/Group,Android
USR_000097,2025-04-15,Business,iOS
USR_000098,2025-03-25,Solo Explorer,Android
USR_000099,2025-06-13,Solo Explorer,iOS
USR_000100,2025-07-25,Solo Explorer,iOS
USR_000101,2025-02-09,Solo Explorer,Android
USR_000102,2025-08-03,Family/Group,Android
USR_000103,2025-04-12,Solo Explorer,iOS
USR_000104,2025-12-10,Solo Explorer,iOS
USR_000105,2025-03-28,Family/Group,Android
USR_000106,2025-04-26,Business,Android
USR_000107,2025-04-26,Business,iOS
USR_000108,2025-08-28,Solo Explorer,iOS
USR_000109,2025-01-31,Business,iOS
USR_000110,2025-07-13,Solo Explorer,Android
USR_000111,2025-11-12,Solo Explorer,Android
USR_000112,2025-07-03,Business,Android
USR_000113,2025-05-18,Business,iOS
USR_000114,2025-09-16,Solo Explorer,iOS
USR_000115,2025-07-12,Business,iOS
USR_000116,2025-03-25,Solo Explorer,iOS
USR_000117,2026-01-01,Business,Android
USR_000118,2025-12-24,Solo Explorer,iOS
USR_000119,2025-06-26,Solo Explorer,Android
USR_000120,2025-05-31,Solo Explorer,iOS
USR_000121,2025-02-23,Solo Explorer,iOS
USR_000122,2026-01-31,Solo Explorer,iOS
USR_000123,2026-02-21,Family/Group,iOS
USR_000124,2025-03-31,Business,iOS
USR_000125,2025-07-26,Solo Explorer,Android
USR_000126,2025-12-04,Solo Explorer,iOS
USR_000127,2025-09-01,Family/Group,iOS
USR_000128,2026-02-02,Family/Group,Android
USR_000129,2025-05-28,Solo Explorer,iOS
USR_000130,2025-12-05,Solo Explorer,Android
USR_000131,2026-02-23,Solo Explorer,Android
USR_000132,2025-02-24,Solo Explorer,iOS
USR_000133,2025-04-07,Family/Group,iOS
USR_000134,2025-11-14,Solo Explorer,iOS
USR_000135,2025-08-18,Solo Explorer,Android
USR_000136,2025-10-22,Solo Explorer,Android
USR_000137,2025-08-22,Family/Group,iOS
USR_000138,2025-01-01,Solo Explorer,iOS
USR_000139,2025-11-30,Solo Explorer,iOS
USR_000140,2025-12-10,Solo Explorer,Android
USR_000141,2025-05-12,Solo Explorer,Android
USR_000142,2025-09-18,Solo Explorer,Android
USR_000143,2025-07-02,Business,iOS
USR_000144,2025-06-04,Solo Explorer,Android
USR_000145,2025-07-10,Solo Explorer,iOS
USR_000146,2025-02-26,Family/Group,iOS
USR_000147,2025-06-01,Solo Explorer,iOS
USR_000148,2025-07-09,Solo Explorer,Android
USR_000149,2025-01-05,Family/Group,Android
USR_000150,2025-06-19,Business,Android
USR_000151,2026-02-07,Business,iOS
USR_000152,2025-07-13,Solo Explorer,Android
USR_000153,2025-12-27,Solo Explorer,iOS
USR_000154,2025-12-10,Business,iOS
USR_000155,2025-12-13,Business,Android
USR_000156,2026-01-04,Family/Group,iOS
USR_000157,2025-07-12,Solo Explorer,iOS
USR_000158,2026-02-09,Business,iOS
USR_000159,2025-08-02,Family/Group,iOS
USR_000160,2025-08-10,Solo Explorer,Android
USR_000161,2025-09-06,Solo Explorer,Android
USR_000162,2025-06-29,Solo Explorer,iOS
USR_000163,2025-06-16,Family/Group,Android
USR_000164,2025-09-15,Solo Explorer,iOS
USR_000165,2025-06-10,Solo Explorer,iOS
USR_000166,2025-01-16,Solo Explorer,iOS
USR_000167,2025-10-01,Solo Explorer,iOS
USR_000168,2025-11-22,Business,Android
USR_000169,2025-07-31,Solo Explorer,iOS
USR_000170,2025-10-30,Solo Explorer,iOS
USR_000171,2025-11-11,Family/Group,Android
USR_000172,2025-04-10,Business,Android
USR_000173,2025-01-22,Business,Android
USR_000174,2025-04-16,Family/Group,iOS
USR_000175,2025-07-22,Solo Explorer,iOS
USR_000176,2025-12-20,Solo Explorer,iOS
USR_000177,2025-10-22,Solo Explorer,iOS
USR_000178,2025-11-24,Business,iOS
USR_000179,2026-01-01,Business,Android
USR_000180,2025-02-10,Family/Group,iOS
USR_000181,2025-02-23,Solo Explorer,Android
USR_000182,2025-07-12,Business,Android
USR_000183,2025-04-29,Business,Android
USR_000184,2025-03-30,Solo Explorer,Android
USR_000185,2025-07-19,Solo Explorer,iOS
USR_000186,2025-03-30,Solo Explorer,Android
USR_000187,2025-03-25,Business,Android
USR_000188,2025-10-19,Business,iOS
USR_000189,2025-06-04,Business,Android
USR_000190,2025-07-08,Family/Group,Android
USR_000191,2025-08-23,Family/Group,Android
USR_000192,2025-02-01,Business,iOS
USR_000193,2025-10-15,Solo Explorer,Android
USR_000194,2025-09-23,Solo Explorer,Android
USR_000195,2026-01-16,Business,Android
USR_000196,2025-10-09,Solo Explorer,iOS
USR_000197,2025-12-05,Family/Group,Android
USR_000198,2025-07-29,Family/Group,iOS
USR_000199,2025-07-28,Solo Explorer,iOS
USR_000200,2025-03-09,Business,iOS
USR_000201,2025-07-09,Business,iOS
USR_000202,2025-10-22,Family/Group,iOS
USR_000203,2025-09-10,Solo Explorer,Android
USR_000204,2025-10-03,Solo Explorer,iOS
USR_000205,2025-08-03,Solo Explorer,Android
USR_000206,2025-05-29,Solo Explorer,Android
USR_000207,2025-11-12,Solo Explorer,iOS
USR_000208,2025-07-06,Family/Group,iOS
USR_000209,2026-01-17,Family/Group,iOS
USR_000210,2025-03-14,Business,iOS
USR_000211,2025-07-08,Solo Explorer,iOS
USR_000212,2025-10-14,Family/Group,iOS
USR_000213,2025-09-25,Family/Group,iOS
USR_000214,2025-09-14,Business,iOS
USR_000215,2025-07-30,Family/Group,iOS
USR_000216,2025-04-04,Solo Explorer,Android
USR_000217,2026-02-21,Solo Explorer,Android
USR_000218,2026-01-12,Solo Explorer,iOS
USR_000219,2026-02-12,Family/Group,iOS
USR_000220,2025-05-31,Business,iOS
USR_000221,2025-05-20,Solo Explorer,iOS
USR_000222,2026-02-19,Solo Explorer,Android
USR_000223,2025-02-12,Solo Explorer,iOS
USR_000224,2025-04-09,Family/Group,iOS
USR_000225,2025-01-10,Solo Explorer,iOS
USR_000226,2025-12-09,Solo Explorer,iOS
USR_000227,2025-02-09,Solo Explorer,iOS
USR_000228,2026-01-07,Business,Android
USR_000229,2025-11-08,Business,iOS
USR_000230,2025-02-11,Solo Explorer,Android
USR_000231,2025-08-24,Solo Explorer,Android
USR_000232,2025-04-03,Business,iOS
USR_000233,2025-06-25,Family/Group,iOS
USR_000234,2025-12-10,Solo Explorer,iOS
USR_000235,2025-11-30,Business,iOS
USR_000236,2025-02-16,Family/Group,Android
USR_000237,2025-06-11,Business,Android
USR_000238,2025-03-05,Solo Explorer,Android
USR_000239,2025-02-28,Solo Explorer,Android
USR_000240,2025-12-16,Solo Explorer,iOS
USR_000241,2025-06-29,Solo Explorer,iOS
USR_000242,2025-12-19,Family/Group,Android
USR_000243,2025-07-25,Family/Group,Android
USR_000244,2026-02-27,Solo Explorer,Android
USR_000245,2025-07-26,Family/Group,Android
USR_000246,2025-05-09,Solo Explorer,iOS
USR_000247,2025-08-13,Family/Group,iOS
USR_000248,2025-08-25,Solo Explorer,iOS
USR_000249,2026-01-24,Business,iOS
USR_000250,2025-01-31,Solo Explorer,iOS
USR_000251,2025-07-14,Family/Group,Android
USR_000252,2025-01-17,Solo Explorer,iOS
USR_000253,2025-05-17,Family/Group,iOS
USR_000254,2025-12-10,Solo Explorer,iOS
USR_000255,2025-12-05,Solo Explorer,iOS
USR_000256,2026-01-01,Business,iOS
USR_000257,2025-09-07,Solo Explorer,Android
USR_000258,2025-09-14,Business,iOS
USR_000259,2025-08-12,Family/Group,iOS
USR_000260,2025-01-29,Business,iOS
USR_000261,2025-07-16,Solo Explorer,iOS
USR_000262,2025-11-10,Solo Explorer,Android
USR_000263,2026-02-26,Family/Group,iOS
USR_000264,2025-05-26,Solo Explorer,iOS
USR_000265,2026-01-23,Family/Group,iOS
USR_000266,2025-06-08,Business,iOS
USR_000267,2025-08-12,Solo Explorer,iOS
USR_000268,2026-01-12,Business,Android
USR_000269,2025-07-05,Solo Explorer,Android
USR_000270,2025-01-11,Solo Explorer,iOS
USR_000271,2025-03-30,Solo Explorer,iOS
USR_000272,2025-04-30,Business,iOS
USR_000273,2025-08-15,Business,iOS
USR_000274,2026-01-10,Solo Explorer,iOS
USR_000275,2025-04-23,Solo Explorer,iOS
USR_000276,2026-01-30,Solo Explorer,Android
USR_000277,2025-08-03,Business,iOS
USR_000278,2026-01-30,Solo Explorer,iOS
USR_000279,2025-08-08,Business,iOS
USR_000280,2026-01-16,Business,Android
USR_000281,2026-01-12,Solo Explorer,iOS
USR_000282,2026-02-27,Solo Explorer,iOS
USR_000283,2025-09-07,Solo Explorer,Android
USR_000284,2025-07-05,Business,iOS
USR_000285,2025-11-16,Solo Explorer,Android
USR_000286,2026-01-03,Solo Explorer,iOS
USR_000287,2025-04-29,Solo Explorer,iOS
USR_000288,2025-04-09,Business,iOS
USR_000289,2025-12-08,Business,Android
USR_000290,2025-12-21,Solo Explorer,Android
USR_000291,2025-11-15,Family/Group,Android
USR_000292,2025-07-25,Solo Explorer,iOS
USR_000293,2025-11-05,Family/Group,Android
USR_000294,2026-02-19,Business,iOS
USR_000295,2026-01-15,Business,Android
USR_000296,2025-07-02,Family/Group,iOS
USR_000297,2025-03-12,Business,iOS
USR_000298,2025-03-20,Business,iOS
USR_000299,2025-08-21,Solo Explorer,Android
USR_000300,2025-02-13,Solo Explorer,iOS
USR_000301,2025-12-01,Solo Explorer,Android
USR_000302,2025-11-17,Solo Explorer,Android
USR_000303,2025-03-03,Solo Explorer,iOS
USR_000304,2025-07-07,Family/Group,iOS
USR_000305,2025-04-22,Business,Android
USR_000306,2025-07-17,Solo Explorer,iOS
USR_000307,2025-01-08,Solo Explorer,iOS
USR_000308,2025-05-03,Business,Android
USR_000309,2025-09-26,Solo Explorer,iOS
USR_000310,2025-11-26,Family/Group,iOS
USR_000311,2025-08-23,Solo Explorer,Android
USR_000312,2026-01-11,Business,Android
USR_000313,2025-10-06,Solo Explorer,iOS
USR_000314,2025-08-18,Business,Android
USR_000315,2025-11-04,Business,iOS
USR_000316,2025-02-08,Solo Explorer,iOS
USR_000317,2025-08-11,Business,Android
USR_000318,2025-10-01,Family/Group,Android
USR_000319,2025-07-14,Family/Group,Android
USR_000320,2025-01-31,Family/Group,iOS
USR_000321,2025-01-26,Business,iOS
USR_000322,2025-03-12,Family/Group,iOS
USR_000323,2025-11-19,Solo Explorer,Android
USR_000324,2026-02-23,Solo Explorer,iOS
USR_000325,2025-07-31,Solo Explorer,Android
USR_000326,2026-01-10,Solo Explorer,iOS
USR_000327,2025-09-21,Family/Group,Android
USR_000328,2025-02-28,Solo Explorer,Android
USR_000329,2025-06-25,Business,iOS
USR_000330,2025-10-12,Business,Android
USR_000331,2025-01-11,Business,iOS
USR_000332,2025-12-20,Solo Explorer,iOS
USR_000333,2025-07-23,Family/Group,iOS
USR_000334,2025-10-16,Business,Android
USR_000335,2026-01-02,Family/Group,Android
USR_000336,2025-09-12,Family/Group,Android
USR_000337,2025-12-27,Family/Group,iOS
USR_000338,2025-04-01,Family/Group,Android
USR_000339,2025-01-29,Solo Explorer,iOS
USR_000340,2025-04-01,Business,Android
USR_000341,2026-02-22,Solo Explorer,Android
USR_000342,2025-10-16,Solo Explorer,iOS
USR_000343,2025-05-01,Family/Group,iOS
USR_000344,2026-01-16,Family/Group,iOS
USR_000345,2025-08-06,Business,Android
USR_000346,2025-06-18,Family/Group,iOS
USR_000347,2025-07-03,Solo Explorer,iOS
USR_000348,2025-10-13,Solo Explorer,iOS
USR_000349,2025-08-03,Solo Explorer,Android
USR_000350,2025-12-20,Business,Android
USR_000351,2025-01-17,Family/Group,Android
USR_000352,2025-07-09,Business,Android
USR_000353,2025-06-09,Business,Android
USR_000354,2025-06-10,Business,Android
USR_000355,2025-06-30,Business,iOS
USR_000356,2025-01-03,Business,iOS
USR_000357,2025-04-23,Business,Android
USR_000358,2025-05-16,Solo Explorer,Android
USR_000359,2025-01-21,Family/Group,Android
USR_000360,2025-07-04,Solo Explorer,iOS
USR_000361,2025-07-26,Solo Explorer,Android
USR_000362,2025-11-23,Solo Explorer,Android
USR_000363,2026-01-05,Family/Group,iOS
USR_000364,2026-02-03,Business,Android
USR_000365,2025-06-22,Solo Explorer,Android
USR_000366,2026-02-10,Family/Group,iOS
USR_000367,2025-01-25,Solo Explorer,Android
USR_000368,2025-11-08,Business,iOS
USR_000369,2026-01-16,Family/Group,iOS
USR_000370,2025-03-04,Solo Explorer,iOS
USR_000371,2025-02-21,Family/Group,Android
USR_000372,2025-09-10,Solo Explorer,iOS
USR_000373,2026-02-17,Business,iOS
USR_000374,2025-12-01,Solo Explorer,Android
USR_000375,2025-03-30,Business,Android
USR_000376,2025-06-27,Solo Explorer,iOS
USR_000377,2025-12-19,Solo Explorer,iOS
USR_000378,2025-03-15,Solo Explorer,iOS
USR_000379,2025-07-17,Solo Explorer,iOS
USR_000380,2026-01-04,Business,Android
USR_000381,2025-03-08,Solo Explorer,Android
USR_000382,2025-10-17,Solo Explorer,Android
USR_000383,2025-09-14,Family/Group,Android
USR_000384,2025-11-25,Solo Explorer,Android
USR_000385,2025-08-31,Business,iOS
USR_000386,2026-01-30,Solo Explorer,Android
USR_000387,2026-01-10,Solo Explorer,Android
USR_000388,2025-09-29,Business,iOS
USR_000389,2025-08-05,Solo Explorer,Android
USR_000390,2025-01-21,Business,iOS
USR_000391,2025-08-01,Solo Explorer,iOS
USR_000392,2025-09-30,Business,Android
USR_000393,2025-04-22,Solo Explorer,iOS
USR_000394,2025-01-24,Solo Explorer,Android
USR_000395,2025-06-17,Family/Group,iOS
USR_000396,2025-09-22,Solo Explorer,Android
USR_000397,2025-09-09,Solo Explorer,Android
USR_000398,2025-05-01,Business,Android
USR_000399,2025-02-08,Business,Android
USR_000400,2025-11-26,Solo Explorer,iOS
USR_000401,2025-11-18,Family/Group,iOS
USR_000402,2026-02-02,Solo Explorer,Android
USR_000403,2025-03-28,Solo Explorer,iOS
USR_000404,2026-01-13,Family/Group,iOS
USR_000405,2025-11-04,Solo Explorer,Android
USR_000406,2025-08-23,Solo Explorer,Android
USR_000407,2025-07-18,Business,iOS
USR_000408,2025-01-07,Solo Explorer,iOS
USR_000409,2025-05-17,Family/Group,Android
USR_000410,2025-06-28,Solo Explorer,iOS
USR_000411,2025-02-02,Solo Explorer,iOS
USR_000412,2025-03-02,Solo Explorer,iOS
USR_000413,2025-11-11,Family/Group,iOS
USR_000414,2025-11-11,Solo Explorer,Android
USR_000415,2025-05-14,Business,iOS
USR_000416,2025-10-09,Business,Android
USR_000417,2025-03-24,Solo Explorer,Android
USR_000418,2025-11-08,Solo Explorer,Android
USR_000419,2025-08-29,Solo Explorer,iOS
USR_000420,2025-05-11,Solo Explorer,Android
USR_000421,2025-03-30,Solo Explorer,Android
USR_000422,2025-09-29,Business,iOS
USR_000423,2025-04-25,Family/Group,Android
USR_000424,2025-07-18,Solo Explorer,Android
USR_000425,2025-04-29,Solo Explorer,Android
USR_000426,2026-01-19,Solo Explorer,iOS
USR_000427,2025-12-15,Business,iOS
USR_000428,2025-09-03,Business,Android
USR_000429,2025-12-31,Solo Explorer,iOS
USR_000430,2025-08-02,Family/Group,Android
USR_000431,2025-02-27,Solo Explorer,iOS
USR_000432,2025-01-30,Solo Explorer,Android
USR_000433,2025-08-11,Solo Explorer,Android
USR_000434,2025-03-12,Family/Group,iOS
USR_000435,2025-02-01,Solo Explorer,iOS
USR_000436,2025-05-27,Business,iOS
USR_000437,2026-01-25,Family/Group,Android
USR_000438,2025-12-16,Business,Android
USR_000439,2025-09-24,Business,Android
USR_000440,2025-05-15,Solo Explorer,Android
USR_000441,2025-12-07,Solo Explorer,iOS
USR_000442,2025-05-04,Solo Explorer,iOS
USR_000443,2025-08-08,Solo Explorer,iOS
USR_000444,2025-09-20,Solo Explorer,Android
USR_000445,2025-09-17,Business,Android
USR_000446,2025-10-28,Solo Explorer,iOS
USR_000447,2025-04-27,Solo Explorer,iOS
USR_000448,2025-04-20,Solo Explorer,iOS
USR_000449,2025-11-01,Solo Explorer,Android
USR_000450,2025-03-07,Family/Group,iOS
USR_000451,2025-09-13,Family/Group,Android
USR_000452,2026-02-13,Family/Group,Android
USR_000453,2025-11-25,Family/Group,iOS
USR_000454,2025-08-28,Solo Explorer,Android
USR_000455,2025-09-23,Business,iOS
USR_000456,2025-04-17,Solo Explorer,Android
USR_000457,2025-03-20,Solo Explorer,Android
USR_000458,2025-04-12,Family/Group,iOS
USR_000459,2025-05-21,Solo Explorer,Android
USR_000460,2025-02-03,Family/Group,iOS
USR_000461,2025-07-04,Solo Explorer,iOS
USR_000462,2025-12-15,Family/Group,Android
USR_000463,2025-08-29,Solo Explorer,iOS
USR_000464,2025-05-31,Business,iOS
USR_000465,2025-12-09,Family/Group,iOS
USR_000466,2025-10-24,Business,iOS
USR_000467,2025-06-05,Business,Android
USR_000468,2025-02-10,Business,iOS
USR_000469,2025-03-21,Business,Android
USR_000470,2025-05-05,Solo Explorer,iOS
USR_000471,2026-02-03,Solo Explorer,Android
USR_000472,2025-03-13,Business,Android
USR_000473,2025-09-29,Business,Android
USR_000474,2025-11-04,Solo Explorer,iOS
USR_000475,2025-03-05,Solo Explorer,iOS
USR_000476,2025-09-05,Solo Explorer,Android
USR_000477,2025-09-18,Business,Android
USR_000478,2025-08-11,Solo Explorer,iOS
USR_000479,2025-04-18,Family/Group,iOS
USR_000480,2025-01-05,Solo Explorer,Android
USR_000481,2025-06-17,Solo Explorer,Android
USR_000482,2026-02-14,Solo Explorer,iOS
USR_000483,2025-08-12,Solo Explorer,Android
USR_000484,2025-02-07,Solo Explorer,Android
USR_000485,2025-12-22,Solo Explorer,Android
USR_000486,2026-01-24,Solo Explorer,Android
USR_000487,2025-07-07,Family/Group,Android
USR_000488,2025-01-02,Solo Explorer,iOS
USR_000489,2025-11-20,Solo Explorer,Android
USR_000490,2025-03-08,Family/Group,iOS
USR_000491,2026-02-13,Solo Explorer,Android
USR_000492,2026-01-01,Solo Explorer,Android
USR_000493,2025-10-17,Family/Group,iOS
USR_000494,2025-10-05,Family/Group,Android
USR_000495,2025-03-22,Solo Explorer,iOS
USR_000496,2025-10-01,Solo Explorer,iOS
USR_000497,2025-05-16,Business,iOS
USR_000498,2026-01-07,Business,Android
USR_000499,2025-02-19,Business,iOS
USR_000500,2025-06-06,Solo Explorer,Android
USR_000501,2025-02-02,Business,iOS
USR_000502,2026-02-05,Business,iOS
USR_000503,2026-02-26,Business,iOS
USR_000504,2025-05-29,Solo Explorer,iOS
USR_000505,2025-02-07,Solo Explorer,iOS
USR_000506,2025-10-13,Solo Explorer,iOS
USR_000507,2025-12-08,Business,iOS
USR_000508,2025-05-26,Solo Explorer,iOS
USR_000509,2025-10-13,Family/Group,iOS
USR_000510,2025-11-26,Business,Android
USR_000511,2025-05-21,Solo Explorer,iOS
USR_000512,2025-03-04,Solo Explorer,iOS
USR_000513,2025-08-27,Family/Group,iOS
USR_000514,2025-11-27,Family/Group,Android
USR_000515,2025-10-01,Family/Group,iOS
USR_000516,2025-10-01,Solo Explorer,iOS
USR_000517,2025-02-14,Solo Explorer,Android
USR_000518,2025-11-12,Family/Group,iOS
USR_000519,2025-05-05,Solo Explorer,Android
USR_000520,2025-12-07,Solo Explorer,Android
USR_000521,2025-07-03,Solo Explorer,iOS
USR_000522,2025-01-26,Solo Explorer,Android
USR_000523,2025-10-16,Family/Group,iOS
USR_000524,2025-03-01,Solo Explorer,Android
USR_000525,2025-11-06,Solo Explorer,iOS
USR_000526,2025-07-13,Family/Group,Android
USR_000527,2025-05-25,Solo Explorer,iOS
USR_000528,2025-04-02,Solo Explorer,iOS
USR_000529,2025-12-13,Business,Android
USR_000530,2025-08-10,Business,iOS
USR_000531,2025-04-16,Solo Explorer,Android
USR_000532,2025-12-12,Solo Explorer,Android
USR_000533,2025-09-06,Business,iOS
USR_000534,2026-02-26,Family/Group,iOS
USR_000535,2025-05-03,Business,Android
USR_000536,2026-01-31,Business,Android
USR_000537,2025-06-06,Solo Explorer,Android
USR_000538,2026-01-19,Solo Explorer,Android
USR_000539,2025-10-14,Solo Explorer,iOS
USR_000540,2025-04-11,Business,Android
USR_000541,2025-11-06,Solo Explorer,iOS
USR_000542,2025-11-15,Solo Explorer,Android
USR_000543,2025-09-04,Solo Explorer,Android
USR_000544,2026-02-06,Solo Explorer,iOS
USR_000545,2025-05-22,Solo Explorer,Android
USR_000546,2025-02-13,Solo Explorer,Android
USR_000547,2025-08-25,Solo Explorer,Android
USR_000548,2025-06-25,Solo Explorer,iOS
USR_000549,2026-02-08,Business,iOS
USR_000550,2025-07-14,Business,Android
USR_000551,2025-08-02,Family/Group,Android
USR_000552,2026-02-19,Family/Group,Android
USR_000553,2025-05-11,Solo Explorer,Android
USR_000554,2025-09-20,Solo Explorer,Android
USR_000555,2025-01-23,Business,Android
USR_000556,2025-07-25,Solo Explorer,Android
USR_000557,2025-11-20,Business,Android
USR_000558,2025-08-13,Solo Explorer,iOS
USR_000559,2025-11-12,Solo Explorer,iOS
USR_000560,2025-02-16,Solo Explorer,Android
USR_000561,2026-01-12,Solo Explorer,iOS
USR_000562,2025-04-22,Solo Explorer,iOS
USR_000563,2025-09-06,Business,iOS
USR_000564,2025-04-12,Business,iOS
USR_000565,2025-03-24,Solo Explorer,iOS
USR_000566,2025-04-06,Solo Explorer,iOS
USR_000567,2025-04-20,Solo Explorer,Android
USR_000568,2025-10-26,Solo Explorer,iOS
USR_000569,2025-05-05,Solo Explorer,iOS
USR_000570,2025-08-31,Business,Android
USR_000571,2026-01-23,Business,iOS
USR_000572,2025-08-28,Solo Explorer,iOS
USR_000573,2025-11-02,Solo Explorer,iOS
USR_000574,2025-06-17,Business,iOS
USR_000575,2025-08-07,Solo Explorer,iOS
USR_000576,2026-01-01,Family/Group,iOS
USR_000577,2025-03-25,Solo Explorer,iOS
USR_000578,2025-07-25,Solo Explorer,iOS
USR_000579,2025-10-12,Business,Android
USR_000580,2025-06-01,Solo Explorer,iOS
USR_000581,2025-02-27,Family/Group,iOS
USR_000582,2025-08-06,Solo Explorer,Android
USR_000583,2025-03-17,Solo Explorer,iOS
USR_000584,2025-09-21,Solo Explorer,iOS
USR_000585,2025-06-04,Business,iOS
USR_000586,2025-02-05,Solo Explorer,Android
USR_000587,2025-09-16,Solo Explorer,iOS
USR_000588,2025-04-26,Solo Explorer,Android
USR_000589,2025-09-05,Solo Explorer,Android
USR_000590,2025-08-21,Solo Explorer,iOS
USR_000591,2026-01-31,Solo Explorer,iOS
USR_000592,2025-08-21,Family/Group,iOS
USR_000593,2025-10-14,Business,iOS
USR_000594,2025-11-20,Family/Group,iOS
USR_000595,2025-01-21,Business,iOS
USR_000596,2025-06-26,Solo Explorer,Android
USR_000597,2025-05-13,Family/Group,iOS
USR_000598,2025-07-08,Solo Explorer,Android
USR_000599,2025-03-27,Family/Group,Android
USR_000600,2025-09-01,Solo Explorer,iOS
USR_000601,2025-06-08,Solo Explorer,iOS
USR_000602,2026-01-02,Solo Explorer,Android
USR_000603,2026-02-07,Family/Group,Android
USR_000604,2026-01-07,Family/Group,iOS
USR_000605,2025-05-15,Solo Explorer,iOS
USR_000606,2025-09-23,Business,iOS
USR_000607,2025-07-25,Family/Group,iOS
USR_000608,2025-07-11,Solo Explorer,iOS
USR_000609,2025-06-24,Family/Group,iOS
USR_000610,2025-06-10,Business,iOS
USR_000611,2025-09-28,Solo Explorer,iOS
USR_000612,2026-02-26,Solo Explorer,iOS
USR_000613,2025-11-03,Business,iOS
USR_000614,2025-04-24,Business,iOS
USR_000615,2025-03-03,Solo Explorer,iOS
USR_000616,2025-07-19,Business,iOS
USR_000617,2026-02-23,Solo Explorer,iOS
USR_000618,2025-07-30,Business,Android
USR_000619,2025-07-05,Solo Explorer,Android
USR_000620,2026-02-17,Solo Explorer,Android
USR_000621,2025-02-10,Family/Group,Android
USR_000622,2026-01-02,Solo Explorer,Android
USR_000623,2025-04-17,Family/Group,Android
USR_000624,2025-05-03,Business,iOS
USR_000625,2026-01-05,Family/Group,iOS
USR_000626,2025-08-12,Family/Group,iOS
USR_000627,2025-02-15,Solo Explorer,Android
USR_000628,2025-06-30,Family/Group,Android
USR_000629,2025-05-16,Business,iOS
USR_000630,2025-05-17,Business,Android
USR_000631,2025-11-05,Business,iOS
USR_000632,2025-08-13,Solo Explorer,Android
USR_000633,2025-03-25,Solo Explorer,iOS
USR_000634,2026-02-26,Solo Explorer,iOS
USR_000635,2025-04-15,Business,iOS
USR_000636,2025-03-29,Solo Explorer,iOS
USR_000637,2025-12-23,Solo Explorer,iOS
USR_000638,2025-01-11,Family/Group,iOS
USR_000639,2025-05-31,Business,Android
USR_000640,2025-11-11,Family/Group,iOS
USR_000641,2025-03-09,Solo Explorer,iOS
USR_000642,2025-05-24,Family/Group,Android
USR_000643,2025-07-12,Solo Explorer,Android
USR_000644,2025-07-02,Solo Explorer,iOS
USR_000645,2025-09-14,Business,iOS
USR_000646,2025-01-09,Family/Group,iOS
USR_000647,2025-07-03,Family/Group,Android
USR_000648,2025-12-28,Family/Group,iOS
USR_000649,2026-01-26,Solo Explorer,iOS
USR_000650,2025-08-18,Family/Group,iOS
USR_000651,2025-06-20,Family/Group,Android
USR_000652,2025-12-20,Solo Explorer,iOS
USR_000653,2026-01-01,Solo Explorer,Android
USR_000654,2025-03-05,Business,iOS
USR_000655,2025-10-09,Solo Explorer,Android
USR_000656,2025-03-29,Business,Android
USR_000657,2026-01-28,Business,Android
USR_000658,2025-04-27,Family/Group,Android
USR_000659,2026-02-09,Solo Explorer,iOS
USR_000660,2025-06-09,Solo Explorer,iOS
USR_000661,2026-02-01,Solo Explorer,iOS
USR_000662,2025-12-19,Business,Android
USR_000663,2025-12-21,Solo Explorer,Android
USR_000664,2025-08-28,Family/Group,Android
USR_000665,2025-01-03,Solo Explorer,Android
USR_000666,2025-02-05,Family/Group,iOS
USR_000667,2025-02-19,Solo Explorer,Android
USR_000668,2025-02-23,Business,iOS
USR_000669,2025-11-14,Solo Explorer,Android
USR_000670,2025-11-23,Business,iOS
USR_000671,2025-10-25,Business,iOS
USR_000672,2025-10-21,Business,iOS
USR_000673,2026-02-23,Solo Explorer,Android
USR_000674,2025-09-28,Family/Group,Android
USR_000675,2026-02-22,Solo Explorer,iOS
USR_000676,2025-06-22,Solo Explorer,Android
USR_000677,2025-08-20,Business,iOS
USR_000678,2026-02-27,Family/Group,iOS
USR_000679,2025-06-28,Solo Explorer,Android
USR_000680,2025-05-01,Solo Explorer,iOS
USR_000681,2025-03-29,Solo Explorer,Android
USR_000682,2025-11-22,Business,Android
USR_000683,2025-02-22,Solo Explorer,Android
USR_000684,2025-12-13,Family/Group,Android
USR_000685,2025-02-04,Solo Explorer,iOS
USR_000686,2026-02-24,Solo Explorer,Android
USR_000687,2025-02-13,Business,Android
USR_000688,2025-08-13,Solo Explorer,Android
USR_000689,2025-09-05,Business,iOS
USR_000690,2025-04-22,Solo Explorer,Android
USR_000691,2025-08-02,Solo Explorer,Android
USR_000692,2025-05-17,Family/Group,iOS
USR_000693,2025-02-06,Family/Group,iOS
USR_000694,2025-10-24,Business,iOS
USR_000695,2025-11-14,Family/Group,Android
USR_000696,2025-05-23,Solo Explorer,iOS
USR_000697,2025-06-25,Solo Explorer,iOS
USR_000698,2025-04-23,Business,iOS
USR_000699,2025-11-17,Business,iOS
USR_000700,2025-04-15,Family/Group,iOS
USR_000701,2025-06-07,Solo Explorer,iOS
USR_000702,2025-12-16,Family/Group,iOS
USR_000703,2025-05-28,Solo Explorer,Android
USR_000704,2025-01-31,Solo Explorer,Android
USR_000705,2025-06-18,Solo Explorer,iOS
USR_000706,2025-09-16,Solo Explorer,iOS
USR_000707,2025-01-12,Business,Android
USR_000708,2025-04-02,Business,iOS
USR_000709,2025-06-08,Business,iOS
USR_000710,2025-09-07,Business,iOS
USR_000711,2026-02-19,Solo Explorer,iOS
USR_000712,2025-10-07,Solo Explorer,iOS
USR_000713,2025-12-31,Solo Explorer,iOS
USR_000714,2025-10-15,Business,iOS
USR_000715,2025-06-21,Solo Explorer,Android
USR_000716,2025-11-21,Solo Explorer,iOS
USR_000717,2025-09-14,Solo Explorer,Android
USR_000718,2025-07-10,Solo Explorer,iOS
USR_000719,2025-09-20,Family/Group,iOS
USR_000720,2026-01-15,Business,iOS
USR_000721,2025-10-01,Solo Explorer,Android
USR_000722,2026-01-15,Solo Explorer,Android
USR_000723,2026-02-26,Business,Android
USR_000724,2025-02-27,Solo Explorer,Android
USR_000725,2025-11-17,Business,Android
USR_000726,2025-06-29,Business,Android
USR_000727,2025-01-08,Family/Group,Android
USR_000728,2025-10-17,Solo Explorer,Android
USR_000729,2026-01-11,Family/Group,iOS
USR_000730,2026-02-18,Solo Explorer,iOS
USR_000731,2026-02-16,Solo Explorer,iOS
USR_000732,2025-08-11,Solo Explorer,Android
USR_000733,2025-12-01,Solo Explorer,Android
USR_000734,2025-03-16,Solo Explorer,Android
USR_000735,2026-02-13,Solo Explorer,iOS
USR_000736,2025-07-27,Business,iOS
USR_000737,2025-11-12,Solo Explorer,iOS
USR_000738,2025-06-25,Family/Group,iOS
USR_000739,2025-03-04,Family/Group,Android
USR_000740,2025-10-22,Solo Explorer,iOS
USR_000741,2025-02-13,Family/Group,Android
USR_000742,2025-03-06,Family/Group,iOS
USR_000743,2025-09-15,Business,Android
USR_000744,2025-02-03,Business,Android
USR_000745,2026-01-05,Solo Explorer,iOS
USR_000746,2025-02-27,Solo Explorer,iOS
USR_000747,2025-01-26,Business,Android
USR_000748,2025-09-02,Business,Android
USR_000749,2025-04-22,Business,iOS
USR_000750,2025-08-21,Business,Android
USR_000751,2025-10-30,Family/Group,iOS
USR_000752,2025-04-19,Solo Explorer,Android
USR_000753,2025-09-26,Solo Explorer,Android
USR_000754,2025-06-30,Solo Explorer,Android
USR_000755,2025-11-05,Solo Explorer,iOS
USR_000756,2025-08-01,Solo Explorer,iOS
USR_000757,2025-10-04,Solo Explorer,iOS
USR_000758,2025-10-23,Solo Explorer,Android
USR_000759,2025-08-18,Business,Android
USR_000760,2025-03-05,Family/Group,iOS
USR_000761,2025-04-30,Solo Explorer,iOS
USR_000762,2025-03-24,Solo Explorer,Android
USR_000763,2025-08-28,Solo Explorer,iOS
USR_000764,2025-07-29,Solo Explorer,Android
USR_000765,2025-05-26,Solo Explorer,iOS
USR_000766,2026-02-03,Solo Explorer,iOS
USR_000767,2025-03-11,Solo Explorer,iOS
USR_000768,2025-09-09,Family/Group,iOS
USR_000769,2025-11-18,Solo Explorer,iOS
USR_000770,2025-07-08,Business,Android
USR_000771,2025-05-12,Family/Group,Android
USR_000772,2025-07-28,Solo Explorer,iOS
USR_000773,2025-05-10,Solo Explorer,iOS
USR_000774,2025-08-21,Solo Explorer,iOS
USR_000775,2025-10-08,Business,iOS
USR_000776,2026-01-21,Business,Android
USR_000777,2025-04-16,Solo Explorer,iOS
USR_000778,2025-11-04,Solo Explorer,iOS
USR_000779,2025-10-23,Business,iOS
USR_000780,2025-12-01,Solo Explorer,Android
USR_000781,2025-06-06,Solo Explorer,iOS
USR_000782,2025-11-06,Solo Explorer,iOS
USR_000783,2026-01-17,Solo Explorer,Android
USR_000784,2025-08-06,Solo Explorer,iOS
USR_000785,2025-06-05,Solo Explorer,Android
USR_000786,2025-01-21,Family/Group,iOS
USR_000787,2025-06-12,Business,iOS
USR_000788,2025-02-23,Business,iOS
USR_000789,2025-04-19,Family/Group,iOS
USR_000790,2025-04-30,Solo Explorer,iOS
USR_000791,2025-02-27,Business,iOS
USR_000792,2026-01-08,Business,iOS
USR_000793,2025-11-21,Solo Explorer,Android
USR_000794,2025-10-07,Business,Android
USR_000795,2025-07-12,Solo Explorer,iOS
USR_000796,2025-02-04,Solo Explorer,iOS
USR_000797,2025-09-15,Business,iOS
USR_000798,2025-03-18,Solo Explorer,iOS
USR_000799,2026-02-07,Solo Explorer,Android
USR_000800,2025-10-31,Solo Explorer,iOS
USR_000801,2026-01-24,Business,Android
USR_000802,2025-01-20,Solo Explorer,iOS
USR_000803,2025-11-20,Solo Explorer,Android
USR_000804,2025-04-21,Solo Explorer,iOS
USR_000805,2025-12-20,Solo Explorer,Android
USR_000806,2025-09-28,Solo Explorer,iOS
USR_000807,2025-12-18,Solo Explorer,iOS
USR_000808,2025-02-04,Solo Explorer,Android
USR_000809,2025-09-24,Solo Explorer,Android
USR_000810,2025-05-08,Family/Group,Android
USR_000811,2025-05-05,Solo Explorer,iOS
USR_000812,2025-12-25,Family/Group,Android
USR_000813,2025-05-24,Business,Android
USR_000814,2025-12-02,Family/Group,iOS
USR_000815,2025-06-03,Solo Explorer,iOS
USR_000816,2025-10-30,Family/Group,Android
USR_000817,2025-06-09,Family/Group,iOS
USR_000818,2025-02-18,Business,Android
USR_000819,2026-02-22,Business,Android
USR_000820,2025-06-03,Solo Explorer,iOS
USR_000821,2026-01-16,Solo Explorer,iOS
USR_000822,2025-11-01,Family/Group,Android
USR_000823,2025-12-22,Solo Explorer,Android
USR_000824,2025-08-20,Business,Android
USR_000825,2025-09-01,Family/Group,Android
USR_000826,2025-04-01,Solo Explorer,Android
USR_000827,2025-04-20,Solo Explorer,iOS
USR_000828,2025-04-18,Solo Explorer,iOS
USR_000829,2026-01-14,Solo Explorer,Android
USR_000830,2026-01-16,Family/Group,iOS
USR_000831,2025-09-02,Solo Explorer,iOS
USR_000832,2025-10-06,Family/Group,Android
USR_000833,2025-06-01,Solo Explorer,iOS
USR_000834,2026-01-28,Business,iOS
USR_000835,2026-01-17,Solo Explorer,iOS
USR_000836,2025-12-11,Family/Group,iOS
USR_000837,2025-01-24,Solo Explorer,Android
USR_000838,2025-08-02,Solo Explorer,Android
USR_000839,2025-05-11,Solo Explorer,iOS
USR_000840,2026-01-20,Family/Group,Android
USR_000841,2025-07-28,Family/Group,iOS
USR_000842,2025-02-02,Solo Explorer,iOS
USR_000843,2025-11-27,Solo Explorer,Android
USR_000844,2025-07-12,Family/Group,iOS
USR_000845,2025-01-26,Business,iOS
USR_000846,2025-03-09,Solo Explorer,iOS
USR_000847,2025-04-02,Business,Android
USR_000848,2025-09-30,Solo Explorer,iOS
USR_000849,2025-04-19,Solo Explorer,Android
USR_000850,2025-02-16,Business,iOS
USR_000851,2026-02-23,Solo Explorer,Android
USR_000852,2025-08-16,Solo Explorer,iOS
USR_000853,2026-02-04,Family/Group,Android
USR_000854,2025-11-16,Solo Explorer,Android
USR_000855,2025-04-09,Business,Android
USR_000856,2025-09-08,Solo Explorer,Android
USR_000857,2025-11-02,Business,iOS
USR_000858,2025-07-28,Solo Explorer,iOS
USR_000859,2025-02-28,Solo Explorer,Android
USR_000860,2025-08-05,Solo Explorer,iOS
USR_000861,2026-01-15,Solo Explorer,iOS
USR_000862,2025-03-14,Family/Group,iOS
USR_000863,2025-10-06,Family/Group,Android
USR_000864,2025-11-05,Business,Android
USR_000865,2025-06-14,Business,iOS
USR_000866,2025-08-09,Solo Explorer,iOS
USR_000867,2025-04-12,Solo Explorer,iOS
USR_000868,2025-02-07,Business,Android
USR_000869,2025-12-23,Solo Explorer,Android
USR_000870,2025-05-03,Solo Explorer,iOS
USR_000871,2025-11-29,Solo Explorer,Android
USR_000872,2025-04-13,Business,iOS
USR_000873,2025-08-01,Solo Explorer,Android
USR_000874,2025-07-14,Family/Group,Android
USR_000875,2025-05-09,Solo Explorer,Android
USR_000876,2025-08-26,Solo Explorer,Android
USR_000877,2025-03-12,Solo Explorer,Android
USR_000878,2026-01-06,Solo Explorer,Android
USR_000879,2025-06-25,Solo Explorer,iOS
USR_000880,2025-09-24,Solo Explorer,Android
USR_000881,2025-11-25,Business,Android
USR_000882,2025-06-27,Solo Explorer,iOS
USR_000883,2025-03-21,Solo Explorer,Android
USR_000884,2025-08-21,Solo Explorer,Android
USR_000885,2025-04-14,Solo Explorer,Android
USR_000886,2025-01-07,Solo Explorer,Android
USR_000887,2025-06-15,Solo Explorer,Android
USR_000888,2025-12-10,Business,Android
USR_000889,2025-03-20,Solo Explorer,Android
USR_000890,2025-10-26,Business,iOS
USR_000891,2025-09-02,Business,Android
USR_000892,2025-03-07,Solo Explorer,Android
USR_000893,2025-08-10,Family/Group,Android
USR_000894,2025-08-23,Business,Android
USR_000895,2026-01-31,Solo Explorer,Android
USR_000896,2025-08-18,Family/Group,Android
USR_000897,2025-07-05,Business,iOS
USR_000898,2025-07-07,Solo Explorer,iOS
USR_000899,2025-02-25,Family/Group,Android
USR_000900,2025-09-03,Business,Android
USR_000901,2025-11-23,Solo Explorer,iOS
USR_000902,2025-05-15,Solo Explorer,iOS
USR_000903,2025-02-26,Business,Android
USR_000904,2025-01-11,Family/Group,iOS
USR_000905,2025-02-16,Solo Explorer,iOS
USR_000906,2026-01-25,Solo Explorer,iOS
USR_000907,2025-11-09,Solo Explorer,Android
USR_000908,2026-02-22,Family/Group,Android
USR_000909,2025-08-29,Solo Explorer,Android
USR_000910,2025-06-07,Solo Explorer,Android
USR_000911,2025-10-31,Solo Explorer,Android
USR_000912,2025-12-06,Solo Explorer,Android
USR_000913,2025-03-08,Solo Explorer,iOS
USR_000914,2025-02-12,Solo Explorer,iOS
USR_000915,2025-05-17,Family/Group,Android
USR_000916,2025-04-17,Solo Explorer,Android
USR_000917,2025-09-27,Solo Explorer,iOS
USR_000918,2025-04-09,Solo Explorer,iOS
USR_000919,2025-04-02,Family/Group,Android
USR_000920,2025-11-30,Solo Explorer,iOS
USR_000921,2025-07-24,Solo Explorer,Android
USR_000922,2026-02-01,Solo Explorer,iOS
USR_000923,2025-05-10,Solo Explorer,iOS
USR_000924,2025-03-21,Solo Explorer,Android
USR_000925,2026-01-31,Solo Explorer,Android
USR_000926,2025-01-10,Solo Explorer,Android
USR_000927,2025-10-10,Solo Explorer,iOS
USR_000928,2025-05-20,Business,Android
USR_000929,2025-11-22,Family/Group,Android
USR_000930,2025-11-20,Solo Explorer,iOS
USR_000931,2025-03-02,Solo Explorer,iOS
USR_000932,2025-02-10,Solo Explorer,Android
USR_000933,2026-02-05,Solo Explorer,Android
USR_000934,2025-02-23,Business,iOS
USR_000935,2025-08-30,Business,iOS
USR_000936,2025-12-21,Solo Explorer,Android
USR_000937,2025-08-15,Solo Explorer,iOS
USR_000938,2025-07-08,Family/Group,iOS
USR_000939,2026-01-19,Solo Explorer,Android
USR_000940,2025-07-10,Family/Group,Android
USR_000941,2025-11-15,Solo Explorer,Android
USR_000942,2025-09-27,Solo Explorer,Android
USR_000943,2025-01-02,Business,iOS
USR_000944,2025-08-27,Business,Android
USR_000945,2025-07-04,Solo Explorer,iOS
USR_000946,2025-02-16,Solo Explorer,Android
USR_000947,2025-03-14,Family/Group,Android
USR_000948,2026-02-08,Business,iOS
USR_000949,2025-10-17,Family/Group,iOS
USR_000950,2025-03-07,Business,Android
USR_000951,2025-11-03,Solo Explorer,Android
USR_000952,2025-02-18,Family/Group,iOS
USR_000953,2025-04-12,Family/Group,Android
USR_000954,2025-09-02,Solo Explorer,iOS
USR_000955,2025-09-11,Family/Group,iOS
USR_000956,2025-07-01,Solo Explorer,Android
USR_000957,2025-04-16,Business,Android
USR_000958,2025-05-08,Solo Explorer,iOS
USR_000959,2025-11-12,Solo Explorer,Android
USR_000960,2025-06-11,Solo Explorer,iOS
USR_000961,2025-07-25,Solo Explorer,Android
USR_000962,2025-08-25,Solo Explorer,Android
USR_000963,2025-09-12,Solo Explorer,Android
USR_000964,2025-07-12,Solo Explorer,iOS
USR_000965,2025-02-08,Solo Explorer,iOS
USR_000966,2025-05-16,Solo Explorer,Android
USR_000967,2025-12-18,Business,Android
USR_000968,2025-03-21,Solo Explorer,Android
USR_000969,2025-02-17,Solo Explorer,Android
USR_000970,2025-11-08,Solo Explorer,iOS
USR_000971,2025-03-07,Family/Group,iOS
USR_000972,2025-02-28,Business,Android
USR_000973,2025-06-03,Business,iOS
USR_000974,2025-03-13,Business,iOS
USR_000975,2025-12-25,Solo Explorer,Android
USR_000976,2025-12-03,Solo Explorer,iOS
USR_000977,2025-10-25,Solo Explorer,iOS
USR_000978,2025-06-16,Solo Explorer,Android
USR_000979,2025-12-13,Solo Explorer,Android
USR_000980,2025-07-10,Solo Explorer,iOS
USR_000981,2026-01-08,Solo Explorer,Android
USR_000982,2025-10-25,Solo Explorer,Android
USR_000983,2026-02-13,Solo Explorer,Android
USR_000984,2026-02-27,Family/Group,Android
USR_000985,2025-10-06,Business,iOS
USR_000986,2026-01-12,Solo Explorer,iOS
USR_000987,2026-01-26,Business,iOS
USR_000988,2025-05-20,Solo Explorer,Android
USR_000989,2025-06-20,Solo Explorer,Android
USR_000990,2025-08-07,Business,Android
USR_000991,2026-01-02,Business,iOS
USR_000992,2025-06-30,Business,Android
USR_000993,2025-07-07,Solo Explorer,iOS
USR_000994,2025-02-13,Solo Explorer,Android
USR_000995,2025-10-29,Family/Group,iOS
USR_000996,2025-05-15,Business,Android
USR_000997,2025-09-05,Solo Explorer,iOS
USR_000998,2025-01-22,Business,iOS
USR_000999,2025-04-21,Business,Android
USR_001000,2026-01-18,Business,iOS
USR_001001,2025-01-30,Solo Explorer,Android
USR_001002,2025-06-19,Solo Explorer,Android
USR_001003,2025-01-01,Solo Explorer,iOS
USR_001004,2025-06-06,Business,Android
USR_001005,2025-05-18,Solo Explorer,iOS
USR_001006,2025-04-25,Solo Explorer,Android
USR_001007,2026-02-13,Business,iOS
USR_001008,2025-10-18,Business,iOS
USR_001009,2025-09-19,Family/Group,iOS
USR_001010,2025-05-03,Solo Explorer,iOS
USR_001011,2026-01-14,Business,iOS
USR_001012,2025-10-05,Solo Explorer,Android
USR_001013,2025-05-17,Family/Group,iOS
USR_001014,2025-08-17,Solo Explorer,Android
USR_001015,2025-01-02,Solo Explorer,iOS
USR_001016,2025-01-26,Business,Android
USR_001017,2025-06-21,Family/Group,Android
USR_001018,2025-04-20,Business,iOS
USR_001019,2025-07-04,Family/Group,iOS
USR_001020,2025-05-11,Business,Android
USR_001021,2025-09-18,Business,iOS
USR_001022,2025-06-12,Solo Explorer,Android
USR_001023,2025-09-30,Family/Group,iOS
USR_001024,2025-01-01,Business,Android
USR_001025,2025-11-22,Solo Explorer,Android
USR_001026,2026-01-18,Business,iOS
USR_001027,2025-10-19,Solo Explorer,Android
USR_001028,2025-06-25,Business,Android
USR_001029,2025-01-26,Solo Explorer,iOS
USR_001030,2025-07-22,Solo Explorer,Android
USR_001031,2025-05-13,Solo Explorer,iOS
USR_001032,2025-02-28,Solo Explorer,Android
USR_001033,2026-01-10,Solo Explorer,Android
USR_001034,2025-05-09,Solo Explorer,iOS
USR_001035,2025-03-20,Solo Explorer,iOS
USR_001036,2025-05-28,Solo Explorer,iOS
USR_001037,2026-02-24,Family/Group,iOS
USR_001038,2025-08-19,Family/Group,Android
USR_001039,2025-11-02,Solo Explorer,iOS
USR_001040,2025-10-08,Solo Explorer,Android
USR_001041,2025-08-17,Solo Explorer,iOS
USR_001042,2025-01-20,Solo Explorer,Android
USR_001043,2025-08-15,Solo Explorer,Android
USR_001044,2025-03-31,Solo Explorer,iOS
USR_001045,2026-01-01,Business,iOS
USR_001046,2025-07-25,Business,Android
USR_001047,2025-10-29,Family/Group,Android
USR_001048,2025-10-24,Solo Explorer,iOS
USR_001049,2025-02-04,Solo Explorer,iOS
USR_001050,2025-07-24,Solo Explorer,Android
USR_001051,2025-02-17,Business,Android
USR_001052,2025-03-17,Business,Android
USR_001053,2026-02-25,Family/Group,iOS
USR_001054,2025-06-26,Business,Android
USR_001055,2026-02-10,Business,iOS
USR_001056,2026-01-04,Business,Android
USR_001057,2025-03-03,Solo Explorer,iOS
USR_001058,2025-01-27,Business,Android
USR_001059,2025-12-15,Solo Explorer,Android
USR_001060,2025-05-10,Business,Android
USR_001061,2025-04-09,Business,Android
USR_001062,2025-12-05,Solo Explorer,Android
USR_001063,2025-04-25,Business,iOS
USR_001064,2025-02-22,Solo Explorer,Android
USR_001065,2025-11-05,Solo Explorer,iOS
USR_001066,2026-02-08,Business,iOS
USR_001067,2025-01-10,Business,iOS
USR_001068,2025-04-27,Solo Explorer,Android
USR_001069,2025-03-19,Family/Group,Android
USR_001070,2025-03-20,Family/Group,iOS
USR_001071,2025-09-25,Business,iOS
USR_001072,2026-01-13,Solo Explorer,iOS
USR_001073,2025-08-02,Solo Explorer,iOS
USR_001074,2025-11-09,Solo Explorer,Android
USR_001075,2025-09-15,Solo Explorer,Android
USR_001076,2026-01-05,Solo Explorer,iOS
USR_001077,2025-01-16,Business,iOS
USR_001078,2025-08-24,Business,iOS
USR_001079,2026-01-17,Solo Explorer,Android
USR_001080,2025-06-27,Business,Android
USR_001081,2025-12-11,Solo Explorer,iOS
USR_001082,2025-11-20,Solo Explorer,Android
USR_001083,2025-06-14,Solo Explorer,iOS
USR_001084,2026-02-06,Family/Group,iOS
USR_001085,2026-02-05,Business,Android
USR_001086,2026-01-29,Solo Explorer,iOS
USR_001087,2026-02-12,Solo Explorer,Android
USR_001088,2025-06-05,Solo Explorer,Android
USR_001089,2025-12-21,Solo Explorer,Android
USR_001090,2025-06-04,Business,iOS
USR_001091,2025-12-27,Solo Explorer,iOS
USR_001092,2025-04-07,Family/Group,Android
USR_001093,2026-01-15,Solo Explorer,iOS
USR_001094,2026-01-04,Solo Explorer,iOS
USR_001095,2025-07-20,Solo Explorer,Android
USR_001096,2025-10-28,Solo Explorer,Android
USR_001097,2025-06-16,Solo Explorer,Android
USR_001098,2025-06-10,Family/Group,iOS
USR_001099,2026-02-03,Family/Group,Android
USR_001100,2025-01-07,Business,iOS
USR_001101,2025-05-15,Business,Android
USR_001102,2025-08-26,Solo Explorer,iOS
USR_001103,2025-10-20,Solo Explorer,iOS
USR_001104,2025-06-19,Solo Explorer,iOS
USR_001105,2026-02-09,Solo Explorer,iOS
USR_001106,2025-01-06,Family/Group,iOS
USR_001107,2025-08-08,Family/Group,iOS
USR_001108,2026-01-10,Family/Group,Android
USR_001109,2025-08-03,Solo Explorer,iOS
USR_001110,2025-07-22,Business,iOS
USR_001111,2026-02-06,Solo Explorer,Android
USR_001112,2025-11-10,Business,iOS
USR_001113,2025-01-20,Family/Group,iOS
USR_001114,2025-07-21,Business,iOS
USR_001115,2025-01-28,Solo Explorer,Android
USR_001116,2025-06-22,Solo Explorer,iOS
USR_001117,2025-10-06,Business,iOS
USR_001118,2025-05-21,Business,iOS
USR_001119,2025-04-10,Solo Explorer,iOS
USR_001120,2025-05-23,Family/Group,iOS
USR_001121,2025-06-22,Family/Group,iOS
USR_001122,2025-08-27,Solo Explorer,iOS
USR_001123,2025-09-15,Business,iOS
USR_001124,2025-08-17,Solo Explorer,iOS
USR_001125,2026-01-01,Business,Android
USR_001126,2025-02-25,Business,iOS
USR_001127,2026-01-24,Business,Android
USR_001128,2025-10-24,Business,iOS
USR_001129,2025-04-28,Solo Explorer,Android
USR_001130,2025-09-24,Business,iOS
USR_001131,2025-12-22,Business,Android
USR_001132,2025-05-21,Solo Explorer,Android
USR_001133,2025-05-18,Solo Explorer,iOS
USR_001134,2025-01-04,Family/Group,iOS
USR_001135,2025-05-11,Solo Explorer,Android
USR_001136,2025-03-10,Solo Explorer,Android
USR_001137,2025-11-30,Family/Group,iOS
USR_001138,2026-01-06,Solo Explorer,iOS
USR_001139,2026-02-19,Solo Explorer,Android
USR_001140,2025-01-11,Family/Group,iOS
USR_001141,2026-02-17,Business,Android
USR_001142,2025-01-04,Solo Explorer,Android
USR_001143,2025-09-25,Solo Explorer,iOS
USR_001144,2025-10-25,Solo Explorer,iOS
USR_001145,2025-02-05,Solo Explorer,iOS
USR_001146,2025-12-21,Business,iOS
USR_001147,2025-04-14,Solo Explorer,iOS
USR_001148,2026-01-16,Business,iOS
USR_001149,2025-05-09,Business,iOS
USR_001150,2025-06-24,Solo Explorer,Android
USR_001151,2025-01-18,Solo Explorer,Android
USR_001152,2025-01-30,Solo Explorer,iOS
USR_001153,2025-07-18,Business,Android
USR_001154,2025-02-07,Family/Group,Android
USR_001155,2025-01-16,Family/Group,Android
USR_001156,2025-11-20,Family/Group,iOS
USR_001157,2025-07-16,Solo Explorer,iOS
USR_001158,2025-06-09,Family/Group,Android
USR_001159,2025-03-20,Solo Explorer,iOS
USR_001160,2025-04-17,Family/Group,iOS
USR_001161,2025-03-23,Business,Android
USR_001162,2025-03-24,Solo Explorer,iOS
USR_001163,2025-06-05,Solo Explorer,iOS
USR_001164,2025-06-06,Business,iOS
USR_001165,2025-08-18,Family/Group,Android
USR_001166,2026-01-21,Solo Explorer,Android
USR_001167,2026-01-09,Family/Group,iOS
USR_001168,2025-01-10,Solo Explorer,Android
USR_001169,2026-01-19,Business,Android
USR_001170,2026-02-02,Business,Android
USR_001171,2025-03-20,Family/Group,iOS
USR_001172,2025-12-21,Family/Group,iOS
USR_001173,2025-02-08,Solo Explorer,Android
USR_001174,2025-01-31,Business,iOS
USR_001175,2025-08-31,Solo Explorer,iOS
USR_001176,2025-03-15,Family/Group,Android
USR_001177,2025-04-18,Solo Explorer,Android
USR_001178,2025-12-06,Solo Explorer,iOS
USR_001179,2025-03-14,Business,iOS
USR_001180,2025-05-23,Business,Android
USR_001181,2025-12-21,Solo Explorer,iOS
USR_001182,2026-01-07,Business,iOS
USR_001183,2025-05-10,Family/Group,Android
USR_001184,2025-02-15,Solo Explorer,Android
USR_001185,2026-01-10,Solo Explorer,iOS
USR_001186,2025-10-22,Solo Explorer,iOS
USR_001187,2025-04-12,Family/Group,iOS
USR_001188,2025-03-29,Business,iOS
USR_001189,2025-02-19,Solo Explorer,iOS
USR_001190,2025-01-10,Family/Group,Android
USR_001191,2025-09-20,Business,Android
USR_001192,2025-07-13,Solo Explorer,iOS
USR_001193,2025-10-26,Solo Explorer,Android
USR_001194,2025-02-12,Business,Android
USR_001195,2025-05-02,Family/Group,iOS
USR_001196,2025-05-09,Business,Android
USR_001197,2025-09-07,Business,Android
USR_001198,2025-08-05,Solo Explorer,Android
USR_001199,2025-10-22,Solo Explorer,iOS
USR_001200,2025-03-03,Business,iOS
USR_001201,2025-12-15,Solo Explorer,Android
USR_001202,2025-12-14,Business,iOS
USR_001203,2026-01-22,Solo Explorer,Android
USR_001204,2025-11-17,Solo Explorer,Android
USR_001205,2025-01-01,Family/Group,Android
USR_001206,2025-08-25,Business,Android
USR_001207,2025-12-21,Family/Group,iOS
USR_001208,2025-02-12,Solo Explorer,Android
USR_001209,2025-09-15,Business,iOS
USR_001210,2025-10-10,Family/Group,iOS
USR_001211,2025-06-22,Solo Explorer,Android
USR_001212,2025-08-15,Solo Explorer,iOS
USR_001213,2025-02-05,Family/Group,Android
USR_001214,2025-11-14,Solo Explorer,Android
USR_001215,2025-06-02,Solo Explorer,Android
USR_001216,2025-11-02,Solo Explorer,Android
USR_001217,2025-05-29,Solo Explorer,iOS
USR_001218,2025-11-18,Solo Explorer,Android
USR_001219,2025-04-06,Business,iOS
USR_001220,2026-01-27,Solo Explorer,Android
USR_001221,2025-01-04,Business,Android
USR_001222,2025-12-03,Family/Group,iOS
USR_001223,2025-05-18,Business,Android
USR_001224,2025-04-10,Family/Group,Android
USR_001225,2025-09-07,Solo Explorer,iOS
USR_001226,2025-07-12,Solo Explorer,iOS
USR_001227,2025-09-24,Solo Explorer,iOS
USR_001228,2025-04-14,Solo Explorer,Android
USR_001229,2026-02-02,Solo Explorer,iOS
USR_001230,2025-09-01,Business,Android
USR_001231,2025-08-14,Solo Explorer,iOS
USR_001232,2025-04-14,Business,Android
USR_001233,2025-09-08,Solo Explorer,Android
USR_001234,2026-01-09,Business,iOS
USR_001235,2026-02-19,Family/Group,iOS
USR_001236,2025-11-25,Business,Android
USR_001237,2025-01-20,Solo Explorer,iOS
USR_001238,2025-02-13,Solo Explorer,Android
USR_001239,2025-05-06,Solo Explorer,iOS
USR_001240,2025-04-24,Family/Group,Android
USR_001241,2025-08-18,Family/Group,Android
USR_001242,2025-01-26,Business,iOS
USR_001243,2025-03-21,Business,Android
USR_001244,2025-10-30,Family/Group,Android
USR_001245,2025-08-12,Solo Explorer,Android
USR_001246,2025-10-29,Business,iOS
USR_001247,2025-08-31,Business,Android
USR_001248,2025-07-15,Solo Explorer,Android
USR_001249,2025-12-11,Family/Group,Android
USR_001250,2025-10-13,Business,Android
USR_001251,2025-05-31,Business,iOS
USR_001252,2025-02-27,Solo Explorer,Android
USR_001253,2026-02-04,Business,Android
USR_001254,2025-11-29,Solo Explorer,iOS
USR_001255,2025-04-12,Family/Group,Android
USR_001256,2025-07-18,Family/Group,Android
USR_001257,2025-05-01,Solo Explorer,Android
USR_001258,2025-09-08,Solo Explorer,Android
USR_001259,2025-08-22,Business,iOS
USR_001260,2025-10-06,Business,Android
USR_001261,2025-09-04,Business,Android
USR_001262,2026-02-09,Business,Android
USR_001263,2025-05-04,Business,iOS
USR_001264,2025-11-10,Solo Explorer,Android
USR_001265,2025-06-15,Solo Explorer,iOS
USR_001266,2025-08-17,Solo Explorer,Android
USR_001267,2026-02-17,Business,iOS
USR_001268,2025-01-07,Business,Android
USR_001269,2025-12-13,Family/Group,Android
USR_001270,2025-07-09,Business,Android
USR_001271,2025-09-07,Family/Group,iOS
USR_001272,2025-03-30,Business,iOS
USR_001273,2025-08-08,Solo Explorer,Android
USR_001274,2025-10-19,Business,iOS
USR_001275,2025-08-19,Solo Explorer,Android
USR_001276,2025-03-05,Solo Explorer,Android
USR_001277,2026-02-22,Solo Explorer,Android
USR_001278,2025-06-13,Family/Group,Android
USR_001279,2025-11-26,Business,Android
USR_001280,2025-12-05,Solo Explorer,Android
USR_001281,2025-04-30,Family/Group,Android
USR_001282,2025-09-15,Solo Explorer,Android
USR_001283,2025-02-12,Solo Explorer,Android
USR_001284,2025-02-24,Business,Android
USR_001285,2025-11-13,Business,iOS
USR_001286,2025-11-11,Solo Explorer,iOS
USR_001287,2025-10-30,Solo Explorer,Android
USR_001288,2025-02-19,Solo Explorer,Android
USR_001289,2025-02-26,Family/Group,iOS
USR_001290,2025-03-24,Business,iOS
USR_001291,2025-08-23,Business,Android
USR_001292,2025-12-06,Solo Explorer,iOS
USR_001293,2025-01-24,Solo Explorer,iOS
USR_001294,2025-06-20,Solo Explorer,Android
USR_001295,2025-08-18,Family/Group,Android
USR_001296,2025-10-17,Solo Explorer,Android
USR_001297,2025-04-20,Family/Group,Android
USR_001298,2025-11-03,Solo Explorer,Android
USR_001299,2025-09-25,Solo Explorer,Android
USR_001300,2026-02-03,Solo Explorer,Android
USR_001301,2025-06-21,Solo Explorer,iOS
USR_001302,2025-05-21,Solo Explorer,Android
USR_001303,2025-12-25,Business,Android
USR_001304,2025-02-22,Solo Explorer,iOS
USR_001305,2026-01-14,Solo Explorer,iOS
USR_001306,2025-07-02,Solo Explorer,Android
USR_001307,2025-02-24,Solo Explorer,Android
USR_001308,2025-12-17,Solo Explorer,iOS
USR_001309,2025-08-26,Family/Group,Android
USR_001310,2025-10-11,Family/Group,iOS
USR_001311,2025-05-11,Business,Android
USR_001312,2025-06-22,Solo Explorer,iOS
USR_001313,2025-10-07,Solo Explorer,Android
USR_001314,2025-09-15,Family/Group,iOS
USR_001315,2025-10-06,Solo Explorer,iOS
USR_001316,2025-03-26,Solo Explorer,Android
USR_001317,2025-03-05,Family/Group,iOS
USR_001318,2025-04-19,Business,Android
USR_001319,2025-03-01,Solo Explorer,Android
USR_001320,2026-01-29,Business,Android
USR_001321,2025-11-11,Business,Android
USR_001322,2025-07-22,Business,iOS
USR_001323,2025-04-26,Family/Group,iOS
USR_001324,2025-08-15,Solo Explorer,Android
USR_001325,2026-02-01,Solo Explorer,Android
USR_001326,2026-01-26,Solo Explorer,Android
USR_001327,2025-05-09,Family/Group,Android
USR_001328,2025-05-20,Solo Explorer,Android
USR_001329,2026-01-11,Family/Group,iOS
USR_001330,2026-01-14,Solo Explorer,Android
USR_001331,2025-10-14,Solo Explorer,Android
USR_001332,2025-06-10,Solo Explorer,iOS
USR_001333,2025-12-20,Solo Explorer,Android
USR_001334,2025-09-09,Solo Explorer,Android
USR_001335,2026-02-09,Family/Group,iOS
USR_001336,2025-07-24,Business,Android
USR_001337,2025-10-22,Solo Explorer,iOS
USR_001338,2025-03-02,Family/Group,iOS
USR_001339,2025-06-23,Solo Explorer,iOS
USR_001340,2025-09-25,Solo Explorer,iOS
USR_001341,2025-01-06,Business,Android
USR_001342,2025-06-28,Solo Explorer,Android
USR_001343,2025-08-07,Solo Explorer,Android
USR_001344,2025-05-03,Solo Explorer,iOS
USR_001345,2025-04-02,Family/Group,Android
USR_001346,2025-09-14,Solo Explorer,Android
USR_001347,2026-01-07,Solo Explorer,iOS
USR_001348,2025-05-06,Solo Explorer,iOS
USR_001349,2025-02-03,Solo Explorer,Android
USR_001350,2025-05-06,Family/Group,Android
USR_001351,2025-01-31,Family/Group,Android
USR_001352,2025-07-20,Solo Explorer,Android
USR_001353,2025-11-11,Solo Explorer,Android
USR_001354,2025-08-09,Business,Android
USR_001355,2026-01-02,Solo Explorer,iOS
USR_001356,2025-11-16,Solo Explorer,Android
USR_001357,2025-05-22,Business,iOS
USR_001358,2025-09-24,Solo Explorer,iOS
USR_001359,2025-02-23,Family/Group,Android
USR_001360,2025-04-13,Solo Explorer,Android
USR_001361,2026-02-11,Solo Explorer,iOS
USR_001362,2025-03-16,Business,Android
USR_001363,2025-01-31,Solo Explorer,Android
USR_001364,2025-04-12,Solo Explorer,Android
USR_001365,2025-12-02,Business,iOS
USR_001366,2025-02-03,Solo Explorer,iOS
USR_001367,2026-01-10,Solo Explorer,iOS
USR_001368,2025-03-17,Solo Explorer,iOS
USR_001369,2026-01-06,Solo Explorer,Android
USR_001370,2025-03-07,Business,iOS
USR_001371,2026-02-27,Family/Group,iOS
USR_001372,2025-01-05,Solo Explorer,Android
USR_001373,2025-04-02,Family/Group,Android
USR_001374,2025-06-09,Solo Explorer,iOS
USR_001375,2025-03-24,Solo Explorer,Android
USR_001376,2025-07-17,Solo Explorer,iOS
USR_001377,2025-11-25,Business,iOS
USR_001378,2025-11-05,Family/Group,Android
USR_001379,2026-01-10,Solo Explorer,Android
USR_001380,2026-01-11,Solo Explorer,iOS
USR_001381,2025-09-25,Business,iOS
USR_001382,2025-04-03,Family/Group,Android
USR_001383,2025-05-06,Solo Explorer,Android
USR_001384,2025-11-08,Solo Explorer,iOS
USR_001385,2025-02-10,Business,Android
USR_001386,2025-01-05,Solo Explorer,Android
USR_001387,2026-01-02,Business,iOS
USR_001388,2025-07-24,Solo Explorer,Android
USR_001389,2025-01-30,Solo Explorer,iOS
USR_001390,2025-11-08,Business,iOS
USR_001391,2025-02-14,Family/Group,Android
USR_001392,2025-12-07,Family/Group,Android
USR_001393,2026-02-07,Solo Explorer,iOS
USR_001394,2026-02-01,Solo Explorer,Android
USR_001395,2025-01-29,Family/Group,iOS
USR_001396,2025-01-01,Solo Explorer,Android
USR_001397,2025-08-03,Solo Explorer,iOS
USR_001398,2025-11-03,Solo Explorer,iOS
USR_001399,2026-02-07,Family/Group,Android
USR_001400,2025-02-23,Family/Group,Android
USR_001401,2025-09-28,Solo Explorer,iOS
USR_001402,2025-08-03,Business,Android
USR_001403,2025-06-01,Family/Group,iOS
USR_001404,2025-01-04,Business,iOS
USR_001405,2026-01-29,Solo Explorer,Android
USR_001406,2026-01-26,Family/Group,iOS
USR_001407,2025-04-01,Solo Explorer,iOS
USR_001408,2025-07-14,Business,iOS
USR_001409,2026-01-11,Business,Android
USR_001410,2025-12-23,Business,iOS
USR_001411,2025-01-22,Business,iOS
USR_001412,2025-02-22,Solo Explorer,iOS
USR_001413,2025-06-21,Family/Group,Android
USR_001414,2025-11-17,Business,iOS
USR_001415,2025-01-08,Solo Explorer,iOS
USR_001416,2025-03-14,Solo Explorer,iOS
USR_001417,2025-09-23,Family/Group,Android
USR_001418,2025-05-19,Family/Group,iOS
USR_001419,2025-06-19,Solo Explorer,iOS
USR_001420,2025-05-28,Solo Explorer,iOS
USR_001421,2025-07-02,Family/Group,Android
USR_001422,2025-06-10,Business,Android
USR_001423,2025-07-13,Solo Explorer,iOS
USR_001424,2025-03-24,Solo Explorer,Android
USR_001425,2026-01-18,Business,Android
USR_001426,2026-02-25,Business,Android
USR_001427,2025-10-16,Business,iOS
USR_001428,2025-08-02,Solo Explorer,iOS
USR_001429,2026-02-02,Solo Explorer,iOS
USR_001430,2025-04-10,Solo Explorer,Android
USR_001431,2025-11-25,Solo Explorer,iOS
USR_001432,2025-01-26,Business,iOS
USR_001433,2025-05-16,Solo Explorer,iOS
USR_001434,2026-02-07,Business,iOS
USR_001435,2025-01-07,Solo Explorer,Android
USR_001436,2025-10-22,Family/Group,Android
USR_001437,2025-07-21,Solo Explorer,Android
USR_001438,2025-07-04,Solo Explorer,iOS
USR_001439,2025-09-24,Solo Explorer,iOS
USR_001440,2025-11-26,Solo Explorer,Android
USR_001441,2025-10-17,Solo Explorer,iOS
USR_001442,2025-08-06,Business,iOS
USR_001443,2025-04-12,Solo Explorer,Android
USR_001444,2025-07-29,Business,Android
USR_001445,2025-10-23,Family/Group,Android
USR_001446,2025-04-27,Solo Explorer,iOS
USR_001447,2025-05-18,Business,iOS
USR_001448,2026-02-06,Solo Explorer,iOS
USR_001449,2025-08-22,Business,iOS
USR_001450,2025-02-07,Family/Group,iOS
USR_001451,2025-05-07,Solo Explorer,Android
USR_001452,2025-07-17,Solo Explorer,iOS
USR_001453,2025-03-16,Business,iOS
USR_001454,2025-07-21,Family/Group,iOS
USR_001455,2025-07-20,Solo Explorer,iOS
USR_001456,2025-04-05,Solo Explorer,iOS
USR_001457,2025-06-04,Business,Android
USR_001458,2025-08-10,Business,iOS
USR_001459,2026-02-01,Solo Explorer,iOS
USR_001460,2025-12-14,Business,Android
USR_001461,2025-08-11,Solo Explorer,iOS
USR_001462,2025-04-23,Family/Group,Android
USR_001463,2025-09-20,Family/Group,iOS
USR_001464,2025-11-11,Family/Group,Android
USR_001465,2025-09-24,Solo Explorer,Android
USR_001466,2025-08-15,Solo Explorer,iOS
USR_001467,2025-11-04,Family/Group,iOS
USR_001468,2025-10-10,Business,iOS
USR_001469,2025-05-23,Solo Explorer,Android
USR_001470,2025-07-02,Solo Explorer,iOS
USR_001471,2025-03-04,Business,Android
USR_001472,2025-03-22,Solo Explorer,Android
USR_001473,2026-01-03,Solo Explorer,Android
USR_001474,2025-11-05,Solo Explorer,Android
USR_001475,2025-05-01,Solo Explorer,Android
USR_001476,2025-10-30,Family/Group,iOS
USR_001477,2025-08-09,Solo Explorer,iOS
USR_001478,2025-04-12,Family/Group,Android
USR_001479,2025-10-05,Solo Explorer,iOS
USR_001480,2025-12-29,Business,iOS
USR_001481,2025-04-15,Solo Explorer,Android
USR_001482,2025-12-21,Family/Group,iOS
USR_001483,2026-02-19,Solo Explorer,iOS
USR_001484,2026-01-10,Business,Android
USR_001485,2025-12-10,Business,iOS
USR_001486,2025-07-21,Solo Explorer,Android
USR_001487,2025-01-01,Solo Explorer,Android
USR_001488,2025-12-31,Solo Explorer,Android
USR_001489,2026-01-18,Family/Group,iOS
USR_001490,2025-12-01,Solo Explorer,iOS
USR_001491,2025-01-06,Family/Group,iOS
USR_001492,2025-12-06,Solo Explorer,iOS
USR_001493,2025-10-30,Solo Explorer,iOS
USR_001494,2025-03-03,Solo Explorer,iOS
USR_001495,2026-02-06,Family/Group,iOS
USR_001496,2026-02-18,Solo Explorer,iOS
USR_001497,2025-02-23,Solo Explorer,Android
USR_001498,2025-03-27,Solo Explorer,iOS
USR_001499,2025-07-31,Family/Group,iOS
USR_001500,2025-01-16,Solo Explorer,Android
USR_001501,2026-02-20,Solo Explorer,Android
USR_001502,2025-03-21,Solo Explorer,iOS
USR_001503,2025-12-07,Solo Explorer,Android
USR_001504,2025-04-28,Solo Explorer,Android
USR_001505,2025-09-23,Solo Explorer,iOS
USR_001506,2026-01-23,Solo Explorer,iOS
USR_001507,2025-01-25,Solo Explorer,iOS
USR_001508,2025-04-24,Solo Explorer,Android
USR_001509,2025-11-01,Solo Explorer,Android
USR_001510,2025-05-22,Solo Explorer,Android
USR_001511,2025-07-14,Business,iOS
USR_001512,2025-04-05,Business,Android
USR_001513,2025-12-11,Solo Explorer,Android
USR_001514,2025-01-27,Family/Group,Android
USR_001515,2025-03-14,Solo Explorer,Android
USR_001516,2025-08-31,Solo Explorer,iOS
USR_001517,2025-02-02,Solo Explorer,Android
USR_001518,2025-08-21,Solo Explorer,Android
USR_001519,2025-02-10,Solo Explorer,Android
USR_001520,2025-07-03,Business,iOS
USR_001521,2025-05-10,Solo Explorer,iOS
USR_001522,2025-11-04,Family/Group,Android
USR_001523,2025-02-02,Solo Explorer,iOS
USR_001524,2025-05-01,Family/Group,iOS
USR_001525,2025-07-13,Business,Android
USR_001526,2025-09-20,Solo Explorer,Android
USR_001527,2025-04-30,Solo Explorer,Android
USR_001528,2025-06-30,Solo Explorer,iOS
USR_001529,2025-09-27,Business,iOS
USR_001530,2025-01-17,Family/Group,iOS
USR_001531,2025-04-15,Solo Explorer,iOS
USR_001532,2026-01-12,Business,iOS
USR_001533,2026-02-26,Family/Group,iOS
USR_001534,2025-05-25,Solo Explorer,iOS
USR_001535,2025-12-30,Solo Explorer,iOS
USR_001536,2025-05-05,Business,Android
USR_001537,2025-12-16,Solo Explorer,iOS
USR_001538,2026-02-25,Business,iOS
USR_001539,2026-01-28,Solo Explorer,iOS
USR_001540,2025-01-15,Family/Group,iOS
USR_001541,2025-07-05,Business,iOS
USR_001542,2026-02-23,Family/Group,iOS
USR_001543,2026-01-22,Solo Explorer,Android
USR_001544,2025-09-08,Family/Group,iOS
USR_001545,2025-03-27,Family/Group,Android
USR_001546,2025-02-21,Solo Explorer,Android
USR_001547,2025-04-11,Business,Android
USR_001548,2025-06-06,Business,Android
USR_001549,2025-03-18,Solo Explorer,Android
USR_001550,2025-10-29,Family/Group,iOS
USR_001551,2025-07-18,Solo Explorer,Android
USR_001552,2025-02-25,Solo Explorer,Android
USR_001553,2025-06-12,Business,iOS
USR_001554,2025-03-04,Business,iOS
USR_001555,2025-02-17,Business,iOS
USR_001556,2025-11-20,Family/Group,iOS
USR_001557,2025-02-15,Business,iOS
USR_001558,2025-02-24,Solo Explorer,iOS
USR_001559,2025-06-17,Solo Explorer,Android
USR_001560,2025-06-29,Solo Explorer,iOS
USR_001561,2026-02-13,Solo Explorer,Android
USR_001562,2025-05-19,Family/Group,iOS
USR_001563,2025-10-06,Family/Group,iOS
USR_001564,2025-11-28,Family/Group,Android
USR_001565,2025-05-21,Solo Explorer,iOS
USR_001566,2025-05-03,Solo Explorer,iOS
USR_001567,2025-09-02,Business,iOS
USR_001568,2025-11-17,Business,iOS
USR_001569,2025-09-09,Business,Android
USR_001570,2025-06-16,Family/Group,iOS
USR_001571,2025-07-17,Business,iOS
USR_001572,2025-12-14,Business,iOS
USR_001573,2025-01-27,Solo Explorer,iOS
USR_001574,2026-02-07,Family/Group,Android
USR_001575,2025-08-23,Business,Android
USR_001576,2025-06-22,Solo Explorer,Android
USR_001577,2025-01-17,Business,iOS
USR_001578,2026-02-02,Business,Android
USR_001579,2025-12-24,Solo Explorer,iOS
USR_001580,2025-07-25,Solo Explorer,iOS
USR_001581,2025-07-14,Business,Android
USR_001582,2025-08-22,Solo Explorer,Android
USR_001583,2025-06-18,Family/Group,Android
USR_001584,2026-01-10,Family/Group,Android
USR_001585,2025-03-16,Solo Explorer,iOS
USR_001586,2025-10-24,Solo Explorer,Android
USR_001587,2025-09-17,Business,iOS
USR_001588,2025-12-04,Business,iOS
USR_001589,2025-04-04,Business,Android
USR_001590,2025-01-09,Family/Group,iOS
USR_001591,2026-02-12,Solo Explorer,Android
USR_001592,2025-04-27,Solo Explorer,iOS
USR_001593,2025-06-21,Solo Explorer,Android
USR_001594,2025-11-02,Solo Explorer,iOS
USR_001595,2026-01-28,Business,Android
USR_001596,2025-08-14,Solo Explorer,iOS
USR_001597,2025-09-19,Solo Explorer,Android
USR_001598,2025-02-08,Solo Explorer,iOS
USR_001599,2025-11-06,Solo Explorer,iOS
USR_001600,2025-04-12,Business,Android
USR_001601,2025-06-03,Solo Explorer,iOS
USR_001602,2025-06-02,Solo Explorer,Android
USR_001603,2025-07-26,Solo Explorer,iOS
USR_001604,2025-03-11,Solo Explorer,Android
USR_001605,2025-11-25,Family/Group,iOS
USR_001606,2025-09-07,Solo Explorer,iOS
USR_001607,2025-01-19,Family/Group,iOS
USR_001608,2025-09-29,Solo Explorer,iOS
USR_001609,2025-12-09,Family/Group,Android
USR_001610,2025-07-01,Business,Android
USR_001611,2025-05-02,Family/Group,Android
USR_001612,2025-02-12,Solo Explorer,Android
USR_001613,2025-04-25,Business,iOS
USR_001614,2025-03-28,Solo Explorer,iOS
USR_001615,2025-01-18,Solo Explorer,iOS
USR_001616,2026-02-22,Solo Explorer,Android
USR_001617,2026-02-11,Solo Explorer,iOS
USR_001618,2025-04-20,Solo Explorer,Android
USR_001619,2026-02-14,Solo Explorer,Android
USR_001620,2025-02-16,Solo Explorer,iOS
USR_001621,2025-07-30,Solo Explorer,Android
USR_001622,2025-01-07,Solo Explorer,Android
USR_001623,2025-07-30,Solo Explorer,iOS
USR_001624,2025-01-15,Business,iOS
USR_001625,2025-10-28,Business,Android
USR_001626,2026-01-30,Business,Android
USR_001627,2026-01-12,Business,Android
USR_001628,2026-01-24,Solo Explorer,iOS
USR_001629,2025-01-17,Family/Group,Android
USR_001630,2026-02-16,Solo Explorer,iOS
USR_001631,2025-11-02,Solo Explorer,Android
USR_001632,2025-10-01,Solo Explorer,iOS
USR_001633,2025-07-03,Family/Group,iOS
USR_001634,2025-07-20,Business,iOS
USR_001635,2025-01-23,Business,iOS
USR_001636,2025-09-23,Solo Explorer,iOS
USR_001637,2025-03-10,Family/Group,iOS
USR_001638,2025-06-26,Solo Explorer,iOS
USR_001639,2025-04-29,Solo Explorer,iOS
USR_001640,2025-09-13,Business,iOS
USR_001641,2025-06-10,Solo Explorer,Android
USR_001642,2025-06-07,Family/Group,Android
USR_001643,2026-02-11,Solo Explorer,Android
USR_001644,2025-04-23,Solo Explorer,Android
USR_001645,2026-02-18,Solo Explorer,Android
USR_001646,2025-04-24,Solo Explorer,Android
USR_001647,2025-11-18,Business,iOS
USR_001648,2025-08-01,Solo Explorer,Android
USR_001649,2025-03-24,Business,Android
USR_001650,2025-07-27,Solo Explorer,Android
USR_001651,2025-06-29,Family/Group,Android
USR_001652,2026-01-06,Solo Explorer,Android
USR_001653,2025-12-31,Solo Explorer,iOS
USR_001654,2025-10-28,Solo Explorer,iOS
USR_001655,2025-05-08,Solo Explorer,Android
USR_001656,2025-11-14,Solo Explorer,Android
USR_001657,2025-11-17,Business,Android
USR_001658,2025-06-07,Family/Group,Android
USR_001659,2025-12-08,Solo Explorer,iOS
USR_001660,2025-12-22,Family/Group,Android
USR_001661,2025-02-02,Solo Explorer,iOS
USR_001662,2025-11-03,Family/Group,Android
USR_001663,2025-12-17,Solo Explorer,iOS
USR_001664,2025-02-02,Business,Android
USR_001665,2025-11-04,Solo Explorer,Android
USR_001666,2026-02-05,Family/Group,Android
USR_001667,2025-12-08,Solo Explorer,iOS
USR_001668,2025-08-11,Business,iOS
USR_001669,2025-08-17,Solo Explorer,Android
USR_001670,2025-04-21,Family/Group,iOS
USR_001671,2025-12-17,Business,Android
USR_001672,2025-03-29,Family/Group,Android
USR_001673,2025-04-16,Business,iOS
USR_001674,2025-12-17,Solo Explorer,Android
USR_001675,2025-06-06,Solo Explorer,iOS
USR_001676,2025-09-09,Solo Explorer,Android
USR_001677,2025-04-06,Family/Group,Android
USR_001678,2025-12-16,Solo Explorer,iOS
USR_001679,2025-10-26,Solo Explorer,Android
USR_001680,2025-10-23,Solo Explorer,Android
USR_001681,2025-09-18,Business,Android
USR_001682,2025-04-23,Solo Explorer,Android
USR_001683,2025-02-09,Business,iOS
USR_001684,2025-12-13,Solo Explorer,iOS
USR_001685,2025-04-02,Family/Group,Android
USR_001686,2025-01-03,Business,iOS
USR_001687,2026-01-22,Solo Explorer,iOS
USR_001688,2025-01-05,Solo Explorer,iOS
USR_001689,2026-01-05,Solo Explorer,iOS
USR_001690,2025-03-03,Solo Explorer,Android
USR_001691,2025-08-05,Solo Explorer,Android
USR_001692,2025-04-26,Solo Explorer,Android
USR_001693,2025-01-29,Family/Group,Android
USR_001694,2025-08-20,Business,iOS
USR_001695,2025-02-08,Business,Android
USR_001696,2025-05-19,Solo Explorer,Android
USR_001697,2025-05-18,Family/Group,iOS
USR_001698,2025-10-07,Family/Group,Android
USR_001699,2025-08-21,Solo Explorer,iOS
USR_001700,2025-10-22,Solo Explorer,Android
USR_001701,2025-02-20,Business,iOS
USR_001702,2025-04-05,Solo Explorer,iOS
USR_001703,2025-11-18,Solo Explorer,Android
USR_001704,2025-02-15,Family/Group,Android
USR_001705,2026-02-15,Family/Group,Android
USR_001706,2025-08-12,Solo Explorer,iOS
USR_001707,2025-09-03,Family/Group,iOS
USR_001708,2025-10-02,Solo Explorer,Android
USR_001709,2026-01-21,Family/Group,iOS
USR_001710,2025-05-20,Solo Explorer,Android
USR_001711,2025-05-31,Family/Group,Android
USR_001712,2025-12-28,Solo Explorer,Android
USR_001713,2025-06-11,Family/Group,iOS
USR_001714,2025-09-17,Solo Explorer,iOS
USR_001715,2025-06-14,Family/Group,Android
USR_001716,2025-08-07,Family/Group,iOS
USR_001717,2025-08-28,Business,iOS
USR_001718,2025-09-09,Solo Explorer,Android
USR_001719,2025-09-16,Solo Explorer,iOS
USR_001720,2025-01-23,Solo Explorer,Android
USR_001721,2025-09-20,Solo Explorer,iOS
USR_001722,2025-01-28,Business,Android
USR_001723,2025-12-24,Solo Explorer,iOS
USR_001724,2025-11-18,Solo Explorer,Android
USR_001725,2025-08-21,Business,iOS
USR_001726,2025-01-15,Family/Group,Android
USR_001727,2025-09-15,Family/Group,iOS
USR_001728,2025-04-26,Solo Explorer,iOS
USR_001729,2025-09-21,Business,iOS
USR_001730,2025-05-09,Family/Group,iOS
USR_001731,2025-04-01,Solo Explorer,iOS
USR_001732,2025-09-02,Family/Group,Android
USR_001733,2025-03-09,Solo Explorer,iOS
USR_001734,2025-10-16,Business,iOS
USR_001735,2025-08-24,Business,Android
USR_001736,2025-05-16,Solo Explorer,Android
USR_001737,2025-01-30,Solo Explorer,Android
USR_001738,2025-12-11,Business,Android
USR_001739,2026-01-24,Business,Android
USR_001740,2026-01-11,Solo Explorer,iOS
USR_001741,2025-04-22,Business,Android
USR_001742,2026-02-05,Business,Android
USR_001743,2025-01-29,Solo Explorer,iOS
USR_001744,2026-02-10,Solo Explorer,Android
USR_001745,2025-02-04,Solo Explorer,Android
USR_001746,2025-02-05,Solo Explorer,Android
USR_001747,2025-08-31,Solo Explorer,Android
USR_001748,2025-08-31,Family/Group,Android
USR_001749,2025-05-30,Solo Explorer,iOS
USR_001750,2025-09-05,Solo Explorer,iOS
USR_001751,2025-07-31,Family/Group,Android
USR_001752,2025-03-30,Solo Explorer,Android
USR_001753,2026-02-04,Business,Android
USR_001754,2025-09-30,Solo Explorer,iOS
USR_001755,2025-08-09,Solo Explorer,Android
USR_001756,2025-08-30,Solo Explorer,iOS
USR_001757,2025-02-09,Solo Explorer,Android
USR_001758,2025-02-09,Solo Explorer,Android
USR_001759,2025-03-08,Solo Explorer,iOS
USR_001760,2025-12-13,Solo Explorer,iOS
USR_001761,2025-06-03,Solo Explorer,Android
USR_001762,2025-12-28,Business,Android
USR_001763,2025-12-30,Solo Explorer,Android
USR_001764,2025-12-28,Solo Explorer,iOS
USR_001765,2025-06-23,Solo Explorer,Android
USR_001766,2025-07-20,Business,iOS
USR_001767,2025-09-14,Solo Explorer,iOS
USR_001768,2025-01-24,Solo Explorer,Android
USR_001769,2025-09-30,Solo Explorer,iOS
USR_001770,2025-05-13,Solo Explorer,iOS
USR_001771,2025-04-09,Business,Android
USR_001772,2025-03-25,Solo Explorer,iOS
USR_001773,2025-02-25,Family/Group,iOS
USR_001774,2025-11-08,Solo Explorer,iOS
USR_001775,2025-07-09,Solo Explorer,Android
USR_001776,2025-10-26,Business,Android
USR_001777,2025-12-01,Solo Explorer,iOS
USR_001778,2025-09-23,Family/Group,Android
USR_001779,2025-03-02,Solo Explorer,iOS
USR_001780,2025-12-26,Solo Explorer,iOS
USR_001781,2025-12-12,Family/Group,Android
USR_001782,2025-11-12,Solo Explorer,Android
USR_001783,2025-10-22,Family/Group,iOS
USR_001784,2025-02-17,Solo Explorer,Android
USR_001785,2025-04-18,Solo Explorer,Android
USR_001786,2025-04-26,Business,iOS
USR_001787,2025-10-30,Solo Explorer,iOS
USR_001788,2025-09-03,Solo Explorer,iOS
USR_001789,2025-08-25,Family/Group,iOS
USR_001790,2025-09-25,Family/Group,Android
USR_001791,2026-02-01,Family/Group,iOS
USR_001792,2025-08-17,Business,Android
USR_001793,2025-02-11,Solo Explorer,Android
USR_001794,2025-10-07,Family/Group,Android
USR_001795,2025-01-25,Business,Android
USR_001796,2025-11-03,Solo Explorer,iOS
USR_001797,2025-11-12,Family/Group,iOS
USR_001798,2025-06-14,Solo Explorer,Android
USR_001799,2025-05-27,Solo Explorer,iOS
USR_001800,2025-10-07,Business,iOS
USR_001801,2025-04-08,Solo Explorer,Android
USR_001802,2025-01-13,Solo Explorer,Android
USR_001803,2026-01-14,Family/Group,iOS
USR_001804,2025-04-16,Business,Android
USR_001805,2025-11-20,Solo Explorer,iOS
USR_001806,2025-11-27,Business,Android
USR_001807,2025-11-26,Solo Explorer,iOS
USR_001808,2025-06-25,Solo Explorer,Android
USR_001809,2025-01-06,Solo Explorer,iOS
USR_001810,2025-07-03,Business,iOS
USR_001811,2025-10-13,Solo Explorer,Android
USR_001812,2026-01-11,Business,iOS
USR_001813,2026-01-10,Solo Explorer,Android
USR_001814,2026-02-13,Solo Explorer,iOS
USR_001815,2025-03-02,Solo Explorer,Android
USR_001816,2025-03-02,Solo Explorer,iOS
USR_001817,2025-09-24,Family/Group,Android
USR_001818,2026-02-03,Solo Explorer,iOS
USR_001819,2025-09-15,Family/Group,iOS
USR_001820,2025-08-17,Solo Explorer,iOS
USR_001821,2025-08-25,Solo Explorer,iOS
USR_001822,2026-01-03,Solo Explorer,Android
USR_001823,2025-08-15,Family/Group,Android
USR_001824,2025-03-06,Solo Explorer,Android
USR_001825,2025-08-04,Solo Explorer,iOS
USR_001826,2025-08-07,Solo Explorer,iOS
USR_001827,2025-01-12,Business,Android
USR_001828,2025-04-28,Family/Group,iOS
USR_001829,2025-05-17,Solo Explorer,iOS
USR_001830,2025-07-03,Business,iOS
USR_001831,2026-02-14,Solo Explorer,Android
USR_001832,2025-03-07,Solo Explorer,Android
USR_001833,2025-04-30,Family/Group,iOS
USR_001834,2025-11-17,Business,iOS
USR_001835,2025-12-08,Solo Explorer,Android
USR_001836,2025-09-26,Solo Explorer,Android
USR_001837,2025-04-01,Family/Group,Android
USR_001838,2025-11-06,Solo Explorer,iOS
USR_001839,2026-02-18,Solo Explorer,Android
USR_001840,2025-10-30,Solo Explorer,iOS
USR_001841,2026-02-17,Solo Explorer,iOS
USR_001842,2025-12-15,Solo Explorer,iOS
USR_001843,2026-02-16,Family/Group,Android
USR_001844,2026-02-17,Solo Explorer,iOS
USR_001845,2025-12-02,Business,iOS
USR_001846,2025-07-27,Solo Explorer,Android
USR_001847,2025-10-31,Solo Explorer,iOS
USR_001848,2025-07-07,Business,Android
USR_001849,2025-05-20,Solo Explorer,iOS
USR_001850,2025-01-07,Solo Explorer,Android
USR_001851,2025-03-17,Solo Explorer,Android
USR_001852,2025-10-01,Family/Group,Android
USR_001853,2025-07-15,Family/Group,Android
USR_001854,2025-03-13,Solo Explorer,Android
USR_001855,2025-06-18,Business,Android
USR_001856,2025-04-04,Family/Group,Android
USR_001857,2025-04-11,Business,iOS
USR_001858,2025-05-24,Family/Group,Android
USR_001859,2025-07-16,Family/Group,iOS
USR_001860,2025-02-28,Solo Explorer,iOS
USR_001861,2025-08-03,Business,iOS
USR_001862,2025-09-09,Family/Group,iOS
USR_001863,2025-02-27,Solo Explorer,iOS
USR_001864,2025-10-25,Business,iOS
USR_001865,2025-02-16,Solo Explorer,iOS
USR_001866,2025-07-25,Business,Android
USR_001867,2026-01-17,Solo Explorer,Android
USR_001868,2025-05-19,Family/Group,iOS
USR_001869,2026-02-24,Solo Explorer,iOS
USR_001870,2025-03-24,Solo Explorer,iOS
USR_001871,2025-03-22,Family/Group,Android
USR_001872,2025-07-14,Solo Explorer,iOS
USR_001873,2026-01-22,Solo Explorer,Android
USR_001874,2025-01-01,Family/Group,Android
USR_001875,2025-07-26,Family/Group,Android
USR_001876,2025-10-31,Family/Group,Android
USR_001877,2026-01-17,Solo Explorer,iOS
USR_001878,2025-02-24,Solo Explorer,Android
USR_001879,2026-01-10,Solo Explorer,Android
USR_001880,2025-10-06,Family/Group,iOS
USR_001881,2025-11-08,Family/Group,Android
USR_001882,2025-03-12,Family/Group,iOS
USR_001883,2025-09-22,Solo Explorer,Android
USR_001884,2025-08-14,Business,Android
USR_001885,2025-01-31,Solo Explorer,iOS
USR_001886,2025-08-21,Family/Group,iOS
USR_001887,2025-10-07,Business,iOS
USR_001888,2025-12-07,Solo Explorer,Android
USR_001889,2025-05-30,Solo Explorer,Android
USR_001890,2025-07-05,Family/Group,iOS
USR_001891,2026-02-24,Solo Explorer,iOS
USR_001892,2025-12-15,Solo Explorer,Android
USR_001893,2025-02-13,Solo Explorer,iOS
USR_001894,2025-02-03,Business,iOS
USR_001895,2026-02-11,Solo Explorer,iOS
USR_001896,2026-02-21,Business,Android
USR_001897,2025-06-30,Family/Group,Android
USR_001898,2025-04-20,Solo Explorer,iOS
USR_001899,2026-01-02,Family/Group,Android
USR_001900,2025-04-12,Solo Explorer,Android
USR_001901,2025-02-08,Solo Explorer,iOS
USR_001902,2025-03-17,Business,iOS
USR_001903,2025-02-19,Family/Group,Android
USR_001904,2025-06-21,Solo Explorer,Android
USR_001905,2025-11-28,Business,iOS
USR_001906,2025-11-09,Business,iOS
USR_001907,2025-04-17,Solo Explorer,iOS
USR_001908,2025-06-15,Business,Android
USR_001909,2025-09-18,Family/Group,Android
USR_001910,2025-04-20,Solo Explorer,iOS
USR_001911,2025-10-15,Solo Explorer,Android
USR_001912,2025-02-01,Solo Explorer,Android
USR_001913,2025-10-20,Solo Explorer,Android
USR_001914,2026-01-14,Solo Explorer,Android
USR_001915,2025-05-20,Solo Explorer,Android
USR_001916,2025-08-09,Family/Group,iOS
USR_001917,2026-01-05,Family/Group,Android
USR_001918,2025-07-30,Solo Explorer,iOS
USR_001919,2025-05-16,Solo Explorer,Android
USR_001920,2026-01-24,Family/Group,Android
USR_001921,2025-08-22,Family/Group,iOS
USR_001922,2025-07-03,Solo Explorer,Android
USR_001923,2026-02-16,Solo Explorer,Android
USR_001924,2026-02-24,Family/Group,Android
USR_001925,2025-06-11,Solo Explorer,iOS
USR_001926,2025-03-29,Solo Explorer,Android
USR_001927,2026-01-04,Family/Group,iOS
USR_001928,2025-02-03,Solo Explorer,Android
USR_001929,2025-08-10,Family/Group,Android
USR_001930,2025-09-17,Solo Explorer,iOS
USR_001931,2025-02-10,Solo Explorer,Android
USR_001932,2025-01-23,Solo Explorer,iOS
USR_001933,2025-02-25,Solo Explorer,Android
USR_001934,2025-09-11,Family/Group,iOS
USR_001935,2025-09-10,Solo Explorer,Android
USR_001936,2025-09-11,Business,Android
USR_001937,2025-11-17,Solo Explorer,Android
USR_001938,2025-06-21,Solo Explorer,Android
USR_001939,2026-01-12,Solo Explorer,Android
USR_001940,2025-04-23,Business,Android
USR_001941,2025-12-20,Business,Android
USR_001942,2025-04-16,Solo Explorer,iOS
USR_001943,2025-10-06,Family/Group,iOS
USR_001944,2025-04-09,Solo Explorer,Android
USR_001945,2025-02-16,Family/Group,iOS
USR_001946,2025-12-28,Solo Explorer,iOS
USR_001947,2025-09-24,Solo Explorer,Android
USR_001948,2025-05-02,Business,Android
USR_001949,2025-06-28,Family/Group,Android
USR_001950,2026-02-10,Solo Explorer,iOS
USR_001951,2025-06-18,Business,iOS
USR_001952,2025-08-05,Business,Android
USR_001953,2025-07-11,Family/Group,Android
USR_001954,2025-06-22,Solo Explorer,Android
USR_001955,2025-01-04,Business,iOS
USR_001956,2025-02-01,Business,iOS
USR_001957,2026-01-27,Family/Group,Android
USR_001958,2025-11-03,Solo Explorer,iOS
USR_001959,2025-03-18,Business,iOS
USR_001960,2025-03-06,Solo Explorer,Android
USR_001961,2025-11-12,Family/Group,Android
USR_001962,2025-08-18,Solo Explorer,Android
USR_001963,2025-03-12,Family/Group,Android
USR_001964,2025-08-25,Solo Explorer,Android
USR_001965,2025-01-19,Family/Group,iOS
USR_001966,2025-04-18,Solo Explorer,iOS
USR_001967,2025-10-15,Solo Explorer,iOS
USR_001968,2025-01-02,Family/Group,Android
USR_001969,2025-09-16,Solo Explorer,Android
USR_001970,2025-07-29,Solo Explorer,Android
USR_001971,2025-03-04,Business,iOS
USR_001972,2025-02-12,Family/Group,iOS
USR_001973,2025-03-28,Business,iOS
USR_001974,2025-02-01,Solo Explorer,iOS
USR_001975,2025-02-22,Solo Explorer,Android
USR_001976,2025-09-18,Solo Explorer,Android
USR_001977,2026-01-07,Solo Explorer,Android
USR_001978,2025-06-25,Business,iOS
USR_001979,2025-07-27,Solo Explorer,iOS
USR_001980,2025-02-19,Solo Explorer,iOS
USR_001981,2026-01-13,Solo Explorer,Android
USR_001982,2026-02-18,Solo Explorer,iOS
USR_001983,2025-10-13,Solo Explorer,Android
USR_001984,2025-12-22,Solo Explorer,Android
USR_001985,2025-05-19,Solo Explorer,iOS
USR_001986,2025-03-01,Business,Android
USR_001987,2025-03-29,Solo Explorer,Android
USR_001988,2025-06-08,Solo Explorer,Android
USR_001989,2026-02-25,Solo Explorer,Android
USR_001990,2025-11-23,Solo Explorer,iOS
USR_001991,2025-01-17,Family/Group,iOS
USR_001992,2025-01-18,Solo Explorer,Android
USR_001993,2026-02-08,Business,iOS
USR_001994,2025-09-24,Solo Explorer,iOS
USR_001995,2026-02-16,Solo Explorer,iOS
USR_001996,2025-04-13,Solo Explorer,iOS
USR_001997,2025-07-21,Solo Explorer,Android
USR_001998,2025-08-12,Solo Explorer,Android
USR_001999,2025-08-09,Solo Explorer,iOS
USR_002000,2025-05-05,Business,iOS
USR_002001,2025-05-17,Solo Explorer,Android
USR_002002,2025-04-01,Solo Explorer,Android
USR_002003,2025-04-09,Business,iOS
USR_002004,2025-05-24,Solo Explorer,Android
USR_002005,2025-01-27,Family/Group,iOS
USR_002006,2025-04-25,Business,iOS
USR_002007,2025-05-07,Solo Explorer,iOS
USR_002008,2025-01-20,Solo Explorer,iOS
USR_002009,2025-04-23,Business,iOS
USR_002010,2025-05-02,Business,Android
USR_002011,2026-01-30,Business,iOS
USR_002012,2025-08-18,Family/Group,iOS
USR_002013,2025-04-25,Business,iOS
USR_002014,2025-03-29,Solo Explorer,iOS
USR_002015,2025-04-19,Business,Android
USR_002016,2025-11-08,Solo Explorer,Android
USR_002017,2025-03-13,Solo Explorer,iOS
USR_002018,2025-06-01,Solo Explorer,Android
USR_002019,2025-08-04,Business,Android
USR_002020,2026-02-23,Solo Explorer,iOS
USR_002021,2025-03-09,Family/Group,iOS
USR_002022,2025-09-04,Solo Explorer,Android
USR_002023,2025-10-08,Business,iOS
USR_002024,2025-11-29,Solo Explorer,iOS
USR_002025,2025-01-10,Solo Explorer,iOS
USR_002026,2025-08-28,Solo Explorer,iOS
USR_002027,2025-03-10,Business,Android
USR_002028,2025-12-12,Family/Group,iOS
USR_002029,2025-08-13,Business,Android
USR_002030,2025-11-26,Business,iOS
USR_002031,2025-03-08,Solo Explorer,Android
USR_002032,2026-01-04,Solo Explorer,iOS
USR_002033,2025-10-19,Solo Explorer,Android
USR_002034,2025-08-01,Solo Explorer,iOS
USR_002035,2025-12-25,Solo Explorer,Android
USR_002036,2025-10-24,Solo Explorer,iOS
USR_002037,2025-02-02,Family/Group,iOS
USR_002038,2025-08-25,Business,iOS
USR_002039,2025-12-26,Family/Group,Android
USR_002040,2025-01-02,Solo Explorer,Android
USR_002041,2026-01-03,Solo Explorer,Android
USR_002042,2025-08-12,Family/Group,iOS
USR_002043,2025-07-10,Solo Explorer,Android
USR_002044,2025-08-04,Solo Explorer,iOS
USR_002045,2025-02-21,Business,iOS
USR_002046,2025-12-05,Family/Group,iOS
USR_002047,2026-01-05,Family/Group,Android
USR_002048,2025-01-14,Solo Explorer,iOS
USR_002049,2025-02-15,Solo Explorer,Android
USR_002050,2025-04-16,Solo Explorer,iOS
USR_002051,2025-07-31,Solo Explorer,iOS
USR_002052,2025-10-04,Solo Explorer,Android
USR_002053,2026-02-16,Solo Explorer,Android
USR_002054,2025-05-23,Solo Explorer,Android
USR_002055,2025-05-10,Family/Group,iOS
USR_002056,2025-08-22,Business,iOS
USR_002057,2025-10-09,Family/Group,Android
USR_002058,2025-10-01,Solo Explorer,Android
USR_002059,2026-02-07,Solo Explorer,iOS
USR_002060,2026-01-12,Solo Explorer,iOS
USR_002061,2025-05-07,Solo Explorer,Android
USR_002062,2026-01-26,Solo Explorer,Android
USR_002063,2026-02-13,Business,Android
USR_002064,2025-03-01,Solo Explorer,Android
USR_002065,2025-01-14,Business,iOS
USR_002066,2025-10-09,Solo Explorer,Android
USR_002067,2026-02-11,Business,iOS
USR_002068,2025-08-25,Solo Explorer,Android
USR_002069,2025-04-03,Family/Group,Android
USR_002070,2025-04-21,Solo Explorer,Android
USR_002071,2025-06-12,Solo Explorer,Android
USR_002072,2025-11-26,Business,Android
USR_002073,2026-01-12,Solo Explorer,iOS
USR_002074,2025-03-25,Solo Explorer,Android
USR_002075,2026-02-03,Business,Android
USR_002076,2025-07-16,Solo Explorer,Android
USR_002077,2025-01-08,Solo Explorer,Android
USR_002078,2025-06-09,Business,Android
USR_002079,2025-10-01,Solo Explorer,Android
USR_002080,2025-08-04,Solo Explorer,iOS
USR_002081,2026-01-24,Solo Explorer,Android
USR_002082,2025-02-23,Solo Explorer,Android
USR_002083,2025-01-11,Business,Android
USR_002084,2025-08-07,Family/Group,Android
USR_002085,2026-02-22,Business,Android
USR_002086,2025-03-18,Business,Android
USR_002087,2026-01-04,Business,iOS
USR_002088,2025-05-24,Family/Group,iOS
USR_002089,2025-03-25,Family/Group,Android
USR_002090,2025-10-22,Business,iOS
USR_002091,2025-06-26,Solo Explorer,iOS
USR_002092,2025-09-02,Solo Explorer,Android
USR_002093,2026-02-08,Solo Explorer,Android
USR_002094,2025-10-08,Solo Explorer,iOS
USR_002095,2025-02-01,Family/Group,Android
USR_002096,2025-03-31,Solo Explorer,iOS
USR_002097,2025-08-31,Solo Explorer,iOS
USR_002098,2025-11-13,Solo Explorer,iOS
USR_002099,2025-11-29,Business,Android
USR_002100,2026-01-05,Business,iOS
USR_002101,2026-01-17,Solo Explorer,Android
USR_002102,2026-02-10,Solo Explorer,Android
USR_002103,2025-11-03,Solo Explorer,iOS
USR_002104,2025-03-21,Family/Group,Android
USR_002105,2025-06-04,Solo Explorer,iOS
USR_002106,2025-11-11,Solo Explorer,Android
USR_002107,2025-11-26,Solo Explorer,iOS
USR_002108,2025-08-01,Solo Explorer,iOS
USR_002109,2025-11-11,Solo Explorer,iOS
USR_002110,2025-04-25,Solo Explorer,iOS
USR_002111,2025-07-14,Solo Explorer,iOS
USR_002112,2025-04-15,Solo Explorer,Android
USR_002113,2025-02-11,Solo Explorer,Android
USR_002114,2025-01-21,Solo Explorer,Android
USR_002115,2025-09-11,Solo Explorer,Android
USR_002116,2025-03-16,Solo Explorer,Android
USR_002117,2026-02-08,Family/Group,iOS
USR_002118,2025-06-06,Business,iOS
USR_002119,2026-01-16,Family/Group,iOS
USR_002120,2026-02-24,Solo Explorer,Android
USR_002121,2025-01-25,Business,iOS
USR_002122,2025-04-03,Business,iOS
USR_002123,2025-10-20,Solo Explorer,iOS
USR_002124,2025-01-26,Solo Explorer,Android
USR_002125,2025-08-24,Family/Group,Android
USR_002126,2025-04-15,Solo Explorer,iOS
USR_002127,2026-01-14,Family/Group,Android
USR_002128,2026-01-17,Family/Group,iOS
USR_002129,2025-05-02,Solo Explorer,Android
USR_002130,2026-01-20,Solo Explorer,iOS
USR_002131,2025-10-01,Family/Group,iOS
USR_002132,2025-01-22,Solo Explorer,Android
USR_002133,2025-10-12,Solo Explorer,iOS
USR_002134,2025-01-21,Business,iOS
USR_002135,2025-11-29,Solo Explorer,iOS
USR_002136,2025-11-16,Business,iOS
USR_002137,2025-07-09,Solo Explorer,Android
USR_002138,2025-08-31,Solo Explorer,Android
USR_002139,2025-02-20,Business,iOS
USR_002140,2025-05-12,Solo Explorer,Android
USR_002141,2025-01-30,Solo Explorer,iOS
USR_002142,2025-11-25,Family/Group,iOS
USR_002143,2025-12-31,Solo Explorer,Android
USR_002144,2025-10-21,Business,iOS
USR_002145,2025-03-17,Solo Explorer,iOS
USR_002146,2025-06-09,Solo Explorer,iOS
USR_002147,2025-09-21,Solo Explorer,Android
USR_002148,2025-10-10,Family/Group,iOS
USR_002149,2025-02-28,Solo Explorer,Android
USR_002150,2025-02-06,Solo Explorer,iOS
USR_002151,2025-11-09,Business,Android
USR_002152,2025-03-13,Family/Group,Android
USR_002153,2025-08-01,Family/Group,Android
USR_002154,2026-02-17,Family/Group,iOS
USR_002155,2025-09-27,Solo Explorer,Android
USR_002156,2025-08-23,Family/Group,iOS
USR_002157,2026-02-24,Solo Explorer,iOS
USR_002158,2025-11-09,Solo Explorer,iOS
USR_002159,2025-12-19,Family/Group,Android
USR_002160,2026-02-05,Business,Android
USR_002161,2025-06-15,Family/Group,iOS
USR_002162,2026-02-18,Solo Explorer,iOS
USR_002163,2025-02-16,Business,Android
USR_002164,2025-04-25,Solo Explorer,Android
USR_002165,2025-08-22,Solo Explorer,iOS
USR_002166,2025-02-20,Solo Explorer,Android
USR_002167,2025-07-27,Business,iOS
USR_002168,2025-07-19,Family/Group,Android
USR_002169,2025-03-30,Solo Explorer,Android
USR_002170,2025-07-10,Solo Explorer,iOS
USR_002171,2025-12-05,Solo Explorer,iOS
USR_002172,2025-01-29,Family/Group,Android
USR_002173,2025-04-16,Solo Explorer,Android
USR_002174,2025-08-04,Solo Explorer,Android
USR_002175,2025-02-02,Family/Group,iOS
USR_002176,2025-02-12,Business,Android
USR_002177,2025-08-20,Solo Explorer,Android
USR_002178,2025-11-13,Business,iOS
USR_002179,2025-03-12,Family/Group,iOS
USR_002180,2025-04-20,Business,Android
USR_002181,2026-01-24,Solo Explorer,Android
USR_002182,2026-02-12,Solo Explorer,iOS
USR_002183,2025-03-12,Solo Explorer,Android
USR_002184,2025-09-01,Family/Group,iOS
USR_002185,2025-10-30,Business,Android
USR_002186,2025-06-19,Business,Android
USR_002187,2025-06-16,Solo Explorer,iOS
USR_002188,2025-07-17,Solo Explorer,Android
USR_002189,2025-10-19,Solo Explorer,Android
USR_002190,2025-11-26,Solo Explorer,iOS
USR_002191,2025-08-04,Family/Group,Android
USR_002192,2025-10-13,Solo Explorer,iOS
USR_002193,2025-01-28,Solo Explorer,Android
USR_002194,2025-07-06,Family/Group,iOS
USR_002195,2025-08-29,Family/Group,iOS
USR_002196,2025-04-05,Business,Android
USR_002197,2025-10-29,Business,Android
USR_002198,2025-11-02,Business,iOS
USR_002199,2025-07-02,Solo Explorer,iOS
USR_002200,2025-05-05,Solo Explorer,iOS
USR_002201,2025-11-12,Family/Group,Android
USR_002202,2025-03-04,Solo Explorer,iOS
USR_002203,2025-11-17,Solo Explorer,iOS
USR_002204,2025-03-19,Family/Group,Android
USR_002205,2026-01-29,Family/Group,Android
USR_002206,2025-09-11,Solo Explorer,iOS
USR_002207,2025-02-10,Family/Group,Android
USR_002208,2025-04-16,Family/Group,Android
USR_002209,2025-08-26,Solo Explorer,iOS
USR_002210,2025-03-28,Family/Group,Android
USR_002211,2025-04-12,Solo Explorer,iOS
USR_002212,2025-09-06,Business,iOS
USR_002213,2025-04-14,Solo Explorer,iOS
USR_002214,2025-09-12,Solo Explorer,iOS
USR_002215,2025-11-18,Solo Explorer,iOS
USR_002216,2025-10-21,Solo Explorer,Android
USR_002217,2025-01-18,Solo Explorer,Android
USR_002218,2025-12-26,Business,Android
USR_002219,2025-05-12,Solo Explorer,Android
USR_002220,2025-11-30,Solo Explorer,iOS
USR_002221,2025-10-13,Solo Explorer,Android
USR_002222,2025-04-02,Business,Android
USR_002223,2025-12-04,Family/Group,iOS
USR_002224,2026-01-19,Business,Android
USR_002225,2025-06-07,Solo Explorer,Android
USR_002226,2025-07-26,Business,iOS
USR_002227,2025-10-24,Family/Group,Android
USR_002228,2025-06-10,Solo Explorer,Android
USR_002229,2025-08-08,Business,Android
USR_002230,2025-11-14,Solo Explorer,Android
USR_002231,2025-07-23,Solo Explorer,Android
USR_002232,2025-07-12,Family/Group,iOS
USR_002233,2025-12-22,Family/Group,Android
USR_002234,2025-04-14,Solo Explorer,iOS
USR_002235,2025-11-05,Business,Android
USR_002236,2025-11-25,Family/Group,iOS
USR_002237,2025-02-15,Solo Explorer,Android
USR_002238,2025-07-02,Solo Explorer,iOS
USR_002239,2025-02-05,Business,Android
USR_002240,2025-10-23,Solo Explorer,iOS
USR_002241,2025-10-16,Business,Android
USR_002242,2025-02-01,Business,Android
USR_002243,2026-01-27,Solo Explorer,iOS
USR_002244,2025-12-30,Business,Android
USR_002245,2026-02-16,Solo Explorer,iOS
USR_002246,2025-04-01,Solo Explorer,iOS
USR_002247,2025-04-10,Solo Explorer,iOS
USR_002248,2025-08-07,Business,iOS
USR_002249,2025-08-08,Business,iOS
USR_002250,2025-07-24,Family/Group,iOS
USR_002251,2025-05-09,Solo Explorer,iOS
USR_002252,2026-01-17,Family/Group,Android
USR_002253,2025-12-08,Family/Group,Android
USR_002254,2025-02-12,Solo Explorer,Android
USR_002255,2026-01-01,Solo Explorer,iOS
USR_002256,2025-12-29,Solo Explorer,iOS
USR_002257,2026-01-20,Solo Explorer,Android
USR_002258,2026-01-12,Solo Explorer,iOS
USR_002259,2025-04-25,Solo Explorer,Android
USR_002260,2025-06-08,Solo Explorer,iOS
USR_002261,2025-05-11,Solo Explorer,iOS
USR_002262,2025-06-14,Family/Group,Android
USR_002263,2025-05-21,Solo Explorer,iOS
USR_002264,2025-07-11,Business,iOS
USR_002265,2025-09-13,Family/Group,Android
USR_002266,2025-04-05,Solo Explorer,iOS
USR_002267,2025-03-24,Solo Explorer,iOS
USR_002268,2025-03-04,Solo Explorer,iOS
USR_002269,2026-01-08,Business,iOS
USR_002270,2025-07-29,Family/Group,Android
USR_002271,2025-02-04,Solo Explorer,iOS
USR_002272,2025-04-11,Solo Explorer,Android
USR_002273,2025-08-08,Business,iOS
USR_002274,2025-02-24,Business,iOS
USR_002275,2025-07-18,Solo Explorer,Android
USR_002276,2025-11-06,Solo Explorer,Android
USR_002277,2025-06-11,Solo Explorer,Android
USR_002278,2025-11-09,Solo Explorer,iOS
USR_002279,2025-04-30,Family/Group,Android
USR_002280,2025-12-02,Solo Explorer,iOS
USR_002281,2025-04-12,Business,iOS
USR_002282,2025-10-13,Family/Group,Android
USR_002283,2025-10-29,Solo Explorer,iOS
USR_002284,2025-11-25,Solo Explorer,Android
USR_002285,2025-10-14,Business,Android
USR_002286,2025-11-27,Solo Explorer,Android
USR_002287,2025-09-23,Solo Explorer,iOS
USR_002288,2025-05-01,Family/Group,iOS
USR_002289,2026-02-12,Solo Explorer,Android
USR_002290,2025-12-06,Solo Explorer,Android
USR_002291,2026-01-06,Business,iOS
USR_002292,2025-04-10,Solo Explorer,iOS
USR_002293,2026-02-11,Business,iOS
USR_002294,2025-02-07,Solo Explorer,Android
USR_002295,2026-02-03,Business,Android
USR_002296,2025-11-17,Solo Explorer,Android
USR_002297,2025-07-16,Solo Explorer,iOS
USR_002298,2025-03-05,Solo Explorer,Android
USR_002299,2025-12-26,Solo Explorer,Android
USR_002300,2025-11-02,Business,Android
USR_002301,2025-08-20,Solo Explorer,iOS
USR_002302,2025-12-20,Family/Group,iOS
USR_002303,2025-07-25,Family/Group,iOS
USR_002304,2025-05-26,Business,Android
USR_002305,2025-07-21,Solo Explorer,Android
USR_002306,2025-01-14,Solo Explorer,Android
USR_002307,2025-01-11,Solo Explorer,Android
USR_002308,2025-12-24,Family/Group,iOS
USR_002309,2026-01-14,Business,iOS
USR_002310,2025-10-08,Family/Group,iOS
USR_002311,2025-03-10,Business,Android
USR_002312,2025-05-29,Solo Explorer,Android
USR_002313,2025-05-27,Business,Android
USR_002314,2025-04-23,Solo Explorer,Android
USR_002315,2026-02-23,Solo Explorer,Android
USR_002316,2025-12-26,Solo Explorer,Android
USR_002317,2025-01-17,Solo Explorer,Android
USR_002318,2025-04-29,Solo Explorer,iOS
USR_002319,2026-01-02,Business,Android
USR_002320,2025-07-08,Business,Android
USR_002321,2025-11-01,Solo Explorer,Android
USR_002322,2025-03-21,Solo Explorer,iOS
USR_002323,2026-01-21,Business,iOS
USR_002324,2025-11-07,Solo Explorer,iOS
USR_002325,2026-01-14,Solo Explorer,Android
USR_002326,2026-02-15,Family/Group,Android
USR_002327,2025-09-03,Solo Explorer,Android
USR_002328,2025-11-21,Solo Explorer,iOS
USR_002329,2025-09-27,Solo Explorer,iOS
USR_002330,2025-01-17,Family/Group,Android
USR_002331,2025-05-30,Solo Explorer,iOS
USR_002332,2025-06-30,Solo Explorer,Android
USR_002333,2025-09-21,Family/Group,iOS
USR_002334,2025-08-16,Solo Explorer,iOS
USR_002335,2025-10-07,Business,iOS
USR_002336,2025-05-06,Business,Android
USR_002337,2025-03-08,Solo Explorer,iOS
USR_002338,2025-06-04,Solo Explorer,Android
USR_002339,2025-03-20,Family/Group,iOS
USR_002340,2026-01-19,Business,iOS
USR_002341,2025-02-06,Solo Explorer,Android
USR_002342,2025-07-22,Solo Explorer,iOS
USR_002343,2025-05-16,Family/Group,Android
USR_002344,2025-09-20,Business,iOS
USR_002345,2025-06-26,Solo Explorer,Android
USR_002346,2026-01-13,Family/Group,iOS
USR_002347,2025-10-03,Business,Android
USR_002348,2025-07-27,Business,Android
USR_002349,2026-02-05,Business,Android
USR_002350,2025-12-07,Family/Group,iOS
USR_002351,2025-03-28,Business,Android
USR_002352,2025-03-21,Business,Android
USR_002353,2025-05-10,Solo Explorer,Android
USR_002354,2025-10-08,Business,Android
USR_002355,2025-12-09,Family/Group,iOS
USR_002356,2025-03-19,Family/Group,Android
USR_002357,2025-09-17,Family/Group,Android
USR_002358,2025-06-06,Solo Explorer,iOS
USR_002359,2025-01-06,Business,Android
USR_002360,2026-01-03,Business,iOS
USR_002361,2025-05-14,Solo Explorer,Android
USR_002362,2025-11-19,Solo Explorer,iOS
USR_002363,2025-07-10,Family/Group,Android
USR_002364,2026-02-16,Business,iOS
USR_002365,2025-04-18,Business,iOS
USR_002366,2025-11-14,Solo Explorer,iOS
USR_002367,2026-02-05,Business,iOS
USR_002368,2025-12-10,Business,Android
USR_002369,2026-02-06,Business,Android
USR_002370,2025-09-02,Solo Explorer,iOS
USR_002371,2025-05-08,Business,iOS
USR_002372,2025-01-29,Solo Explorer,Android
USR_002373,2025-02-14,Business,iOS
USR_002374,2025-08-25,Solo Explorer,iOS
USR_002375,2025-01-07,Business,iOS
USR_002376,2025-04-25,Business,iOS
USR_002377,2025-06-09,Solo Explorer,iOS
USR_002378,2025-11-11,Family/Group,Android
USR_002379,2025-03-07,Business,Android
USR_002380,2025-10-30,Solo Explorer,Android
USR_002381,2026-02-25,Solo Explorer,iOS
USR_002382,2026-02-02,Solo Explorer,iOS
USR_002383,2025-05-05,Solo Explorer,Android
USR_002384,2026-02-24,Solo Explorer,iOS
USR_002385,2025-08-25,Solo Explorer,iOS
USR_002386,2025-03-27,Business,Android
USR_002387,2025-07-21,Business,iOS
USR_002388,2025-04-07,Solo Explorer,iOS
USR_002389,2025-01-05,Solo Explorer,iOS
USR_002390,2025-07-03,Solo Explorer,Android
USR_002391,2025-08-10,Solo Explorer,Android
USR_002392,2026-02-08,Family/Group,Android
USR_002393,2026-02-06,Solo Explorer,Android
USR_002394,2025-10-08,Business,iOS
USR_002395,2025-11-27,Solo Explorer,iOS
USR_002396,2025-02-18,Solo Explorer,iOS
USR_002397,2026-01-05,Business,Android
USR_002398,2025-10-14,Solo Explorer,iOS
USR_002399,2026-02-08,Family/Group,iOS
USR_002400,2026-01-23,Business,iOS
USR_002401,2026-01-16,Business,iOS
USR_002402,2025-04-23,Business,Android
USR_002403,2025-12-22,Solo Explorer,Android
USR_002404,2026-02-03,Business,Android
USR_002405,2025-12-20,Family/Group,iOS
USR_002406,2025-05-02,Solo Explorer,iOS
USR_002407,2025-04-03,Business,iOS
USR_002408,2025-10-15,Solo Explorer,iOS
USR_002409,2025-04-30,Solo Explorer,Android
USR_002410,2025-10-18,Solo Explorer,iOS
USR_002411,2025-01-22,Solo Explorer,Android
USR_002412,2025-11-24,Solo Explorer,Android
USR_002413,2025-08-26,Business,iOS
USR_002414,2026-01-15,Solo Explorer,Android
USR_002415,2025-09-28,Solo Explorer,Android
USR_002416,2025-11-21,Business,iOS
USR_002417,2025-12-18,Family/Group,iOS
USR_002418,2026-01-05,Business,Android
USR_002419,2026-01-28,Business,iOS
USR_002420,2025-12-15,Business,Android
USR_002421,2025-09-10,Business,Android
USR_002422,2025-11-15,Business,iOS
USR_002423,2025-11-04,Solo Explorer,iOS
USR_002424,2025-12-11,Solo Explorer,iOS
USR_002425,2025-05-09,Family/Group,Android
USR_002426,2025-08-28,Family/Group,Android
USR_002427,2025-03-08,Family/Group,Android
USR_002428,2026-02-25,Business,Android
USR_002429,2026-02-10,Business,Android
USR_002430,2026-01-26,Business,Android
USR_002431,2026-02-18,Solo Explorer,Android
USR_002432,2025-08-02,Business,Android
USR_002433,2025-12-12,Solo Explorer,Android
USR_002434,2025-09-06,Business,iOS
USR_002435,2026-01-17,Family/Group,Android
USR_002436,2025-05-21,Solo Explorer,iOS
USR_002437,2026-02-15,Solo Explorer,iOS
USR_002438,2025-03-12,Solo Explorer,Android
USR_002439,2026-02-25,Business,Android
USR_002440,2025-05-22,Solo Explorer,iOS
USR_002441,2025-04-30,Business,iOS
USR_002442,2025-05-12,Business,Android
USR_002443,2025-09-10,Family/Group,Android
USR_002444,2025-02-15,Solo Explorer,iOS
USR_002445,2025-09-06,Solo Explorer,Android
USR_002446,2025-09-09,Solo Explorer,iOS
USR_002447,2025-04-04,Solo Explorer,Android
USR_002448,2025-07-03,Solo Explorer,iOS
USR_002449,2026-01-27,Solo Explorer,iOS
USR_002450,2025-07-29,Business,Android
USR_002451,2025-11-13,Solo Explorer,Android
USR_002452,2025-11-13,Solo Explorer,Android
USR_002453,2025-01-15,Business,iOS
USR_002454,2025-03-20,Family/Group,Android
USR_002455,2025-04-08,Business,iOS
USR_002456,2025-12-13,Family/Group,Android
USR_002457,2026-01-24,Business,Android
USR_002458,2025-04-21,Business,iOS
USR_002459,2025-05-11,Solo Explorer,Android
USR_002460,2025-11-26,Solo Explorer,iOS
USR_002461,2025-12-27,Solo Explorer,iOS
USR_002462,2025-05-11,Family/Group,Android
USR_002463,2026-01-10,Solo Explorer,iOS
USR_002464,2025-10-23,Family/Group,iOS
USR_002465,2025-06-15,Business,iOS
USR_002466,2026-02-19,Solo Explorer,Android
USR_002467,2025-11-04,Solo Explorer,Android
USR_002468,2025-08-06,Business,iOS
USR_002469,2026-01-28,Solo Explorer,iOS
USR_002470,2025-09-24,Business,iOS
USR_002471,2025-12-18,Business,iOS
USR_002472,2025-09-07,Solo Explorer,iOS
USR_002473,2025-09-13,Solo Explorer,Android
USR_002474,2025-04-14,Business,Android
USR_002475,2025-01-04,Family/Group,Android
USR_002476,2025-11-17,Family/Group,iOS
USR_002477,2026-02-22,Business,Android
USR_002478,2025-03-02,Business,Android
USR_002479,2025-12-12,Business,Android
USR_002480,2025-10-20,Solo Explorer,iOS
USR_002481,2025-01-07,Solo Explorer,Android
USR_002482,2025-05-30,Solo Explorer,iOS
USR_002483,2025-01-16,Solo Explorer,iOS
USR_002484,2025-10-05,Family/Group,Android
USR_002485,2025-08-24,Solo Explorer,Android
USR_002486,2026-01-19,Solo Explorer,iOS
USR_002487,2026-01-18,Solo Explorer,Android
USR_002488,2025-11-04,Solo Explorer,Android
USR_002489,2026-01-24,Business,iOS
USR_002490,2025-05-31,Solo Explorer,Android
USR_002491,2025-04-10,Solo Explorer,Android
USR_002492,2025-06-27,Solo Explorer,iOS
USR_002493,2025-01-18,Solo Explorer,iOS
USR_002494,2025-12-19,Family/Group,Android
USR_002495,2025-02-10,Business,iOS
USR_002496,2025-11-13,Solo Explorer,iOS
USR_002497,2026-02-07,Solo Explorer,iOS
USR_002498,2026-02-06,Solo Explorer,Android
USR_002499,2025-06-24,Business,Android
USR_002500,2025-11-23,Solo Explorer,iOS
USR_002501,2025-11-01,Solo Explorer,Android
USR_002502,2025-01-20,Solo Explorer,Android
USR_002503,2025-11-26,Business,Android
USR_002504,2025-06-02,Business,Android
USR_002505,2025-02-18,Solo Explorer,Android
USR_002506,2025-12-02,Solo Explorer,Android
USR_002507,2025-09-17,Family/Group,iOS
USR_002508,2026-01-03,Solo Explorer,Android
USR_002509,2025-02-12,Business,iOS
USR_002510,2025-07-03,Solo Explorer,Android
USR_002511,2025-12-07,Business,Android
USR_002512,2025-04-07,Family/Group,Android
USR_002513,2025-01-26,Business,iOS
USR_002514,2025-02-20,Solo Explorer,Android
USR_002515,2025-12-10,Solo Explorer,Android
USR_002516,2025-12-02,Solo Explorer,Android
USR_002517,2025-02-13,Solo Explorer,Android
USR_002518,2025-10-24,Solo Explorer,iOS
USR_002519,2025-11-16,Solo Explorer,Android
USR_002520,2025-01-09,Business,iOS
USR_002521,2025-11-29,Solo Explorer,Android
USR_002522,2025-01-21,Solo Explorer,iOS
USR_002523,2025-05-30,Solo Explorer,Android
USR_002524,2025-02-22,Solo Explorer,Android
USR_002525,2025-04-08,Business,iOS
USR_002526,2026-01-09,Solo Explorer,iOS
USR_002527,2025-04-17,Solo Explorer,Android
USR_002528,2025-08-31,Solo Explorer,iOS
USR_002529,2025-10-05,Solo Explorer,iOS
USR_002530,2026-02-25,Family/Group,Android
USR_002531,2025-08-28,Solo Explorer,iOS
USR_002532,2025-01-07,Solo Explorer,Android
USR_002533,2026-01-29,Solo Explorer,Android
USR_002534,2025-06-01,Solo Explorer,Android
USR_002535,2025-06-06,Family/Group,Android
USR_002536,2026-01-05,Solo Explorer,iOS
USR_002537,2025-09-15,Family/Group,iOS
USR_002538,2025-11-22,Family/Group,iOS
USR_002539,2025-12-19,Solo Explorer,Android
USR_002540,2025-01-03,Solo Explorer,Android
USR_002541,2025-12-29,Family/Group,Android
USR_002542,2025-09-15,Solo Explorer,iOS
USR_002543,2025-05-24,Solo Explorer,Android
USR_002544,2025-02-27,Solo Explorer,iOS
USR_002545,2025-03-31,Solo Explorer,Android
USR_002546,2025-05-31,Solo Explorer,iOS
USR_002547,2025-01-24,Solo Explorer,Android
USR_002548,2025-05-16,Solo Explorer,Android
USR_002549,2025-05-16,Business,iOS
USR_002550,2025-07-11,Business,Android
USR_002551,2025-05-17,Solo Explorer,iOS
USR_002552,2025-01-17,Business,Android
USR_002553,2025-03-28,Solo Explorer,iOS
USR_002554,2025-08-25,Business,iOS
USR_002555,2025-10-17,Solo Explorer,Android
USR_002556,2025-12-03,Business,Android
USR_002557,2025-04-12,Solo Explorer,Android
USR_002558,2025-10-21,Solo Explorer,iOS
USR_002559,2025-11-30,Solo Explorer,Android
USR_002560,2025-05-27,Business,iOS
USR_002561,2025-09-12,Business,Android
USR_002562,2025-08-06,Solo Explorer,Android
USR_002563,2026-01-15,Business,Android
USR_002564,2026-01-01,Family/Group,Android
USR_002565,2025-10-29,Solo Explorer,iOS
USR_002566,2025-12-27,Solo Explorer,Android
USR_002567,2025-10-18,Solo Explorer,iOS
USR_002568,2026-01-20,Family/Group,iOS
USR_002569,2025-11-08,Solo Explorer,Android
USR_002570,2025-06-07,Solo Explorer,iOS
USR_002571,2025-11-04,Business,Android
USR_002572,2025-10-20,Solo Explorer,Android
USR_002573,2025-10-18,Business,iOS
USR_002574,2025-04-15,Family/Group,Android
USR_002575,2026-02-07,Solo Explorer,iOS
USR_002576,2025-02-01,Solo Explorer,iOS
USR_002577,2025-09-19,Solo Explorer,iOS
USR_002578,2025-12-02,Solo Explorer,iOS
USR_002579,2026-01-22,Solo Explorer,iOS
USR_002580,2025-01-20,Solo Explorer,Android
USR_002581,2025-07-26,Solo Explorer,Android
USR_002582,2025-03-06,Solo Explorer,iOS
USR_002583,2026-02-03,Business,Android
USR_002584,2025-06-26,Business,Android
USR_002585,2025-10-07,Solo Explorer,Android
USR_002586,2025-09-17,Solo Explorer,Android
USR_002587,2025-07-14,Family/Group,iOS
USR_002588,2025-08-02,Family/Group,Android
USR_002589,2025-04-18,Family/Group,iOS
USR_002590,2025-08-21,Solo Explorer,iOS
USR_002591,2025-11-10,Business,iOS
USR_002592,2025-01-10,Business,iOS
USR_002593,2025-04-26,Family/Group,iOS
USR_002594,2025-06-13,Solo Explorer,iOS
USR_002595,2025-12-31,Solo Explorer,iOS
USR_002596,2025-03-08,Solo Explorer,iOS
USR_002597,2025-11-30,Business,iOS
USR_002598,2025-12-16,Solo Explorer,Android
USR_002599,2025-04-10,Solo Explorer,iOS
USR_002600,2025-01-08,Business,iOS
USR_002601,2025-10-03,Business,iOS
USR_002602,2025-11-27,Solo Explorer,iOS
USR_002603,2026-02-22,Business,iOS
USR_002604,2025-01-19,Solo Explorer,Android
USR_002605,2025-04-30,Business,iOS
USR_002606,2025-10-31,Family/Group,iOS
USR_002607,2025-10-31,Solo Explorer,Android
USR_002608,2025-05-27,Solo Explorer,iOS
USR_002609,2025-12-17,Solo Explorer,iOS
USR_002610,2025-03-23,Solo Explorer,Android
USR_002611,2026-01-15,Solo Explorer,Android
USR_002612,2025-02-23,Solo Explorer,iOS
USR_002613,2025-07-01,Solo Explorer,iOS
USR_002614,2025-02-24,Family/Group,iOS
USR_002615,2026-02-07,Solo Explorer,Android
USR_002616,2025-11-16,Solo Explorer,iOS
USR_002617,2025-03-28,Solo Explorer,Android
USR_002618,2026-01-07,Solo Explorer,Android
USR_002619,2025-06-10,Solo Explorer,Android
USR_002620,2025-08-29,Business,iOS
USR_002621,2026-01-04,Business,Android
USR_002622,2025-08-30,Family/Group,Android
USR_002623,2025-12-23,Solo Explorer,iOS
USR_002624,2025-04-21,Solo Explorer,iOS
USR_002625,2025-11-07,Solo Explorer,Android
USR_002626,2026-01-17,Solo Explorer,iOS
USR_002627,2025-01-31,Solo Explorer,Android
USR_002628,2025-12-21,Solo Explorer,iOS
USR_002629,2025-08-20,Family/Group,iOS
USR_002630,2025-05-17,Family/Group,iOS
USR_002631,2025-12-02,Solo Explorer,iOS
USR_002632,2025-05-23,Solo Explorer,Android
USR_002633,2025-02-03,Solo Explorer,Android
USR_002634,2025-05-03,Business,iOS
USR_002635,2026-02-22,Business,iOS
USR_002636,2025-02-21,Family/Group,Android
USR_002637,2025-11-16,Business,Android
USR_002638,2025-03-01,Business,Android
USR_002639,2025-09-11,Solo Explorer,iOS
USR_002640,2025-07-16,Solo Explorer,Android
USR_002641,2025-12-25,Solo Explorer,Android
USR_002642,2025-12-25,Solo Explorer,iOS
USR_002643,2025-11-07,Solo Explorer,Android
USR_002644,2025-01-09,Solo Explorer,iOS
USR_002645,2025-04-17,Solo Explorer,iOS
USR_002646,2025-12-27,Family/Group,iOS
USR_002647,2025-03-06,Solo Explorer,Android
USR_002648,2025-12-06,Family/Group,Android
USR_002649,2025-08-05,Solo Explorer,Android
USR_002650,2025-01-15,Solo Explorer,Android
USR_002651,2025-04-07,Solo Explorer,iOS
USR_002652,2025-01-09,Solo Explorer,iOS
USR_002653,2025-10-06,Solo Explorer,Android
USR_002654,2025-01-27,Solo Explorer,Android
USR_002655,2025-02-07,Solo Explorer,Android
USR_002656,2025-08-28,Solo Explorer,iOS
USR_002657,2025-01-04,Solo Explorer,Android
USR_002658,2025-06-06,Business,Android
USR_002659,2025-07-05,Solo Explorer,Android
USR_002660,2025-11-24,Solo Explorer,Android
USR_002661,2025-09-19,Business,Android
USR_002662,2025-02-19,Family/Group,Android
USR_002663,2025-03-17,Business,Android
USR_002664,2025-02-04,Family/Group,iOS
USR_002665,2025-09-12,Solo Explorer,iOS
USR_002666,2025-05-28,Family/Group,Android
USR_002667,2025-11-03,Business,iOS
USR_002668,2025-06-16,Solo Explorer,Android
USR_002669,2025-05-15,Solo Explorer,Android
USR_002670,2025-09-03,Solo Explorer,Android
USR_002671,2025-12-23,Solo Explorer,Android
USR_002672,2025-08-05,Solo Explorer,iOS
USR_002673,2025-06-19,Solo Explorer,iOS
USR_002674,2026-01-24,Solo Explorer,Android
USR_002675,2025-05-14,Family/Group,iOS
USR_002676,2025-09-09,Business,iOS
USR_002677,2025-04-14,Family/Group,iOS
USR_002678,2025-09-04,Solo Explorer,iOS
USR_002679,2025-01-14,Solo Explorer,iOS
USR_002680,2025-06-30,Solo Explorer,Android
USR_002681,2025-04-07,Solo Explorer,iOS
USR_002682,2025-11-29,Solo Explorer,Android
USR_002683,2025-02-16,Family/Group,Android
USR_002684,2025-08-19,Solo Explorer,Android
USR_002685,2025-06-08,Solo Explorer,Android
USR_002686,2025-12-11,Solo Explorer,iOS
USR_002687,2025-09-04,Solo Explorer,Android
USR_002688,2025-11-19,Solo Explorer,iOS
USR_002689,2025-06-27,Business,iOS
USR_002690,2025-06-09,Solo Explorer,Android
USR_002691,2025-07-12,Business,Android
USR_002692,2025-10-24,Family/Group,iOS
USR_002693,2025-01-05,Solo Explorer,Android
USR_002694,2025-02-24,Business,Android
USR_002695,2025-04-20,Solo Explorer,Android
USR_002696,2025-05-15,Solo Explorer,Android
USR_002697,2025-03-02,Solo Explorer,iOS
USR_002698,2025-08-30,Family/Group,Android
USR_002699,2025-07-10,Family/Group,iOS
USR_002700,2025-07-13,Solo Explorer,iOS
USR_002701,2025-12-15,Solo Explorer,Android
USR_002702,2026-01-09,Solo Explorer,Android
USR_002703,2025-10-07,Business,iOS
USR_002704,2026-01-01,Solo Explorer,iOS
USR_002705,2025-12-03,Solo Explorer,Android
USR_002706,2026-01-10,Business,Android
USR_002707,2025-11-28,Business,Android
USR_002708,2025-08-22,Business,Android
USR_002709,2025-05-17,Family/Group,iOS
USR_002710,2025-08-26,Solo Explorer,iOS
USR_002711,2026-01-09,Solo Explorer,Android
USR_002712,2025-12-31,Solo Explorer,Android
USR_002713,2025-05-28,Solo Explorer,Android
USR_002714,2026-01-24,Solo Explorer,iOS
USR_002715,2025-11-19,Solo Explorer,iOS
USR_002716,2025-10-17,Business,iOS
USR_002717,2025-02-25,Solo Explorer,iOS
USR_002718,2025-04-07,Business,iOS
USR_002719,2025-05-07,Business,Android
USR_002720,2025-07-18,Business,iOS
USR_002721,2026-01-15,Solo Explorer,iOS
USR_002722,2025-10-27,Family/Group,iOS
USR_002723,2025-07-08,Family/Group,iOS
USR_002724,2025-10-08,Solo Explorer,Android
USR_002725,2025-04-25,Family/Group,iOS
USR_002726,2025-04-25,Family/Group,iOS
USR_002727,2025-05-06,Solo Explorer,Android
USR_002728,2025-03-13,Solo Explorer,iOS
USR_002729,2025-03-04,Solo Explorer,Android
USR_002730,2025-05-09,Business,iOS
USR_002731,2025-08-23,Solo Explorer,iOS
USR_002732,2025-11-16,Family/Group,Android
USR_002733,2025-09-25,Solo Explorer,Android
USR_002734,2025-06-12,Solo Explorer,iOS
USR_002735,2025-01-05,Family/Group,Android
USR_002736,2025-01-02,Business,Android
USR_002737,2025-11-21,Solo Explorer,iOS
USR_002738,2025-12-01,Family/Group,Android
USR_002739,2025-05-25,Solo Explorer,Android
USR_002740,2025-05-22,Solo Explorer,Android
USR_002741,2025-06-15,Solo Explorer,Android
USR_002742,2025-05-22,Solo Explorer,Android
USR_002743,2025-11-14,Solo Explorer,iOS
USR_002744,2025-03-26,Family/Group,Android
USR_002745,2025-03-08,Solo Explorer,iOS
USR_002746,2025-02-19,Solo Explorer,iOS
USR_002747,2025-07-02,Solo Explorer,iOS
USR_002748,2025-03-20,Solo Explorer,Android
USR_002749,2025-01-06,Solo Explorer,Android
USR_002750,2026-02-10,Solo Explorer,Android
USR_002751,2026-02-08,Solo Explorer,iOS
USR_002752,2026-01-03,Business,iOS
USR_002753,2025-09-19,Family/Group,iOS
USR_002754,2025-09-24,Family/Group,iOS
USR_002755,2025-10-08,Business,iOS
USR_002756,2025-02-14,Solo Explorer,iOS
USR_002757,2025-03-19,Business,Android
USR_002758,2025-11-09,Solo Explorer,Android
USR_002759,2025-04-06,Solo Explorer,iOS
USR_002760,2025-07-13,Business,iOS
USR_002761,2026-01-05,Solo Explorer,iOS
USR_002762,2025-01-03,Family/Group,iOS
USR_002763,2025-10-07,Solo Explorer,Android
USR_002764,2025-09-10,Business,iOS
USR_002765,2026-01-12,Solo Explorer,iOS
USR_002766,2025-03-05,Family/Group,iOS
USR_002767,2026-01-05,Solo Explorer,Android
USR_002768,2025-08-17,Family/Group,Android
USR_002769,2026-02-08,Family/Group,Android
USR_002770,2025-03-09,Solo Explorer,iOS
USR_002771,2025-12-29,Business,Android
USR_002772,2025-03-31,Business,iOS
USR_002773,2025-07-07,Family/Group,Android
USR_002774,2025-03-11,Solo Explorer,Android
USR_002775,2025-01-23,Solo Explorer,Android
USR_002776,2025-09-11,Business,iOS
USR_002777,2025-06-21,Business,iOS
USR_002778,2025-04-06,Family/Group,Android
USR_002779,2026-01-18,Business,Android
USR_002780,2025-09-16,Business,Android
USR_002781,2025-02-20,Business,iOS
USR_002782,2025-10-24,Solo Explorer,iOS
USR_002783,2025-06-23,Business,iOS
USR_002784,2025-03-10,Solo Explorer,Android
USR_002785,2025-05-27,Solo Explorer,Android
USR_002786,2025-04-09,Family/Group,iOS
USR_002787,2025-01-02,Business,iOS
USR_002788,2026-02-21,Solo Explorer,Android
USR_002789,2025-11-26,Business,iOS
USR_002790,2025-04-09,Business,Android
USR_002791,2025-01-08,Solo Explorer,iOS
USR_002792,2025-08-19,Solo Explorer,Android
USR_002793,2025-12-21,Solo Explorer,Android
USR_002794,2025-04-24,Family/Group,Android
USR_002795,2025-08-28,Family/Group,Android
USR_002796,2026-01-07,Solo Explorer,Android
USR_002797,2025-10-20,Solo Explorer,Android
USR_002798,2025-09-16,Business,Android
USR_002799,2025-06-13,Business,Android
USR_002800,2025-02-10,Family/Group,Android
USR_002801,2025-11-01,Business,iOS
USR_002802,2025-05-04,Business,Android
USR_002803,2025-09-20,Solo Explorer,iOS
USR_002804,2025-09-28,Family/Group,iOS
USR_002805,2026-02-14,Solo Explorer,iOS
USR_002806,2025-06-01,Solo Explorer,iOS
USR_002807,2025-09-09,Solo Explorer,Android
USR_002808,2025-08-25,Business,iOS
USR_002809,2025-04-17,Family/Group,iOS
USR_002810,2025-08-15,Family/Group,Android
USR_002811,2025-06-01,Solo Explorer,Android
USR_002812,2025-03-21,Solo Explorer,Android
USR_002813,2025-11-28,Solo Explorer,Android
USR_002814,2025-03-16,Business,iOS
USR_002815,2025-05-20,Business,Android
USR_002816,2026-02-05,Solo Explorer,iOS
USR_002817,2025-04-26,Family/Group,iOS
USR_002818,2025-04-03,Solo Explorer,Android
USR_002819,2025-08-24,Solo Explorer,Android
USR_002820,2025-10-19,Family/Group,Android
USR_002821,2025-10-24,Business,iOS
USR_002822,2025-12-12,Family/Group,iOS
USR_002823,2025-04-01,Solo Explorer,Android
USR_002824,2026-01-31,Solo Explorer,Android
USR_002825,2026-01-08,Solo Explorer,iOS
USR_002826,2025-03-15,Family/Group,Android
USR_002827,2025-12-03,Solo Explorer,iOS
USR_002828,2025-03-19,Family/Group,iOS
USR_002829,2026-02-22,Solo Explorer,Android
USR_002830,2025-01-16,Solo Explorer,iOS
USR_002831,2026-02-21,Family/Group,iOS
USR_002832,2026-02-23,Solo Explorer,Android
USR_002833,2025-06-11,Business,Android
USR_002834,2025-05-20,Solo Explorer,Android
USR_002835,2025-09-02,Family/Group,Android
USR_002836,2025-06-10,Solo Explorer,Android
USR_002837,2025-07-19,Solo Explorer,Android
USR_002838,2025-04-07,Solo Explorer,iOS
USR_002839,2026-02-27,Solo Explorer,Android
USR_002840,2025-01-01,Solo Explorer,Android
USR_002841,2026-02-08,Solo Explorer,iOS
USR_002842,2025-12-12,Family/Group,Android
USR_002843,2025-09-01,Family/Group,iOS
USR_002844,2026-02-01,Family/Group,Android
USR_002845,2025-02-04,Family/Group,Android
USR_002846,2025-04-21,Solo Explorer,iOS
USR_002847,2025-06-17,Business,Android
USR_002848,2025-06-17,Family/Group,iOS
USR_002849,2025-11-24,Solo Explorer,Android
USR_002850,2025-07-22,Solo Explorer,iOS
USR_002851,2025-05-07,Family/Group,iOS
USR_002852,2025-07-17,Solo Explorer,iOS
USR_002853,2025-04-22,Business,Android
USR_002854,2025-07-29,Solo Explorer,Android
USR_002855,2026-02-02,Family/Group,Android
USR_002856,2025-04-30,Solo Explorer,iOS
USR_002857,2025-12-03,Business,iOS
USR_002858,2025-07-12,Solo Explorer,Android
USR_002859,2026-02-17,Solo Explorer,Android
USR_002860,2025-11-12,Family/Group,Android
USR_002861,2025-03-11,Solo Explorer,iOS
USR_002862,2025-08-01,Business,Android
USR_002863,2025-06-25,Business,iOS
USR_002864,2025-10-20,Solo Explorer,Android
USR_002865,2025-03-23,Solo Explorer,Android
USR_002866,2025-08-27,Solo Explorer,iOS
USR_002867,2025-09-28,Solo Explorer,iOS
USR_002868,2025-03-18,Family/Group,Android
USR_002869,2025-10-30,Solo Explorer,Android
USR_002870,2026-02-17,Solo Explorer,iOS
USR_002871,2025-04-10,Solo Explorer,iOS
USR_002872,2026-02-03,Solo Explorer,Android
USR_002873,2025-04-21,Family/Group,iOS
USR_002874,2025-07-27,Family/Group,Android
USR_002875,2025-10-15,Business,Android
USR_002876,2025-11-21,Family/Group,iOS
USR_002877,2025-10-02,Solo Explorer,iOS
USR_002878,2025-08-03,Solo Explorer,iOS
USR_002879,2025-06-27,Solo Explorer,iOS
USR_002880,2025-03-09,Family/Group,iOS
USR_002881,2025-08-31,Solo Explorer,Android
USR_002882,2025-03-01,Family/Group,Android
USR_002883,2025-05-09,Business,Android
USR_002884,2025-08-11,Solo Explorer,iOS
USR_002885,2025-01-09,Business,iOS
USR_002886,2025-04-16,Family/Group,iOS
USR_002887,2026-02-18,Solo Explorer,Android
USR_002888,2025-05-28,Solo Explorer,Android
USR_002889,2026-02-20,Family/Group,iOS
USR_002890,2026-02-15,Solo Explorer,Android
USR_002891,2025-05-11,Family/Group,Android
USR_002892,2025-10-13,Solo Explorer,Android
USR_002893,2025-02-09,Solo Explorer,iOS
USR_002894,2025-05-13,Solo Explorer,iOS
USR_002895,2025-09-20,Business,Android
USR_002896,2025-04-02,Business,iOS
USR_002897,2025-08-17,Solo Explorer,iOS
USR_002898,2025-11-02,Solo Explorer,Android
USR_002899,2026-02-05,Business,Android
USR_002900,2026-01-15,Business,Android
USR_002901,2025-12-24,Solo Explorer,iOS
USR_002902,2025-03-25,Solo Explorer,Android
USR_002903,2025-05-25,Solo Explorer,iOS
USR_002904,2025-03-20,Solo Explorer,iOS
USR_002905,2025-03-07,Solo Explorer,Android
USR_002906,2026-01-14,Solo Explorer,Android
USR_002907,2025-07-14,Solo Explorer,Android
USR_002908,2025-10-18,Solo Explorer,iOS
USR_002909,2025-05-22,Solo Explorer,iOS
USR_002910,2025-12-07,Solo Explorer,iOS
USR_002911,2025-10-02,Solo Explorer,iOS
USR_002912,2025-06-04,Solo Explorer,Android
USR_002913,2025-02-01,Solo Explorer,Android
USR_002914,2025-09-15,Solo Explorer,Android
USR_002915,2025-06-04,Solo Explorer,iOS
USR_002916,2025-07-26,Business,Android
USR_002917,2026-01-20,Solo Explorer,Android
USR_002918,2025-11-07,Solo Explorer,iOS
USR_002919,2025-03-25,Solo Explorer,Android
USR_002920,2025-09-25,Solo Explorer,Android
USR_002921,2025-07-03,Business,Android
USR_002922,2025-09-23,Family/Group,iOS
USR_002923,2025-01-07,Business,iOS
USR_002924,2025-08-08,Solo Explorer,iOS
USR_002925,2025-11-30,Solo Explorer,Android
USR_002926,2026-02-02,Family/Group,Android
USR_002927,2025-03-31,Solo Explorer,iOS
USR_002928,2025-07-12,Business,iOS
USR_002929,2025-03-22,Solo Explorer,Android
USR_002930,2025-04-26,Solo Explorer,Android
USR_002931,2025-11-08,Solo Explorer,Android
USR_002932,2025-05-30,Solo Explorer,Android
USR_002933,2025-06-05,Solo Explorer,Android
USR_002934,2025-10-23,Business,iOS
USR_002935,2025-06-29,Solo Explorer,Android
USR_002936,2026-01-08,Solo Explorer,Android
USR_002937,2025-02-10,Solo Explorer,iOS
USR_002938,2025-10-10,Solo Explorer,iOS
USR_002939,2025-11-21,Business,Android
USR_002940,2025-02-06,Solo Explorer,Android
USR_002941,2025-02-10,Solo Explorer,iOS
USR_002942,2026-01-02,Solo Explorer,iOS
USR_002943,2025-03-20,Business,iOS
USR_002944,2026-01-17,Solo Explorer,iOS
USR_002945,2025-03-28,Solo Explorer,Android
USR_002946,2025-04-12,Family/Group,iOS
USR_002947,2025-10-08,Solo Explorer,iOS
USR_002948,2025-08-03,Solo Explorer,Android
USR_002949,2025-03-09,Family/Group,Android
USR_002950,2025-04-04,Solo Explorer,Android
USR_002951,2025-05-28,Family/Group,Android
USR_002952,2025-03-18,Family/Group,Android
USR_002953,2025-09-24,Business,iOS
USR_002954,2025-06-06,Family/Group,Android
USR_002955,2025-05-29,Solo Explorer,iOS
USR_002956,2025-07-16,Family/Group,iOS
USR_002957,2025-12-15,Business,Android
USR_002958,2025-02-22,Business,iOS
USR_002959,2026-01-27,Solo Explorer,Android
USR_002960,2025-08-01,Solo Explorer,Android
USR_002961,2025-02-17,Solo Explorer,Android
USR_002962,2025-11-05,Family/Group,iOS
USR_002963,2026-02-03,Family/Group,Android
USR_002964,2026-01-31,Solo Explorer,iOS
USR_002965,2025-10-31,Family/Group,iOS
USR_002966,2025-06-10,Family/Group,Android
USR_002967,2025-06-19,Solo Explorer,Android
USR_002968,2026-02-03,Business,iOS
USR_002969,2026-02-12,Solo Explorer,iOS
USR_002970,2025-06-21,Solo Explorer,iOS
USR_002971,2025-04-03,Family/Group,Android
USR_002972,2026-02-19,Solo Explorer,Android
USR_002973,2025-04-26,Solo Explorer,iOS
USR_002974,2025-07-30,Business,Android
USR_002975,2025-07-13,Family/Group,Android
USR_002976,2025-01-02,Solo Explorer,iOS
USR_002977,2025-10-14,Family/Group,iOS
USR_002978,2025-07-25,Solo Explorer,Android
USR_002979,2025-08-18,Solo Explorer,iOS
USR_002980,2025-01-09,Business,iOS
USR_002981,2025-08-06,Solo Explorer,Android
USR_002982,2025-01-13,Solo Explorer,Android
USR_002983,2025-10-24,Family/Group,iOS
USR_002984,2025-06-10,Business,iOS
USR_002985,2025-07-28,Solo Explorer,Android
USR_002986,2025-11-04,Family/Group,Android
USR_002987,2025-12-04,Solo Explorer,iOS
USR_002988,2026-01-08,Solo Explorer,Android
USR_002989,2025-12-23,Solo Explorer,Android
USR_002990,2025-05-17,Business,Android
USR_002991,2025-05-21,Family/Group,iOS
USR_002992,2025-05-07,Solo Explorer,Android
USR_002993,2025-05-26,Business,Android
USR_002994,2025-11-28,Solo Explorer,Android
USR_002995,2025-11-09,Solo Explorer,Android
USR_002996,2025-04-17,Family/Group,Android
USR_002997,2025-10-21,Family/Group,iOS
USR_002998,2025-01-11,Solo Explorer,Android
USR_002999,2025-03-06,Solo Explorer,iOS
USR_003000,2025-01-11,Solo Explorer,Android
USR_003001,2025-03-24,Business,iOS
USR_003002,2025-03-07,Business,Android
USR_003003,2025-12-12,Solo Explorer,Android
USR_003004,2026-01-07,Solo Explorer,Android
USR_003005,2026-02-27,Solo Explorer,iOS
USR_003006,2025-04-06,Family/Group,Android
USR_003007,2025-03-21,Business,iOS
USR_003008,2025-11-19,Solo Explorer,Android
USR_003009,2025-06-24,Solo Explorer,Android
USR_003010,2025-10-27,Solo Explorer,Android
USR_003011,2025-08-11,Solo Explorer,Android
USR_003012,2025-10-26,Business,Android
USR_003013,2025-03-27,Solo Explorer,Android
USR_003014,2025-08-07,Solo Explorer,iOS
USR_003015,2025-09-17,Solo Explorer,Android
USR_003016,2025-03-07,Solo Explorer,Android
USR_003017,2025-05-19,Family/Group,iOS
USR_003018,2025-05-21,Solo Explorer,iOS
USR_003019,2025-08-23,Solo Explorer,iOS
USR_003020,2025-03-22,Solo Explorer,iOS
USR_003021,2025-10-14,Business,iOS
USR_003022,2025-03-01,Business,Android
USR_003023,2025-04-26,Business,Android
USR_003024,2025-10-31,Solo Explorer,iOS
USR_003025,2026-01-07,Family/Group,Android
USR_003026,2025-11-29,Solo Explorer,iOS
USR_003027,2025-09-08,Solo Explorer,Android
USR_003028,2025-10-27,Solo Explorer,iOS
USR_003029,2025-11-26,Solo Explorer,iOS
USR_003030,2025-11-18,Family/Group,iOS
USR_003031,2025-07-11,Solo Explorer,iOS
USR_003032,2026-01-22,Solo Explorer,iOS
USR_003033,2025-06-28,Solo Explorer,iOS
USR_003034,2025-11-24,Solo Explorer,Android
USR_003035,2025-07-02,Family/Group,iOS
USR_003036,2025-01-14,Solo Explorer,iOS
USR_003037,2025-04-14,Family/Group,Android
USR_003038,2025-09-29,Solo Explorer,iOS
USR_003039,2025-04-19,Business,iOS
USR_003040,2025-11-24,Solo Explorer,Android
USR_003041,2025-06-24,Solo Explorer,Android
USR_003042,2025-04-02,Family/Group,Android
USR_003043,2025-01-21,Solo Explorer,iOS
USR_003044,2025-03-24,Solo Explorer,Android
USR_003045,2025-05-03,Solo Explorer,Android
USR_003046,2025-04-20,Solo Explorer,Android
USR_003047,2025-01-10,Solo Explorer,iOS
USR_003048,2025-05-22,Solo Explorer,iOS
USR_003049,2026-02-14,Family/Group,iOS
USR_003050,2025-09-20,Solo Explorer,iOS
USR_003051,2025-01-11,Business,iOS
USR_003052,2025-02-16,Solo Explorer,Android
USR_003053,2025-05-15,Family/Group,Android
USR_003054,2025-11-26,Solo Explorer,iOS
USR_003055,2025-07-20,Family/Group,iOS
USR_003056,2025-11-26,Family/Group,Android
USR_003057,2025-03-13,Solo Explorer,iOS
USR_003058,2025-04-08,Business,Android
USR_003059,2025-02-13,Solo Explorer,Android
USR_003060,2025-03-01,Solo Explorer,iOS
USR_003061,2025-11-11,Solo Explorer,iOS
USR_003062,2025-10-16,Solo Explorer,iOS
USR_003063,2025-03-26,Solo Explorer,Android
USR_003064,2025-09-18,Solo Explorer,Android
USR_003065,2025-05-07,Solo Explorer,Android
USR_003066,2025-01-09,Solo Explorer,iOS
USR_003067,2025-06-06,Solo Explorer,Android
USR_003068,2025-03-08,Solo Explorer,Android
USR_003069,2026-01-11,Family/Group,Android
USR_003070,2025-03-14,Solo Explorer,iOS
USR_003071,2025-10-05,Solo Explorer,iOS
USR_003072,2026-01-24,Business,Android
USR_003073,2025-10-31,Solo Explorer,iOS
USR_003074,2025-03-17,Business,iOS
USR_003075,2026-01-27,Solo Explorer,Android
USR_003076,2025-04-27,Solo Explorer,Android
USR_003077,2025-10-24,Family/Group,iOS
USR_003078,2025-01-30,Family/Group,iOS
USR_003079,2025-12-26,Solo Explorer,Android
USR_003080,2025-03-14,Business,Android
USR_003081,2025-04-20,Business,Android
USR_003082,2026-01-25,Business,iOS
USR_003083,2025-04-12,Solo Explorer,iOS
USR_003084,2025-12-01,Solo Explorer,Android
USR_003085,2025-10-29,Business,Android
USR_003086,2025-02-28,Solo Explorer,Android
USR_003087,2026-01-22,Family/Group,Android
USR_003088,2025-04-21,Business,iOS
USR_003089,2025-03-09,Solo Explorer,iOS
USR_003090,2025-09-01,Solo Explorer,Android
USR_003091,2025-05-06,Business,Android
USR_003092,2025-10-10,Solo Explorer,iOS
USR_003093,2025-05-20,Solo Explorer,iOS
USR_003094,2026-01-03,Solo Explorer,iOS
USR_003095,2025-12-10,Business,Android
USR_003096,2026-01-15,Business,Android
USR_003097,2025-08-11,Solo Explorer,iOS
USR_003098,2025-04-11,Solo Explorer,iOS
USR_003099,2025-09-01,Solo Explorer,iOS
USR_003100,2025-11-17,Solo Explorer,iOS
USR_003101,2025-02-03,Solo Explorer,Android
USR_003102,2025-07-10,Family/Group,Android
USR_003103,2025-03-23,Solo Explorer,iOS
USR_003104,2025-11-07,Solo Explorer,Android
USR_003105,2025-12-26,Solo Explorer,Android
USR_003106,2025-12-30,Solo Explorer,iOS
USR_003107,2025-05-21,Solo Explorer,Android
USR_003108,2025-11-05,Business,iOS
USR_003109,2025-09-13,Solo Explorer,Android
USR_003110,2026-01-13,Solo Explorer,Android
USR_003111,2026-01-05,Family/Group,Android
USR_003112,2025-01-30,Solo Explorer,Android
USR_003113,2025-04-24,Business,Android
USR_003114,2025-01-25,Solo Explorer,iOS
USR_003115,2025-10-08,Solo Explorer,iOS
USR_003116,2025-06-15,Business,Android
USR_003117,2025-01-18,Solo Explorer,iOS
USR_003118,2025-05-17,Solo Explorer,Android
USR_003119,2025-08-01,Solo Explorer,iOS
USR_003120,2025-12-17,Solo Explorer,iOS
USR_003121,2025-07-21,Solo Explorer,Android
USR_003122,2025-03-13,Business,iOS
USR_003123,2025-08-19,Solo Explorer,Android
USR_003124,2025-11-22,Solo Explorer,iOS
USR_003125,2025-05-05,Solo Explorer,iOS
USR_003126,2025-10-30,Solo Explorer,Android
USR_003127,2025-06-04,Family/Group,Android
USR_003128,2025-04-23,Family/Group,iOS
USR_003129,2025-09-03,Family/Group,Android
USR_003130,2025-12-23,Solo Explorer,Android
USR_003131,2025-09-03,Solo Explorer,Android
USR_003132,2025-11-12,Business,iOS
USR_003133,2025-01-03,Solo Explorer,iOS
USR_003134,2025-04-08,Business,iOS
USR_003135,2025-03-17,Family/Group,Android
USR_003136,2025-05-26,Solo Explorer,iOS
USR_003137,2025-05-10,Family/Group,iOS
USR_003138,2025-06-12,Solo Explorer,Android
USR_003139,2025-01-12,Business,iOS
USR_003140,2025-01-13,Business,iOS
USR_003141,2026-01-25,Business,Android
USR_003142,2025-12-21,Family/Group,iOS
USR_003143,2025-10-01,Solo Explorer,iOS
USR_003144,2025-09-18,Solo Explorer,Android
USR_003145,2025-12-23,Business,iOS
USR_003146,2025-05-07,Solo Explorer,iOS
USR_003147,2025-12-06,Solo Explorer,iOS
USR_003148,2025-03-19,Family/Group,Android
USR_003149,2025-03-22,Business,Android
USR_003150,2025-11-16,Family/Group,Android
USR_003151,2025-03-19,Solo Explorer,iOS
USR_003152,2025-01-26,Solo Explorer,iOS
USR_003153,2025-06-14,Business,Android
USR_003154,2025-10-23,Business,Android
USR_003155,2025-12-31,Solo Explorer,Android
USR_003156,2025-12-27,Solo Explorer,iOS
USR_003157,2025-11-04,Business,Android
USR_003158,2025-06-23,Business,iOS
USR_003159,2025-07-25,Solo Explorer,iOS
USR_003160,2025-11-19,Business,Android
USR_003161,2025-11-18,Solo Explorer,Android
USR_003162,2025-04-30,Solo Explorer,iOS
USR_003163,2026-02-08,Business,iOS
USR_003164,2025-12-01,Solo Explorer,Android
USR_003165,2025-10-31,Family/Group,Android
USR_003166,2025-11-02,Family/Group,Android
USR_003167,2025-11-30,Business,Android
USR_003168,2025-10-31,Business,Android
USR_003169,2025-09-05,Solo Explorer,Android
USR_003170,2025-03-19,Solo Explorer,Android
USR_003171,2025-11-01,Solo Explorer,iOS
USR_003172,2025-05-04,Business,iOS
USR_003173,2025-03-14,Solo Explorer,Android
USR_003174,2025-04-29,Solo Explorer,Android
USR_003175,2026-02-27,Family/Group,Android
USR_003176,2025-01-20,Family/Group,Android
USR_003177,2025-10-06,Business,Android
USR_003178,2025-06-22,Solo Explorer,iOS
USR_003179,2025-07-10,Solo Explorer,iOS
USR_003180,2025-02-10,Business,iOS
USR_003181,2025-04-22,Solo Explorer,Android
USR_003182,2025-03-22,Family/Group,Android
USR_003183,2025-04-06,Solo Explorer,Android
USR_003184,2025-07-23,Solo Explorer,Android
USR_003185,2026-01-19,Solo Explorer,iOS
USR_003186,2025-06-11,Business,iOS
USR_003187,2025-01-18,Solo Explorer,iOS
USR_003188,2025-03-01,Solo Explorer,Android
USR_003189,2025-10-19,Family/Group,iOS
USR_003190,2025-12-17,Family/Group,Android
USR_003191,2025-01-08,Solo Explorer,Android
USR_003192,2025-01-25,Family/Group,Android
USR_003193,2025-09-27,Business,iOS
USR_003194,2025-01-04,Business,Android
USR_003195,2025-07-17,Solo Explorer,Android
USR_003196,2025-01-23,Solo Explorer,Android
USR_003197,2025-04-29,Solo Explorer,Android
USR_003198,2025-03-31,Business,Android
USR_003199,2025-04-18,Solo Explorer,Android
USR_003200,2025-04-09,Solo Explorer,iOS
USR_003201,2025-06-04,Solo Explorer,Android
USR_003202,2025-08-17,Solo Explorer,iOS
USR_003203,2026-01-21,Family/Group,iOS
USR_003204,2025-11-07,Solo Explorer,Android
USR_003205,2025-06-03,Solo Explorer,iOS
USR_003206,2025-03-21,Business,iOS
USR_003207,2025-06-09,Solo Explorer,iOS
USR_003208,2025-12-13,Solo Explorer,iOS
USR_003209,2025-07-31,Family/Group,iOS
USR_003210,2025-10-25,Family/Group,iOS
USR_003211,2025-10-02,Solo Explorer,iOS
USR_003212,2025-02-19,Business,iOS
USR_003213,2025-01-27,Solo Explorer,iOS
USR_003214,2025-08-16,Family/Group,iOS
USR_003215,2025-03-31,Solo Explorer,Android
USR_003216,2025-11-30,Business,Android
USR_003217,2025-02-26,Solo Explorer,Android
USR_003218,2025-10-16,Family/Group,Android
USR_003219,2025-04-05,Business,Android
USR_003220,2025-01-09,Solo Explorer,iOS
USR_003221,2025-09-07,Solo Explorer,Android
USR_003222,2025-10-27,Family/Group,iOS
USR_003223,2026-02-14,Family/Group,Android
USR_003224,2025-08-04,Solo Explorer,Android
USR_003225,2025-11-24,Family/Group,iOS
USR_003226,2025-09-06,Solo Explorer,Android
USR_003227,2026-01-19,Solo Explorer,iOS
USR_003228,2025-08-02,Solo Explorer,iOS
USR_003229,2025-12-18,Solo Explorer,Android
USR_003230,2025-10-25,Family/Group,Android
USR_003231,2025-08-10,Family/Group,Android
USR_003232,2025-01-04,Family/Group,iOS
USR_003233,2025-11-09,Solo Explorer,Android
USR_003234,2026-02-14,Business,Android
USR_003235,2025-01-13,Solo Explorer,Android
USR_003236,2025-11-19,Solo Explorer,iOS
USR_003237,2025-09-26,Solo Explorer,iOS
USR_003238,2025-09-01,Solo Explorer,iOS
USR_003239,2025-11-02,Family/Group,iOS
USR_003240,2025-12-20,Family/Group,iOS
USR_003241,2025-04-05,Business,iOS
USR_003242,2025-03-21,Business,Android
USR_003243,2025-01-09,Solo Explorer,Android
USR_003244,2025-09-08,Solo Explorer,iOS
USR_003245,2025-03-10,Solo Explorer,Android
USR_003246,2025-10-14,Family/Group,Android
USR_003247,2025-02-10,Business,iOS
USR_003248,2025-02-03,Business,Android
USR_003249,2025-08-25,Solo Explorer,Android
USR_003250,2025-10-22,Solo Explorer,iOS
USR_003251,2025-04-18,Family/Group,iOS
USR_003252,2025-09-06,Solo Explorer,Android
USR_003253,2025-11-18,Business,iOS
USR_003254,2026-02-10,Family/Group,Android
USR_003255,2026-01-16,Family/Group,iOS
USR_003256,2026-01-10,Solo Explorer,Android
USR_003257,2025-08-19,Solo Explorer,Android
USR_003258,2025-07-08,Solo Explorer,Android
USR_003259,2025-02-28,Family/Group,iOS
USR_003260,2025-01-11,Solo Explorer,Android
USR_003261,2025-10-27,Solo Explorer,Android
USR_003262,2025-09-22,Solo Explorer,Android
USR_003263,2026-02-14,Business,iOS
USR_003264,2025-08-31,Business,iOS
USR_003265,2026-01-27,Family/Group,Android
USR_003266,2025-06-19,Business,iOS
USR_003267,2025-12-18,Solo Explorer,Android
USR_003268,2025-05-26,Business,Android
USR_003269,2025-05-08,Solo Explorer,iOS
USR_003270,2025-03-21,Business,Android
USR_003271,2025-03-25,Solo Explorer,Android
USR_003272,2025-12-24,Solo Explorer,Android
USR_003273,2026-01-05,Solo Explorer,iOS
USR_003274,2025-04-02,Solo Explorer,Android
USR_003275,2025-06-14,Solo Explorer,Android
USR_003276,2025-12-01,Solo Explorer,iOS
USR_003277,2025-07-31,Solo Explorer,iOS
USR_003278,2025-10-25,Solo Explorer,iOS
USR_003279,2025-05-28,Solo Explorer,iOS
USR_003280,2025-08-03,Solo Explorer,iOS
USR_003281,2025-03-26,Solo Explorer,Android
USR_003282,2025-03-28,Family/Group,Android
USR_003283,2025-01-28,Solo Explorer,iOS
USR_003284,2026-02-18,Solo Explorer,Android
USR_003285,2025-11-11,Solo Explorer,iOS
USR_003286,2025-06-20,Solo Explorer,iOS
USR_003287,2025-05-13,Solo Explorer,Android
USR_003288,2025-08-12,Solo Explorer,iOS
USR_003289,2025-03-15,Family/Group,Android
USR_003290,2026-01-06,Solo Explorer,iOS
USR_003291,2025-07-05,Business,Android
USR_003292,2025-02-23,Solo Explorer,Android
USR_003293,2025-12-20,Solo Explorer,Android
USR_003294,2026-01-04,Business,iOS
USR_003295,2025-05-18,Solo Explorer,iOS
USR_003296,2025-05-13,Business,Android
USR_003297,2026-01-04,Family/Group,Android
USR_003298,2025-07-12,Solo Explorer,iOS
USR_003299,2025-01-14,Solo Explorer,iOS
USR_003300,2026-02-12,Business,Android
USR_003301,2025-03-14,Business,Android
USR_003302,2025-09-18,Solo Explorer,iOS
USR_003303,2025-09-30,Solo Explorer,iOS
USR_003304,2025-07-16,Family/Group,iOS
USR_003305,2025-10-01,Solo Explorer,iOS
USR_003306,2026-02-07,Family/Group,iOS
USR_003307,2026-02-08,Solo Explorer,Android
USR_003308,2025-11-15,Solo Explorer,Android
USR_003309,2025-04-21,Family/Group,iOS
USR_003310,2025-07-09,Solo Explorer,iOS
USR_003311,2025-03-11,Solo Explorer,Android
USR_003312,2025-10-21,Business,Android
USR_003313,2025-12-15,Business,Android
USR_003314,2025-09-28,Solo Explorer,iOS
USR_003315,2025-11-21,Solo Explorer,iOS
USR_003316,2025-02-01,Solo Explorer,iOS
USR_003317,2025-04-06,Business,iOS
USR_003318,2025-09-27,Business,iOS
USR_003319,2025-01-07,Solo Explorer,iOS
USR_003320,2025-04-25,Business,iOS
USR_003321,2026-02-11,Family/Group,iOS
USR_003322,2025-05-07,Family/Group,iOS
USR_003323,2025-02-20,Solo Explorer,iOS
USR_003324,2025-02-01,Solo Explorer,Android
USR_003325,2025-04-06,Solo Explorer,Android
USR_003326,2025-01-04,Solo Explorer,iOS
USR_003327,2025-01-01,Solo Explorer,Android
USR_003328,2025-09-30,Solo Explorer,iOS
USR_003329,2026-01-25,Business,Android
USR_003330,2025-07-30,Business,Android
USR_003331,2025-06-02,Business,iOS
USR_003332,2025-03-04,Family/Group,iOS
USR_003333,2026-01-03,Solo Explorer,iOS
USR_003334,2025-10-28,Solo Explorer,iOS
USR_003335,2025-03-18,Solo Explorer,iOS
USR_003336,2025-08-30,Business,Android
USR_003337,2025-09-08,Family/Group,Android
USR_003338,2025-06-04,Family/Group,iOS
USR_003339,2025-06-04,Solo Explorer,iOS
USR_003340,2025-08-19,Solo Explorer,iOS
USR_003341,2025-10-20,Solo Explorer,iOS
USR_003342,2026-02-14,Solo Explorer,iOS
USR_003343,2026-01-27,Family/Group,iOS
USR_003344,2025-11-29,Solo Explorer,iOS
USR_003345,2025-11-15,Solo Explorer,iOS
USR_003346,2025-01-21,Solo Explorer,iOS
USR_003347,2025-04-20,Solo Explorer,iOS
USR_003348,2026-02-02,Business,iOS
USR_003349,2026-02-26,Solo Explorer,iOS
USR_003350,2025-11-01,Solo Explorer,Android
USR_003351,2025-01-05,Solo Explorer,iOS
USR_003352,2026-02-07,Business,iOS
USR_003353,2025-03-07,Business,Android
USR_003354,2025-03-25,Solo Explorer,iOS
USR_003355,2025-08-14,Family/Group,iOS
USR_003356,2025-02-17,Family/Group,Android
USR_003357,2026-02-01,Family/Group,Android
USR_003358,2026-02-05,Family/Group,Android
USR_003359,2026-01-20,Family/Group,Android
USR_003360,2025-05-01,Solo Explorer,iOS
USR_003361,2025-01-06,Family/Group,iOS
USR_003362,2025-06-05,Family/Group,Android
USR_003363,2025-04-29,Solo Explorer,Android
USR_003364,2025-07-12,Solo Explorer,Android
USR_003365,2025-01-20,Solo Explorer,iOS
USR_003366,2025-04-05,Solo Explorer,iOS
USR_003367,2025-05-23,Solo Explorer,Android
USR_003368,2025-07-22,Business,iOS
USR_003369,2025-04-06,Business,iOS
USR_003370,2025-01-17,Solo Explorer,Android
USR_003371,2025-07-06,Solo Explorer,Android
USR_003372,2025-06-05,Solo Explorer,iOS
USR_003373,2025-08-13,Solo Explorer,Android
USR_003374,2026-01-18,Business,iOS
USR_003375,2025-10-31,Family/Group,iOS
USR_003376,2025-03-25,Family/Group,iOS
USR_003377,2025-11-26,Solo Explorer,Android
USR_003378,2025-12-22,Solo Explorer,Android
USR_003379,2025-01-09,Family/Group,iOS
USR_003380,2025-12-12,Solo Explorer,Android
USR_003381,2025-10-03,Business,Android
USR_003382,2025-12-23,Solo Explorer,iOS
USR_003383,2025-05-03,Solo Explorer,iOS
USR_003384,2026-01-26,Solo Explorer,Android
USR_003385,2026-02-12,Solo Explorer,iOS
USR_003386,2025-05-16,Solo Explorer,Android
USR_003387,2025-09-21,Solo Explorer,iOS
USR_003388,2025-04-19,Family/Group,iOS
USR_003389,2025-08-24,Business,iOS
USR_003390,2026-01-11,Solo Explorer,iOS
USR_003391,2025-05-21,Business,iOS
USR_003392,2025-09-09,Solo Explorer,iOS
USR_003393,2025-11-10,Family/Group,Android
USR_003394,2025-05-04,Solo Explorer,Android
USR_003395,2025-03-24,Solo Explorer,iOS
USR_003396,2026-01-06,Business,iOS
USR_003397,2025-07-03,Business,Android
USR_003398,2025-05-16,Business,iOS
USR_003399,2025-11-23,Business,Android
USR_003400,2025-07-14,Solo Explorer,Android
USR_003401,2025-02-26,Solo Explorer,iOS
USR_003402,2025-01-23,Business,Android
USR_003403,2025-12-16,Solo Explorer,iOS
USR_003404,2025-06-05,Solo Explorer,Android
USR_003405,2025-12-06,Solo Explorer,iOS
USR_003406,2025-05-06,Solo Explorer,iOS
USR_003407,2025-05-30,Business,Android
USR_003408,2025-03-16,Family/Group,Android
USR_003409,2025-04-20,Solo Explorer,Android
USR_003410,2025-11-13,Solo Explorer,Android
USR_003411,2026-02-15,Solo Explorer,iOS
USR_003412,2025-06-11,Solo Explorer,iOS
USR_003413,2025-10-04,Solo Explorer,Android
USR_003414,2025-12-07,Business,iOS
USR_003415,2025-02-25,Family/Group,Android
USR_003416,2026-02-06,Solo Explorer,iOS
USR_003417,2026-01-23,Solo Explorer,Android
USR_003418,2026-02-24,Solo Explorer,iOS
USR_003419,2025-08-14,Solo Explorer,iOS
USR_003420,2025-10-05,Solo Explorer,Android
USR_003421,2025-05-03,Business,iOS
USR_003422,2025-07-07,Solo Explorer,iOS
USR_003423,2025-02-13,Solo Explorer,Android
USR_003424,2025-07-24,Family/Group,Android
USR_003425,2025-11-24,Solo Explorer,iOS
USR_003426,2025-02-16,Solo Explorer,Android
USR_003427,2025-09-14,Solo Explorer,Android
USR_003428,2025-02-26,Solo Explorer,Android
USR_003429,2025-02-24,Solo Explorer,iOS
USR_003430,2025-03-04,Family/Group,iOS
USR_003431,2025-07-30,Business,Android
USR_003432,2026-01-21,Solo Explorer,Android
USR_003433,2025-12-02,Family/Group,iOS
USR_003434,2025-06-26,Solo Explorer,Android
USR_003435,2025-01-21,Business,Android
USR_003436,2025-10-22,Solo Explorer,Android
USR_003437,2025-02-10,Family/Group,iOS
USR_003438,2025-04-08,Business,iOS
USR_003439,2025-04-18,Family/Group,Android
USR_003440,2025-10-13,Solo Explorer,iOS
USR_003441,2025-12-06,Solo Explorer,Android
USR_003442,2025-03-13,Solo Explorer,Android
USR_003443,2026-02-21,Solo Explorer,Android
USR_003444,2025-01-12,Business,Android
USR_003445,2025-03-01,Business,Android
USR_003446,2025-05-21,Solo Explorer,iOS
USR_003447,2025-09-29,Solo Explorer,Android
USR_003448,2025-04-11,Business,iOS
USR_003449,2025-04-06,Solo Explorer,Android
USR_003450,2026-02-27,Solo Explorer,Android
USR_003451,2025-10-05,Solo Explorer,Android
USR_003452,2025-08-24,Solo Explorer,iOS
USR_003453,2025-08-16,Business,Android
USR_003454,2025-07-27,Solo Explorer,iOS
USR_003455,2026-01-27,Family/Group,Android
USR_003456,2025-11-16,Solo Explorer,iOS
USR_003457,2025-06-08,Solo Explorer,Android
USR_003458,2026-02-09,Business,Android
USR_003459,2025-06-13,Solo Explorer,Android
USR_003460,2025-04-21,Solo Explorer,Android
USR_003461,2025-12-08,Business,iOS
USR_003462,2025-01-17,Business,iOS
USR_003463,2025-07-29,Business,iOS
USR_003464,2025-08-22,Family/Group,Android
USR_003465,2025-10-26,Solo Explorer,iOS
USR_003466,2025-10-25,Solo Explorer,iOS
USR_003467,2025-06-24,Solo Explorer,Android
USR_003468,2025-12-01,Solo Explorer,Android
USR_003469,2025-01-25,Family/Group,iOS
USR_003470,2025-09-19,Business,iOS
USR_003471,2025-06-18,Business,Android
USR_003472,2025-12-04,Solo Explorer,iOS
USR_003473,2025-02-14,Business,Android
USR_003474,2025-08-12,Family/Group,iOS
USR_003475,2026-02-08,Solo Explorer,iOS
USR_003476,2025-10-24,Solo Explorer,iOS
USR_003477,2025-07-05,Family/Group,Android
USR_003478,2025-08-07,Business,iOS
USR_003479,2025-07-14,Solo Explorer,iOS
USR_003480,2025-11-03,Solo Explorer,Android
USR_003481,2025-10-08,Family/Group,iOS
USR_003482,2025-01-10,Family/Group,Android
USR_003483,2025-09-07,Solo Explorer,iOS
USR_003484,2025-12-11,Business,iOS
USR_003485,2025-01-07,Solo Explorer,iOS
USR_003486,2025-10-06,Solo Explorer,iOS
USR_003487,2025-06-19,Family/Group,iOS
USR_003488,2025-03-03,Solo Explorer,iOS
USR_003489,2025-09-01,Business,Android
USR_003490,2025-07-20,Solo Explorer,iOS
USR_003491,2026-01-20,Solo Explorer,Android
USR_003492,2025-05-16,Solo Explorer,Android
USR_003493,2025-02-08,Business,Android
USR_003494,2025-01-30,Solo Explorer,Android
USR_003495,2025-12-08,Family/Group,iOS
USR_003496,2025-06-27,Solo Explorer,Android
USR_003497,2025-07-21,Business,iOS
USR_003498,2025-10-02,Solo Explorer,Android
USR_003499,2025-09-29,Family/Group,Android
USR_003500,2025-12-11,Solo Explorer,Android
USR_003501,2025-07-04,Solo Explorer,Android
USR_003502,2025-10-16,Solo Explorer,iOS
USR_003503,2025-11-28,Solo Explorer,iOS
USR_003504,2025-09-11,Solo Explorer,iOS
USR_003505,2025-11-14,Solo Explorer,iOS
USR_003506,2025-08-17,Solo Explorer,Android
USR_003507,2025-02-04,Solo Explorer,iOS
USR_003508,2025-01-20,Business,Android
USR_003509,2025-09-01,Family/Group,iOS
USR_003510,2025-10-22,Business,Android
USR_003511,2025-04-27,Family/Group,iOS
USR_003512,2025-03-02,Business,Android
USR_003513,2025-06-24,Business,iOS
USR_003514,2025-04-05,Solo Explorer,Android
USR_003515,2026-02-12,Family/Group,iOS
USR_003516,2025-06-01,Solo Explorer,iOS
USR_003517,2025-09-13,Business,Android
USR_003518,2025-10-09,Business,Android
USR_003519,2025-03-31,Solo Explorer,Android
USR_003520,2025-11-15,Solo Explorer,iOS
USR_003521,2026-01-28,Solo Explorer,Android
USR_003522,2026-01-12,Business,Android
USR_003523,2025-11-22,Solo Explorer,Android
USR_003524,2025-04-08,Family/Group,Android
USR_003525,2025-11-13,Business,Android
USR_003526,2025-08-11,Family/Group,iOS
USR_003527,2025-03-05,Solo Explorer,iOS
USR_003528,2025-04-26,Solo Explorer,iOS
USR_003529,2025-06-03,Family/Group,Android
USR_003530,2025-01-13,Business,Android
USR_003531,2025-07-24,Solo Explorer,iOS
USR_003532,2025-04-09,Family/Group,Android
USR_003533,2025-01-19,Business,Android
USR_003534,2025-04-13,Business,iOS
USR_003535,2025-10-03,Business,Android
USR_003536,2025-07-07,Solo Explorer,iOS
USR_003537,2025-09-19,Solo Explorer,Android
USR_003538,2025-02-05,Business,Android
USR_003539,2025-10-03,Family/Group,iOS
USR_003540,2025-12-16,Business,iOS
USR_003541,2026-01-06,Solo Explorer,Android
USR_003542,2026-01-31,Family/Group,Android
USR_003543,2025-01-07,Solo Explorer,iOS
USR_003544,2025-12-19,Family/Group,iOS
USR_003545,2025-05-18,Solo Explorer,iOS
USR_003546,2025-03-17,Business,Android
USR_003547,2025-09-22,Solo Explorer,Android
USR_003548,2026-02-12,Family/Group,iOS
USR_003549,2025-10-26,Solo Explorer,iOS
USR_003550,2025-04-22,Business,Android
USR_003551,2025-06-13,Business,iOS
USR_003552,2025-09-02,Solo Explorer,Android
USR_003553,2025-05-09,Solo Explorer,Android
USR_003554,2026-01-13,Solo Explorer,iOS
USR_003555,2025-05-12,Solo Explorer,iOS
USR_003556,2025-07-21,Business,Android
USR_003557,2025-08-05,Business,Android
USR_003558,2026-01-31,Solo Explorer,Android
USR_003559,2025-01-31,Solo Explorer,Android
USR_003560,2025-01-21,Solo Explorer,iOS
USR_003561,2025-11-28,Solo Explorer,iOS
USR_003562,2025-12-19,Solo Explorer,iOS
USR_003563,2025-04-04,Business,iOS
USR_003564,2026-01-19,Business,iOS
USR_003565,2025-04-17,Solo Explorer,iOS
USR_003566,2025-04-01,Family/Group,iOS
USR_003567,2025-06-22,Business,Android
USR_003568,2026-01-29,Solo Explorer,iOS
USR_003569,2026-02-03,Solo Explorer,Android
USR_003570,2025-09-02,Family/Group,Android
USR_003571,2026-02-09,Solo Explorer,iOS
USR_003572,2025-01-28,Solo Explorer,Android
USR_003573,2025-10-20,Solo Explorer,Android
USR_003574,2025-07-26,Family/Group,iOS
USR_003575,2025-05-26,Solo Explorer,iOS
USR_003576,2025-06-04,Solo Explorer,Android
USR_003577,2025-06-16,Business,Android
USR_003578,2026-01-17,Solo Explorer,Android
USR_003579,2025-01-31,Family/Group,iOS
USR_003580,2025-10-23,Family/Group,Android
USR_003581,2026-01-12,Family/Group,Android
USR_003582,2025-06-30,Business,iOS
USR_003583,2026-01-16,Family/Group,iOS
USR_003584,2026-02-27,Family/Group,iOS
USR_003585,2025-06-20,Solo Explorer,Android
USR_003586,2025-08-12,Business,iOS
USR_003587,2025-09-10,Business,Android
USR_003588,2025-03-31,Family/Group,Android
USR_003589,2025-09-05,Solo Explorer,Android
USR_003590,2025-11-06,Solo Explorer,Android
USR_003591,2026-01-11,Business,iOS
USR_003592,2025-07-02,Family/Group,Android
USR_003593,2026-01-30,Solo Explorer,Android
USR_003594,2025-11-14,Business,Android
USR_003595,2025-09-09,Family/Group,iOS
USR_003596,2025-11-16,Family/Group,iOS
USR_003597,2025-11-27,Business,iOS
USR_003598,2025-02-12,Solo Explorer,iOS
USR_003599,2025-06-20,Solo Explorer,iOS
USR_003600,2025-02-05,Family/Group,iOS
USR_003601,2025-06-21,Solo Explorer,Android
USR_003602,2025-03-27,Solo Explorer,iOS
USR_003603,2026-02-24,Solo Explorer,Android
USR_003604,2025-01-17,Business,iOS
USR_003605,2025-09-16,Solo Explorer,iOS
USR_003606,2025-02-19,Business,Android
USR_003607,2025-10-09,Solo Explorer,Android
USR_003608,2026-02-21,Business,iOS
USR_003609,2025-06-28,Business,iOS
USR_003610,2025-10-18,Business,iOS
USR_003611,2025-07-13,Solo Explorer,Android
USR_003612,2025-01-16,Solo Explorer,Android
USR_003613,2026-01-12,Solo Explorer,Android
USR_003614,2025-08-23,Solo Explorer,Android
USR_003615,2025-07-12,Solo Explorer,Android
USR_003616,2025-04-07,Solo Explorer,iOS
USR_003617,2025-04-12,Family/Group,iOS
USR_003618,2025-03-01,Business,Android
USR_003619,2025-11-19,Solo Explorer,Android
USR_003620,2026-02-25,Solo Explorer,Android
USR_003621,2025-10-31,Solo Explorer,Android
USR_003622,2025-08-31,Business,iOS
USR_003623,2025-01-19,Solo Explorer,iOS
USR_003624,2025-06-07,Solo Explorer,Android
USR_003625,2026-01-02,Solo Explorer,iOS
USR_003626,2025-03-14,Solo Explorer,Android
USR_003627,2025-08-05,Business,iOS
USR_003628,2026-02-19,Solo Explorer,Android
USR_003629,2026-01-22,Solo Explorer,iOS
USR_003630,2025-03-26,Business,iOS
USR_003631,2025-01-20,Solo Explorer,iOS
USR_003632,2025-12-14,Business,iOS
USR_003633,2025-03-26,Solo Explorer,iOS
USR_003634,2025-03-06,Solo Explorer,Android
USR_003635,2025-06-11,Family/Group,iOS
USR_003636,2025-03-07,Family/Group,Android
USR_003637,2026-01-03,Solo Explorer,Android
USR_003638,2026-01-19,Solo Explorer,iOS
USR_003639,2025-09-20,Solo Explorer,Android
USR_003640,2025-11-12,Solo Explorer,Android
USR_003641,2025-06-12,Solo Explorer,iOS
USR_003642,2025-09-01,Solo Explorer,Android
USR_003643,2026-01-11,Solo Explorer,Android
USR_003644,2025-11-27,Business,Android
USR_003645,2025-01-11,Solo Explorer,Android
USR_003646,2025-04-05,Solo Explorer,Android
USR_003647,2025-03-30,Solo Explorer,Android
USR_003648,2026-01-20,Business,Android
USR_003649,2026-02-12,Family/Group,iOS
USR_003650,2025-11-21,Solo Explorer,iOS
USR_003651,2025-04-02,Solo Explorer,iOS
USR_003652,2025-07-30,Business,iOS
USR_003653,2025-10-16,Family/Group,Android
USR_003654,2026-02-11,Solo Explorer,Android
USR_003655,2025-10-16,Business,iOS
USR_003656,2025-06-13,Solo Explorer,iOS
USR_003657,2025-04-16,Business,Android
USR_003658,2026-01-04,Solo Explorer,Android
USR_003659,2025-05-20,Solo Explorer,Android
USR_003660,2025-01-05,Solo Explorer,iOS
USR_003661,2025-06-04,Family/Group,Android
USR_003662,2025-09-15,Solo Explorer,Android
USR_003663,2025-12-31,Solo Explorer,Android
USR_003664,2025-06-25,Solo Explorer,iOS
USR_003665,2025-05-30,Family/Group,iOS
USR_003666,2025-11-28,Solo Explorer,iOS
USR_003667,2025-11-10,Solo Explorer,iOS
USR_003668,2025-06-07,Family/Group,Android
USR_003669,2025-03-21,Family/Group,Android
USR_003670,2025-07-24,Solo Explorer,Android
USR_003671,2026-02-10,Solo Explorer,iOS
USR_003672,2025-08-04,Solo Explorer,iOS
USR_003673,2025-01-03,Solo Explorer,Android
USR_003674,2025-03-12,Business,Android
USR_003675,2026-01-05,Solo Explorer,Android
USR_003676,2025-02-10,Solo Explorer,Android
USR_003677,2025-12-08,Solo Explorer,iOS
USR_003678,2025-09-12,Family/Group,iOS
USR_003679,2025-04-02,Solo Explorer,Android
USR_003680,2025-10-21,Family/Group,iOS
USR_003681,2025-10-03,Family/Group,iOS
USR_003682,2025-09-04,Business,Android
USR_003683,2025-06-16,Business,Android
USR_003684,2025-08-04,Business,Android
USR_003685,2025-12-10,Business,iOS
USR_003686,2025-07-14,Family/Group,Android
USR_003687,2025-12-05,Family/Group,iOS
USR_003688,2025-10-12,Solo Explorer,iOS
USR_003689,2025-09-26,Business,iOS
USR_003690,2025-05-29,Solo Explorer,iOS
USR_003691,2025-01-09,Solo Explorer,Android
USR_003692,2026-02-13,Solo Explorer,Android
USR_003693,2025-08-30,Solo Explorer,iOS
USR_003694,2025-10-14,Solo Explorer,iOS
USR_003695,2025-01-11,Solo Explorer,iOS
USR_003696,2025-08-02,Solo Explorer,iOS
USR_003697,2025-07-16,Solo Explorer,iOS
USR_003698,2025-01-24,Family/Group,iOS
USR_003699,2025-12-20,Business,iOS
USR_003700,2025-03-22,Solo Explorer,Android
USR_003701,2025-04-29,Solo Explorer,Android
USR_003702,2025-04-13,Business,Android
USR_003703,2025-04-03,Solo Explorer,Android
USR_003704,2025-02-18,Solo Explorer,iOS
USR_003705,2026-02-27,Solo Explorer,iOS
USR_003706,2025-05-31,Business,Android
USR_003707,2025-09-03,Solo Explorer,Android
USR_003708,2025-10-12,Business,Android
USR_003709,2025-11-10,Business,iOS
USR_003710,2025-02-17,Business,Android
USR_003711,2026-01-25,Solo Explorer,Android
USR_003712,2025-03-07,Family/Group,Android
USR_003713,2025-08-03,Solo Explorer,Android
USR_003714,2025-11-14,Family/Group,Android
USR_003715,2025-01-03,Family/Group,iOS
USR_003716,2025-09-30,Solo Explorer,Android
USR_003717,2025-03-08,Solo Explorer,iOS
USR_003718,2025-03-12,Solo Explorer,Android
USR_003719,2025-05-25,Family/Group,iOS
USR_003720,2025-01-16,Family/Group,Android
USR_003721,2025-06-18,Business,iOS
USR_003722,2025-07-11,Solo Explorer,iOS
USR_003723,2025-05-29,Business,Android
USR_003724,2025-10-22,Solo Explorer,iOS
USR_003725,2025-04-20,Solo Explorer,iOS
USR_003726,2025-05-27,Solo Explorer,iOS
USR_003727,2025-05-18,Business,iOS
USR_003728,2025-12-08,Solo Explorer,iOS
USR_003729,2025-10-03,Solo Explorer,iOS
USR_003730,2026-02-11,Solo Explorer,iOS
USR_003731,2025-05-13,Business,Android
USR_003732,2025-10-27,Business,Android
USR_003733,2025-06-13,Solo Explorer,iOS
USR_003734,2025-08-13,Solo Explorer,Android
USR_003735,2026-01-27,Solo Explorer,iOS
USR_003736,2025-06-13,Solo Explorer,iOS
USR_003737,2025-07-22,Solo Explorer,Android
USR_003738,2026-02-06,Business,Android
USR_003739,2025-12-29,Solo Explorer,iOS
USR_003740,2025-10-21,Solo Explorer,Android
USR_003741,2025-03-23,Solo Explorer,iOS
USR_003742,2025-01-07,Business,Android
USR_003743,2025-09-17,Solo Explorer,iOS
USR_003744,2025-03-19,Family/Group,Android
USR_003745,2025-08-26,Business,Android
USR_003746,2025-05-25,Solo Explorer,Android
USR_003747,2025-12-21,Solo Explorer,iOS
USR_003748,2026-01-03,Family/Group,Android
USR_003749,2025-10-17,Solo Explorer,iOS
USR_003750,2025-11-08,Solo Explorer,iOS
USR_003751,2025-07-01,Solo Explorer,Android
USR_003752,2025-07-29,Solo Explorer,iOS
USR_003753,2025-05-08,Family/Group,Android
USR_003754,2026-02-12,Business,Android
USR_003755,2025-04-19,Business,Android
USR_003756,2025-02-11,Family/Group,Android
USR_003757,2025-04-20,Solo Explorer,iOS
USR_003758,2025-05-09,Solo Explorer,iOS
USR_003759,2025-04-25,Solo Explorer,Android
USR_003760,2025-08-23,Business,iOS
USR_003761,2025-07-03,Solo Explorer,Android
USR_003762,2025-07-10,Solo Explorer,Android
USR_003763,2025-10-18,Family/Group,Android
USR_003764,2025-09-25,Solo Explorer,Android
USR_003765,2025-11-03,Solo Explorer,Android
USR_003766,2025-10-20,Business,iOS
USR_003767,2025-03-16,Family/Group,iOS
USR_003768,2025-04-14,Solo Explorer,iOS
USR_003769,2025-08-08,Business,iOS
USR_003770,2026-02-19,Family/Group,Android
USR_003771,2025-01-21,Solo Explorer,Android
USR_003772,2025-05-19,Business,Android
USR_003773,2025-09-21,Solo Explorer,Android
USR_003774,2025-11-06,Family/Group,Android
USR_003775,2025-04-18,Family/Group,iOS
USR_003776,2025-06-14,Solo Explorer,iOS
USR_003777,2025-09-21,Solo Explorer,iOS
USR_003778,2025-11-27,Family/Group,Android
USR_003779,2025-10-28,Solo Explorer,iOS
USR_003780,2025-11-24,Solo Explorer,Android
USR_003781,2026-02-06,Solo Explorer,Android
USR_003782,2025-03-06,Solo Explorer,iOS
USR_003783,2025-03-20,Family/Group,iOS
USR_003784,2025-01-10,Business,Android
USR_003785,2026-01-29,Solo Explorer,iOS
USR_003786,2025-01-10,Family/Group,iOS
USR_003787,2025-11-09,Family/Group,iOS
USR_003788,2025-08-24,Business,iOS
USR_003789,2025-04-01,Solo Explorer,iOS
USR_003790,2026-01-03,Solo Explorer,iOS
USR_003791,2025-10-11,Business,Android
USR_003792,2025-11-26,Business,iOS
USR_003793,2025-03-04,Business,Android
USR_003794,2025-07-20,Solo Explorer,Android
USR_003795,2025-12-20,Solo Explorer,iOS
USR_003796,2025-08-07,Solo Explorer,Android
USR_003797,2026-01-16,Solo Explorer,iOS
USR_003798,2025-10-14,Solo Explorer,iOS
USR_003799,2025-08-19,Solo Explorer,Android
USR_003800,2025-05-19,Solo Explorer,iOS
USR_003801,2025-01-14,Solo Explorer,iOS
USR_003802,2025-01-28,Solo Explorer,Android
USR_003803,2025-01-29,Solo Explorer,iOS
USR_003804,2025-03-07,Solo Explorer,Android
USR_003805,2025-04-23,Solo Explorer,iOS
USR_003806,2025-08-02,Solo Explorer,iOS
USR_003807,2025-07-09,Business,iOS
USR_003808,2025-09-11,Solo Explorer,iOS
USR_003809,2025-03-20,Solo Explorer,iOS
USR_003810,2025-03-03,Solo Explorer,iOS
USR_003811,2025-08-23,Business,iOS
USR_003812,2025-05-23,Solo Explorer,iOS
USR_003813,2025-03-03,Family/Group,iOS
USR_003814,2025-05-29,Business,iOS
USR_003815,2026-02-04,Business,Android
USR_003816,2025-02-07,Family/Group,iOS
USR_003817,2025-06-17,Family/Group,iOS
USR_003818,2025-05-25,Solo Explorer,iOS
USR_003819,2025-02-05,Solo Explorer,iOS
USR_003820,2025-08-10,Business,iOS
USR_003821,2025-06-10,Solo Explorer,Android
USR_003822,2025-04-11,Business,iOS
USR_003823,2025-09-05,Solo Explorer,Android
USR_003824,2025-01-15,Solo Explorer,iOS
USR_003825,2025-08-12,Solo Explorer,iOS
USR_003826,2025-09-13,Family/Group,iOS
USR_003827,2025-01-10,Solo Explorer,iOS
USR_003828,2025-09-27,Solo Explorer,iOS
USR_003829,2026-01-23,Solo Explorer,Android
USR_003830,2025-05-13,Solo Explorer,iOS
USR_003831,2025-01-26,Solo Explorer,Android
USR_003832,2025-09-26,Family/Group,Android
USR_003833,2026-02-16,Solo Explorer,iOS
USR_003834,2025-09-02,Solo Explorer,iOS
USR_003835,2025-01-23,Family/Group,Android
USR_003836,2025-05-10,Family/Group,iOS
USR_003837,2025-11-19,Family/Group,Android
USR_003838,2025-08-09,Business,iOS
USR_003839,2025-10-19,Business,Android
USR_003840,2025-04-06,Solo Explorer,Android
USR_003841,2025-06-14,Solo Explorer,Android
USR_003842,2025-05-19,Family/Group,Android
USR_003843,2025-11-08,Business,iOS
USR_003844,2025-06-19,Solo Explorer,iOS
USR_003845,2025-08-05,Business,iOS
USR_003846,2025-03-24,Business,iOS
USR_003847,2026-02-18,Solo Explorer,iOS
USR_003848,2025-11-10,Solo Explorer,iOS
USR_003849,2025-08-11,Business,iOS
USR_003850,2025-05-18,Solo Explorer,iOS
USR_003851,2026-02-18,Solo Explorer,iOS
USR_003852,2025-05-14,Business,Android
USR_003853,2025-11-21,Solo Explorer,iOS
USR_003854,2025-01-23,Solo Explorer,Android
USR_003855,2026-01-26,Solo Explorer,Android
USR_003856,2025-11-14,Family/Group,Android
USR_003857,2025-07-14,Solo Explorer,Android
USR_003858,2026-01-02,Family/Group,Android
USR_003859,2025-01-18,Business,iOS
USR_003860,2025-05-30,Family/Group,Android
USR_003861,2025-07-05,Solo Explorer,Android
USR_003862,2025-06-05,Solo Explorer,iOS
USR_003863,2025-02-20,Solo Explorer,Android
USR_003864,2025-12-25,Solo Explorer,iOS
USR_003865,2025-12-11,Solo Explorer,Android
USR_003866,2025-12-25,Business,Android
USR_003867,2025-09-15,Business,Android
USR_003868,2025-02-24,Solo Explorer,Android
USR_003869,2025-11-12,Family/Group,iOS
USR_003870,2025-02-24,Business,iOS
USR_003871,2026-02-22,Business,Android
USR_003872,2026-02-19,Family/Group,Android
USR_003873,2025-02-16,Solo Explorer,iOS
USR_003874,2025-01-31,Business,iOS
USR_003875,2026-02-02,Solo Explorer,iOS
USR_003876,2025-04-07,Solo Explorer,Android
USR_003877,2025-07-23,Solo Explorer,Android
USR_003878,2025-10-12,Family/Group,iOS
USR_003879,2025-04-21,Family/Group,Android
USR_003880,2025-06-13,Business,iOS
USR_003881,2025-02-27,Solo Explorer,iOS
USR_003882,2026-01-17,Business,Android
USR_003883,2025-09-23,Business,iOS
USR_003884,2025-09-14,Family/Group,iOS
USR_003885,2025-08-02,Family/Group,Android
USR_003886,2025-04-25,Business,iOS
USR_003887,2025-10-16,Solo Explorer,iOS
USR_003888,2025-08-27,Family/Group,Android
USR_003889,2025-08-25,Family/Group,iOS
USR_003890,2025-08-18,Family/Group,Android
USR_003891,2025-04-10,Family/Group,Android
USR_003892,2025-10-26,Family/Group,iOS
USR_003893,2025-01-22,Family/Group,Android
USR_003894,2025-04-26,Family/Group,Android
USR_003895,2026-01-31,Solo Explorer,iOS
USR_003896,2025-05-13,Solo Explorer,iOS
USR_003897,2026-01-25,Family/Group,iOS
USR_003898,2025-10-21,Solo Explorer,iOS
USR_003899,2026-02-12,Family/Group,iOS
USR_003900,2025-10-23,Solo Explorer,Android
USR_003901,2025-02-20,Family/Group,iOS
USR_003902,2025-06-10,Solo Explorer,Android
USR_003903,2025-04-03,Solo Explorer,Android
USR_003904,2025-12-23,Solo Explorer,Android
USR_003905,2026-02-12,Business,Android
USR_003906,2025-10-10,Family/Group,Android
USR_003907,2025-03-18,Solo Explorer,iOS
USR_003908,2025-07-30,Solo Explorer,Android
USR_003909,2025-02-13,Business,iOS
USR_003910,2025-07-12,Family/Group,Android
USR_003911,2025-05-22,Solo Explorer,Android
USR_003912,2025-12-21,Solo Explorer,Android
USR_003913,2025-07-26,Solo Explorer,iOS
USR_003914,2025-05-28,Solo Explorer,Android
USR_003915,2025-04-13,Business,iOS
USR_003916,2025-06-26,Solo Explorer,Android
USR_003917,2026-01-06,Family/Group,iOS
USR_003918,2025-02-09,Solo Explorer,iOS
USR_003919,2025-02-26,Business,Android
USR_003920,2025-12-10,Solo Explorer,Android
USR_003921,2025-03-19,Solo Explorer,Android
USR_003922,2025-08-21,Family/Group,Android
USR_003923,2025-03-28,Family/Group,iOS
USR_003924,2025-06-01,Business,iOS
USR_003925,2025-07-15,Business,iOS
USR_003926,2026-01-18,Family/Group,Android
USR_003927,2026-01-11,Solo Explorer,iOS
USR_003928,2025-08-21,Business,iOS
USR_003929,2025-07-13,Business,iOS
USR_003930,2026-01-26,Solo Explorer,iOS
USR_003931,2025-03-28,Family/Group,Android
USR_003932,2025-09-05,Solo Explorer,iOS
USR_003933,2025-05-19,Solo Explorer,Android
USR_003934,2025-08-25,Business,Android
USR_003935,2025-12-11,Business,iOS
USR_003936,2026-02-23,Family/Group,Android
USR_003937,2025-03-26,Solo Explorer,Android
USR_003938,2026-01-25,Solo Explorer,iOS
USR_003939,2026-02-16,Solo Explorer,iOS
USR_003940,2025-08-22,Solo Explorer,Android
USR_003941,2025-05-01,Family/Group,iOS
USR_003942,2025-11-04,Solo Explorer,Android
USR_003943,2025-05-03,Business,iOS
USR_003944,2026-01-03,Business,iOS
USR_003945,2025-07-29,Business,Android
USR_003946,2026-01-02,Business,iOS
USR_003947,2025-08-26,Solo Explorer,iOS
USR_003948,2025-09-02,Family/Group,iOS
USR_003949,2025-11-02,Solo Explorer,iOS
USR_003950,2025-11-10,Solo Explorer,Android
USR_003951,2025-10-02,Business,Android
USR_003952,2025-08-01,Business,Android
USR_003953,2025-06-07,Business,Android
USR_003954,2025-07-18,Family/Group,iOS
USR_003955,2025-01-19,Business,iOS
USR_003956,2025-10-25,Solo Explorer,iOS
USR_003957,2025-06-04,Family/Group,Android
USR_003958,2025-12-08,Family/Group,iOS
USR_003959,2025-07-08,Solo Explorer,Android
USR_003960,2026-01-08,Solo Explorer,iOS
USR_003961,2025-02-05,Business,iOS
USR_003962,2026-01-14,Family/Group,Android
USR_003963,2025-10-19,Solo Explorer,Android
USR_003964,2025-09-24,Solo Explorer,iOS
USR_003965,2025-12-07,Solo Explorer,iOS
USR_003966,2025-04-15,Solo Explorer,Android
USR_003967,2025-11-18,Solo Explorer,Android
USR_003968,2025-08-21,Business,Android
USR_003969,2025-12-07,Family/Group,Android
USR_003970,2025-07-22,Solo Explorer,iOS
USR_003971,2025-04-20,Family/Group,Android
USR_003972,2025-09-01,Business,iOS
USR_003973,2025-12-13,Business,Android
USR_003974,2025-12-30,Solo Explorer,Android
USR_003975,2025-09-16,Solo Explorer,Android
USR_003976,2025-07-21,Family/Group,iOS
USR_003977,2025-01-18,Family/Group,Android
USR_003978,2025-11-16,Solo Explorer,iOS
USR_003979,2026-01-13,Solo Explorer,Android
USR_003980,2025-02-16,Business,iOS
USR_003981,2025-12-06,Solo Explorer,Android
USR_003982,2025-09-12,Business,iOS
USR_003983,2025-09-17,Solo Explorer,Android
USR_003984,2025-03-13,Family/Group,Android
USR_003985,2026-02-03,Solo Explorer,Android
USR_003986,2025-12-30,Family/Group,Android
USR_003987,2025-12-01,Business,iOS
USR_003988,2025-04-29,Solo Explorer,iOS
USR_003989,2025-09-21,Solo Explorer,iOS
USR_003990,2025-12-02,Solo Explorer,Android
USR_003991,2025-08-17,Solo Explorer,Android
USR_003992,2025-10-30,Family/Group,Android
USR_003993,2025-09-08,Solo Explorer,iOS
USR_003994,2025-06-23,Solo Explorer,iOS
USR_003995,2025-06-05,Solo Explorer,iOS
USR_003996,2025-04-29,Business,Android
USR_003997,2025-06-10,Business,iOS
USR_003998,2025-01-21,Solo Explorer,Android
USR_003999,2026-02-24,Business,iOS
USR_004000,2025-09-12,Business,iOS
USR_004001,2025-06-12,Business,Android
USR_004002,2025-11-26,Solo Explorer,iOS
USR_004003,2025-06-18,Solo Explorer,iOS
USR_004004,2025-12-08,Solo Explorer,Android
USR_004005,2025-10-19,Business,Android
USR_004006,2025-06-12,Solo Explorer,iOS
USR_004007,2025-12-07,Solo Explorer,iOS
USR_004008,2025-10-23,Solo Explorer,Android
USR_004009,2025-05-17,Solo Explorer,Android
USR_004010,2025-06-12,Solo Explorer,Android
USR_004011,2025-10-06,Business,iOS
USR_004012,2025-06-13,Solo Explorer,Android
USR_004013,2025-10-07,Business,iOS
USR_004014,2025-03-28,Solo Explorer,iOS
USR_004015,2025-10-23,Solo Explorer,iOS
USR_004016,2025-03-19,Solo Explorer,iOS
USR_004017,2025-08-29,Solo Explorer,Android
USR_004018,2025-08-22,Solo Explorer,Android
USR_004019,2025-03-07,Business,iOS
USR_004020,2025-01-13,Business,iOS
USR_004021,2025-09-09,Family/Group,Android
USR_004022,2025-07-13,Solo Explorer,Android
USR_004023,2025-04-10,Family/Group,Android
USR_004024,2025-12-31,Solo Explorer,Android
USR_004025,2025-06-12,Solo Explorer,iOS
USR_004026,2025-11-19,Solo Explorer,Android
USR_004027,2025-05-16,Solo Explorer,Android
USR_004028,2025-05-22,Family/Group,iOS
USR_004029,2025-03-26,Business,Android
USR_004030,2025-06-08,Solo Explorer,iOS
USR_004031,2025-10-17,Solo Explorer,iOS
USR_004032,2025-01-23,Family/Group,Android
USR_004033,2026-01-01,Solo Explorer,Android
USR_004034,2025-04-23,Family/Group,iOS
USR_004035,2025-10-20,Solo Explorer,Android
USR_004036,2025-01-12,Solo Explorer,iOS
USR_004037,2025-03-13,Business,iOS
USR_004038,2025-03-29,Business,iOS
USR_004039,2025-11-19,Solo Explorer,iOS
USR_004040,2025-01-01,Solo Explorer,iOS
USR_004041,2025-07-19,Solo Explorer,Android
USR_004042,2026-02-24,Solo Explorer,iOS
USR_004043,2025-03-16,Business,iOS
USR_004044,2025-06-02,Solo Explorer,Android
USR_004045,2025-04-11,Solo Explorer,Android
USR_004046,2025-03-05,Solo Explorer,Android
USR_004047,2025-08-08,Family/Group,Android
USR_004048,2025-07-14,Solo Explorer,Android
USR_004049,2025-08-22,Family/Group,iOS
USR_004050,2025-12-25,Family/Group,iOS
USR_004051,2025-04-13,Business,iOS
USR_004052,2025-04-23,Solo Explorer,Android
USR_004053,2025-10-27,Family/Group,Android
USR_004054,2025-05-22,Business,Android
USR_004055,2025-01-27,Solo Explorer,Android
USR_004056,2025-09-08,Solo Explorer,Android
USR_004057,2026-01-11,Family/Group,iOS
USR_004058,2025-11-12,Solo Explorer,iOS
USR_004059,2025-12-19,Business,iOS
USR_004060,2025-04-02,Solo Explorer,iOS
USR_004061,2026-02-04,Family/Group,iOS
USR_004062,2025-05-25,Solo Explorer,iOS
USR_004063,2026-01-14,Solo Explorer,iOS
USR_004064,2025-09-23,Family/Group,iOS
USR_004065,2025-10-11,Solo Explorer,iOS
USR_004066,2026-02-27,Family/Group,Android
USR_004067,2025-12-22,Solo Explorer,Android
USR_004068,2025-08-18,Solo Explorer,Android
USR_004069,2025-08-27,Business,iOS
USR_004070,2025-03-06,Solo Explorer,Android
USR_004071,2026-02-01,Solo Explorer,Android
USR_004072,2025-06-22,Solo Explorer,Android
USR_004073,2025-10-02,Solo Explorer,Android
USR_004074,2026-02-17,Family/Group,Android
USR_004075,2025-10-09,Business,Android
USR_004076,2026-02-17,Family/Group,Android
USR_004077,2025-03-19,Solo Explorer,Android
USR_004078,2025-06-25,Family/Group,Android
USR_004079,2025-11-26,Solo Explorer,Android
USR_004080,2025-11-08,Solo Explorer,iOS
USR_004081,2026-02-10,Solo Explorer,iOS
USR_004082,2025-12-30,Business,iOS
USR_004083,2025-08-22,Solo Explorer,Android
USR_004084,2025-08-31,Solo Explorer,Android
USR_004085,2025-02-21,Business,Android
USR_004086,2025-04-19,Business,Android
USR_004087,2025-05-05,Solo Explorer,Android
USR_004088,2025-05-04,Solo Explorer,iOS
USR_004089,2025-05-31,Solo Explorer,Android
USR_004090,2025-02-24,Business,Android
USR_004091,2025-08-03,Business,Android
USR_004092,2025-04-06,Business,Android
USR_004093,2025-04-21,Solo Explorer,iOS
USR_004094,2025-01-09,Business,Android
USR_004095,2026-02-12,Solo Explorer,Android
USR_004096,2026-01-01,Business,Android
USR_004097,2025-08-21,Family/Group,Android
USR_004098,2025-12-19,Solo Explorer,Android
USR_004099,2025-09-23,Solo Explorer,iOS
USR_004100,2025-02-01,Business,iOS
USR_004101,2025-07-18,Business,Android
USR_004102,2025-11-27,Family/Group,Android
USR_004103,2026-01-14,Business,iOS
USR_004104,2025-03-22,Solo Explorer,Android
USR_004105,2025-10-09,Business,Android
USR_004106,2026-01-20,Business,iOS
USR_004107,2025-03-23,Solo Explorer,iOS
USR_004108,2025-08-03,Business,iOS
USR_004109,2025-09-13,Family/Group,iOS
USR_004110,2025-07-15,Family/Group,iOS
USR_004111,2025-03-20,Solo Explorer,iOS
USR_004112,2026-01-20,Solo Explorer,Android
USR_004113,2025-07-26,Family/Group,Android
USR_004114,2026-01-14,Business,iOS
USR_004115,2025-10-25,Family/Group,Android
USR_004116,2025-03-18,Family/Group,Android
USR_004117,2025-07-05,Solo Explorer,iOS
USR_004118,2025-11-24,Family/Group,iOS
USR_004119,2025-01-31,Family/Group,iOS
USR_004120,2025-12-08,Family/Group,iOS
USR_004121,2026-02-11,Family/Group,Android
USR_004122,2025-12-02,Business,Android
USR_004123,2025-05-21,Solo Explorer,Android
USR_004124,2025-09-13,Family/Group,Android
USR_004125,2025-11-17,Solo Explorer,Android
USR_004126,2025-07-16,Family/Group,iOS
USR_004127,2025-09-25,Business,iOS
USR_004128,2025-07-13,Business,iOS
USR_004129,2025-02-07,Solo Explorer,iOS
USR_004130,2025-07-24,Solo Explorer,Android
USR_004131,2025-09-08,Solo Explorer,iOS
USR_004132,2025-05-14,Business,iOS
USR_004133,2025-09-17,Business,iOS
USR_004134,2025-06-26,Family/Group,iOS
USR_004135,2025-03-20,Business,Android
USR_004136,2025-09-01,Family/Group,iOS
USR_004137,2025-10-25,Family/Group,Android
USR_004138,2026-01-13,Solo Explorer,iOS
USR_004139,2025-12-07,Solo Explorer,iOS
USR_004140,2025-05-11,Business,iOS
USR_004141,2025-05-28,Solo Explorer,iOS
USR_004142,2025-08-19,Business,Android
USR_004143,2025-02-28,Solo Explorer,Android
USR_004144,2025-11-11,Solo Explorer,iOS
USR_004145,2025-09-22,Solo Explorer,iOS
USR_004146,2025-10-27,Solo Explorer,Android
USR_004147,2025-08-17,Business,Android
USR_004148,2025-06-24,Solo Explorer,iOS
USR_004149,2025-07-10,Business,Android
USR_004150,2025-08-01,Family/Group,Android
USR_004151,2025-06-20,Solo Explorer,Android
USR_004152,2025-12-09,Business,Android
USR_004153,2025-08-19,Solo Explorer,Android
USR_004154,2026-01-11,Business,iOS
USR_004155,2025-05-30,Solo Explorer,iOS
USR_004156,2026-02-07,Solo Explorer,iOS
USR_004157,2025-10-28,Family/Group,iOS
USR_004158,2025-10-10,Family/Group,iOS
USR_004159,2025-10-11,Solo Explorer,Android
USR_004160,2025-10-05,Solo Explorer,Android
USR_004161,2025-04-15,Business,iOS
USR_004162,2025-07-11,Business,Android
USR_004163,2026-01-30,Solo Explorer,iOS
USR_004164,2025-03-23,Solo Explorer,Android
USR_004165,2025-06-23,Family/Group,iOS
USR_004166,2025-02-11,Solo Explorer,iOS
USR_004167,2026-01-22,Family/Group,iOS
USR_004168,2025-05-14,Solo Explorer,Android
USR_004169,2025-02-14,Family/Group,iOS
USR_004170,2025-04-25,Solo Explorer,Android
USR_004171,2025-02-20,Family/Group,iOS
USR_004172,2025-01-22,Family/Group,iOS
USR_004173,2025-04-14,Solo Explorer,iOS
USR_004174,2025-12-18,Solo Explorer,iOS
USR_004175,2025-08-25,Solo Explorer,iOS
USR_004176,2026-01-30,Solo Explorer,iOS
USR_004177,2026-02-24,Solo Explorer,iOS
USR_004178,2025-02-11,Business,iOS
USR_004179,2025-02-25,Family/Group,Android
USR_004180,2025-05-06,Solo Explorer,Android
USR_004181,2025-05-20,Solo Explorer,Android
USR_004182,2026-01-20,Solo Explorer,Android
USR_004183,2025-03-15,Solo Explorer,iOS
USR_004184,2025-10-28,Family/Group,iOS
USR_004185,2026-01-04,Solo Explorer,Android
USR_004186,2025-05-23,Business,Android
USR_004187,2025-05-18,Solo Explorer,iOS
USR_004188,2026-01-24,Business,Android
USR_004189,2025-11-08,Solo Explorer,Android
USR_004190,2025-03-05,Solo Explorer,iOS
USR_004191,2025-03-15,Solo Explorer,iOS
USR_004192,2025-02-17,Solo Explorer,Android
USR_004193,2025-03-16,Family/Group,Android
USR_004194,2026-02-15,Solo Explorer,Android
USR_004195,2025-10-26,Solo Explorer,iOS
USR_004196,2025-10-19,Solo Explorer,Android
USR_004197,2025-05-27,Business,iOS
USR_004198,2025-06-19,Solo Explorer,iOS
USR_004199,2025-05-01,Solo Explorer,iOS
USR_004200,2025-12-09,Family/Group,Android
USR_004201,2025-12-12,Solo Explorer,Android
USR_004202,2026-02-22,Family/Group,Android
USR_004203,2025-08-31,Business,iOS
USR_004204,2025-05-21,Solo Explorer,Android
USR_004205,2026-01-22,Business,Android
USR_004206,2025-09-20,Family/Group,iOS
USR_004207,2025-10-30,Business,iOS
USR_004208,2025-02-20,Business,iOS
USR_004209,2025-04-20,Solo Explorer,Android
USR_004210,2026-01-17,Business,Android
USR_004211,2025-02-02,Business,iOS
USR_004212,2026-01-09,Solo Explorer,Android
USR_004213,2025-03-12,Business,iOS
USR_004214,2026-02-18,Business,iOS
USR_004215,2025-06-06,Business,iOS
USR_004216,2025-12-14,Solo Explorer,Android
USR_004217,2025-11-28,Solo Explorer,iOS
USR_004218,2025-03-05,Solo Explorer,iOS
USR_004219,2025-03-23,Solo Explorer,iOS
USR_004220,2025-10-29,Family/Group,iOS
USR_004221,2025-08-12,Solo Explorer,Android
USR_004222,2025-02-02,Solo Explorer,Android
USR_004223,2025-08-27,Business,Android
USR_004224,2025-02-07,Family/Group,Android
USR_004225,2025-08-24,Solo Explorer,iOS
USR_004226,2026-02-22,Solo Explorer,Android
USR_004227,2025-12-03,Business,Android
USR_004228,2025-02-04,Solo Explorer,Android
USR_004229,2025-05-25,Solo Explorer,Android
USR_004230,2025-02-26,Family/Group,Android
USR_004231,2025-01-13,Solo Explorer,Android
USR_004232,2025-06-10,Business,Android
USR_004233,2025-01-04,Business,Android
USR_004234,2025-09-14,Family/Group,Android
USR_004235,2025-06-27,Business,iOS
USR_004236,2025-11-09,Business,Android
USR_004237,2025-07-11,Solo Explorer,iOS
USR_004238,2025-11-25,Business,iOS
USR_004239,2025-07-31,Solo Explorer,iOS
USR_004240,2025-11-20,Family/Group,iOS
USR_004241,2025-05-28,Solo Explorer,iOS
USR_004242,2025-01-09,Solo Explorer,iOS
USR_004243,2025-12-15,Solo Explorer,Android
USR_004244,2025-06-23,Family/Group,Android
USR_004245,2025-03-31,Family/Group,Android
USR_004246,2026-01-15,Business,Android
USR_004247,2025-09-12,Solo Explorer,Android
USR_004248,2025-07-19,Business,iOS
USR_004249,2025-08-11,Solo Explorer,iOS
USR_004250,2025-07-23,Business,Android
USR_004251,2025-11-03,Business,Android
USR_004252,2026-01-22,Business,Android
USR_004253,2025-01-28,Solo Explorer,iOS
USR_004254,2025-03-28,Solo Explorer,Android
USR_004255,2025-10-29,Solo Explorer,Android
USR_004256,2025-02-22,Solo Explorer,Android
USR_004257,2025-10-16,Solo Explorer,iOS
USR_004258,2025-12-10,Family/Group,Android
USR_004259,2026-01-27,Family/Group,Android
USR_004260,2025-09-04,Business,Android
USR_004261,2025-04-29,Family/Group,iOS
USR_004262,2025-07-14,Business,Android
USR_004263,2025-06-05,Solo Explorer,Android
USR_004264,2025-04-29,Solo Explorer,iOS
USR_004265,2025-06-24,Solo Explorer,Android
USR_004266,2025-09-18,Family/Group,iOS
USR_004267,2025-12-09,Solo Explorer,Android
USR_004268,2026-02-15,Business,iOS
USR_004269,2025-04-22,Family/Group,iOS
USR_004270,2025-02-20,Solo Explorer,iOS
USR_004271,2025-01-14,Solo Explorer,Android
USR_004272,2025-09-07,Family/Group,iOS
USR_004273,2025-03-22,Solo Explorer,Android
USR_004274,2025-01-03,Solo Explorer,Android
USR_004275,2025-04-03,Business,Android
USR_004276,2025-01-28,Business,Android
USR_004277,2026-01-06,Solo Explorer,iOS
USR_004278,2025-10-28,Solo Explorer,iOS
USR_004279,2025-07-04,Business,iOS
USR_004280,2025-09-26,Family/Group,iOS
USR_004281,2025-04-29,Solo Explorer,iOS
USR_004282,2025-10-07,Solo Explorer,Android
USR_004283,2025-05-16,Solo Explorer,iOS
USR_004284,2025-05-05,Business,iOS
USR_004285,2025-12-02,Family/Group,iOS
USR_004286,2025-12-24,Solo Explorer,iOS
USR_004287,2026-02-25,Family/Group,Android
USR_004288,2025-04-08,Business,iOS
USR_004289,2025-11-12,Solo Explorer,iOS
USR_004290,2025-12-24,Business,iOS
USR_004291,2025-10-29,Solo Explorer,iOS
USR_004292,2025-09-11,Solo Explorer,iOS
USR_004293,2026-02-16,Solo Explorer,Android
USR_004294,2025-05-29,Solo Explorer,Android
USR_004295,2025-10-10,Business,iOS
USR_004296,2025-11-14,Solo Explorer,iOS
USR_004297,2025-06-15,Family/Group,iOS
USR_004298,2025-03-26,Solo Explorer,iOS
USR_004299,2025-11-17,Solo Explorer,Android
USR_004300,2025-09-20,Solo Explorer,Android
USR_004301,2026-02-06,Family/Group,iOS
USR_004302,2025-12-11,Solo Explorer,Android
USR_004303,2025-10-27,Family/Group,Android
USR_004304,2025-05-02,Solo Explorer,iOS
USR_004305,2025-06-03,Family/Group,Android
USR_004306,2025-12-30,Solo Explorer,Android
USR_004307,2025-04-12,Business,iOS
USR_004308,2026-02-17,Solo Explorer,Android
USR_004309,2025-02-20,Family/Group,Android
USR_004310,2025-02-10,Solo Explorer,iOS
USR_004311,2025-09-01,Business,iOS
USR_004312,2025-04-27,Solo Explorer,Android
USR_004313,2025-02-21,Solo Explorer,iOS
USR_004314,2025-09-03,Family/Group,iOS
USR_004315,2025-05-17,Solo Explorer,iOS
USR_004316,2025-05-05,Solo Explorer,Android
USR_004317,2025-04-02,Solo Explorer,iOS
USR_004318,2025-12-31,Solo Explorer,iOS
USR_004319,2025-07-13,Family/Group,Android
USR_004320,2025-04-24,Family/Group,iOS
USR_004321,2025-01-31,Solo Explorer,Android
USR_004322,2026-01-03,Business,iOS
USR_004323,2025-01-16,Solo Explorer,iOS
USR_004324,2025-05-22,Business,iOS
USR_004325,2026-01-17,Business,iOS
USR_004326,2025-03-08,Business,iOS
USR_004327,2025-04-15,Solo Explorer,iOS
USR_004328,2025-04-27,Family/Group,Android
USR_004329,2025-06-03,Business,iOS
USR_004330,2025-03-06,Solo Explorer,iOS
USR_004331,2026-01-20,Family/Group,Android
USR_004332,2025-11-21,Family/Group,Android
USR_004333,2025-07-16,Solo Explorer,Android
USR_004334,2026-02-09,Solo Explorer,Android
USR_004335,2025-05-10,Solo Explorer,Android
USR_004336,2025-08-27,Family/Group,iOS
USR_004337,2025-12-03,Solo Explorer,iOS
USR_004338,2025-12-22,Solo Explorer,Android
USR_004339,2025-01-25,Solo Explorer,Android
USR_004340,2025-01-09,Business,Android
USR_004341,2025-06-05,Solo Explorer,iOS
USR_004342,2025-01-28,Solo Explorer,iOS
USR_004343,2025-09-18,Family/Group,iOS
USR_004344,2025-11-26,Business,iOS
USR_004345,2025-04-13,Family/Group,iOS
USR_004346,2025-05-30,Family/Group,iOS
USR_004347,2025-03-06,Solo Explorer,iOS
USR_004348,2025-03-07,Business,iOS
USR_004349,2025-03-30,Business,Android
USR_004350,2025-03-25,Business,Android
USR_004351,2025-10-18,Solo Explorer,Android
USR_004352,2025-07-04,Solo Explorer,Android
USR_004353,2025-01-08,Business,Android
USR_004354,2025-09-22,Family/Group,Android
USR_004355,2025-12-24,Solo Explorer,iOS
USR_004356,2025-03-24,Business,Android
USR_004357,2025-04-18,Solo Explorer,Android
USR_004358,2025-03-05,Business,Android
USR_004359,2025-03-13,Solo Explorer,Android
USR_004360,2025-07-01,Solo Explorer,Android
USR_004361,2025-03-03,Solo Explorer,iOS
USR_004362,2026-02-16,Solo Explorer,Android
USR_004363,2025-06-03,Solo Explorer,iOS
USR_004364,2025-05-25,Family/Group,iOS
USR_004365,2025-02-17,Solo Explorer,iOS
USR_004366,2025-01-05,Solo Explorer,Android
USR_004367,2025-06-03,Solo Explorer,iOS
USR_004368,2026-02-25,Solo Explorer,Android
USR_004369,2025-02-28,Family/Group,Android
USR_004370,2025-09-07,Solo Explorer,Android
USR_004371,2025-08-19,Solo Explorer,iOS
USR_004372,2025-08-10,Solo Explorer,Android
USR_004373,2025-09-25,Solo Explorer,Android
USR_004374,2025-07-15,Solo Explorer,iOS
USR_004375,2025-02-20,Business,Android
USR_004376,2025-09-25,Solo Explorer,Android
USR_004377,2025-12-01,Family/Group,Android
USR_004378,2025-12-13,Family/Group,Android
USR_004379,2025-03-10,Business,iOS
USR_004380,2025-10-08,Family/Group,Android
USR_004381,2025-09-05,Family/Group,iOS
USR_004382,2026-01-09,Solo Explorer,iOS
USR_004383,2026-01-15,Solo Explorer,iOS
USR_004384,2025-05-28,Solo Explorer,Android
USR_004385,2025-02-03,Family/Group,iOS
USR_004386,2025-12-25,Solo Explorer,iOS
USR_004387,2025-11-10,Business,iOS
USR_004388,2025-12-27,Business,iOS
USR_004389,2025-10-27,Solo Explorer,iOS
USR_004390,2025-04-19,Business,iOS
USR_004391,2025-04-27,Solo Explorer,iOS
USR_004392,2025-12-04,Solo Explorer,Android
USR_004393,2025-05-23,Solo Explorer,Android
USR_004394,2025-10-31,Solo Explorer,iOS
USR_004395,2025-09-20,Solo Explorer,Android
USR_004396,2025-11-01,Solo Explorer,Android
USR_004397,2025-08-04,Solo Explorer,Android
USR_004398,2026-01-23,Solo Explorer,iOS
USR_004399,2025-05-05,Solo Explorer,iOS
USR_004400,2025-02-16,Business,iOS
USR_004401,2025-02-21,Business,iOS
USR_004402,2025-08-13,Family/Group,Android
USR_004403,2026-01-19,Solo Explorer,Android
USR_004404,2025-01-11,Solo Explorer,iOS
USR_004405,2025-09-20,Family/Group,iOS
USR_004406,2025-11-30,Family/Group,Android
USR_004407,2026-02-16,Family/Group,iOS
USR_004408,2025-10-17,Solo Explorer,Android
USR_004409,2026-01-03,Solo Explorer,Android
USR_004410,2025-10-15,Solo Explorer,iOS
USR_004411,2025-09-11,Solo Explorer,Android
USR_004412,2025-08-31,Business,iOS
USR_004413,2025-09-22,Business,iOS
USR_004414,2025-04-09,Family/Group,iOS
USR_004415,2025-06-27,Business,Android
USR_004416,2025-07-13,Business,iOS
USR_004417,2025-01-16,Family/Group,iOS
USR_004418,2025-03-16,Solo Explorer,iOS
USR_004419,2025-09-07,Business,Android
USR_004420,2025-12-26,Solo Explorer,iOS
USR_004421,2025-10-30,Solo Explorer,Android
USR_004422,2025-08-03,Business,Android
USR_004423,2025-02-15,Solo Explorer,iOS
USR_004424,2025-01-03,Solo Explorer,iOS
USR_004425,2026-01-10,Solo Explorer,Android
USR_004426,2025-09-06,Business,iOS
USR_004427,2026-02-21,Business,Android
USR_004428,2025-05-27,Business,Android
USR_004429,2025-02-17,Solo Explorer,Android
USR_004430,2026-01-27,Solo Explorer,iOS
USR_004431,2025-10-20,Solo Explorer,iOS
USR_004432,2025-01-09,Family/Group,iOS
USR_004433,2025-04-22,Solo Explorer,iOS
USR_004434,2025-11-24,Solo Explorer,Android
USR_004435,2025-04-25,Solo Explorer,iOS
USR_004436,2025-05-02,Family/Group,iOS
USR_004437,2025-03-25,Business,iOS
USR_004438,2025-06-03,Solo Explorer,iOS
USR_004439,2025-04-10,Solo Explorer,iOS
USR_004440,2025-04-07,Business,Android
USR_004441,2026-01-06,Business,iOS
USR_004442,2025-10-19,Solo Explorer,Android
USR_004443,2025-09-09,Family/Group,iOS
USR_004444,2025-01-27,Solo Explorer,iOS
USR_004445,2025-01-31,Solo Explorer,Android
USR_004446,2025-04-13,Family/Group,iOS
USR_004447,2025-02-22,Solo Explorer,Android
USR_004448,2026-02-11,Solo Explorer,Android
USR_004449,2025-07-02,Business,Android
USR_004450,2025-10-05,Business,iOS
USR_004451,2025-09-24,Solo Explorer,Android
USR_004452,2025-02-18,Solo Explorer,iOS
USR_004453,2025-11-04,Family/Group,Android
USR_004454,2025-03-11,Solo Explorer,Android
USR_004455,2025-03-31,Solo Explorer,iOS
USR_004456,2025-02-13,Solo Explorer,Android
USR_004457,2025-06-25,Solo Explorer,iOS
USR_004458,2025-06-20,Solo Explorer,Android
USR_004459,2025-04-17,Business,iOS
USR_004460,2025-11-04,Solo Explorer,Android
USR_004461,2025-08-13,Solo Explorer,iOS
USR_004462,2025-11-19,Solo Explorer,Android
USR_004463,2025-01-28,Solo Explorer,Android
USR_004464,2026-01-17,Solo Explorer,Android
USR_004465,2025-03-04,Solo Explorer,iOS
USR_004466,2025-05-08,Solo Explorer,iOS
USR_004467,2026-02-21,Solo Explorer,Android
USR_004468,2025-08-07,Business,iOS
USR_004469,2026-02-01,Family/Group,iOS
USR_004470,2025-06-06,Solo Explorer,iOS
USR_004471,2025-09-12,Solo Explorer,iOS
USR_004472,2025-08-10,Solo Explorer,iOS
USR_004473,2026-02-02,Solo Explorer,iOS
USR_004474,2025-03-29,Solo Explorer,Android
USR_004475,2025-03-24,Solo Explorer,Android
USR_004476,2025-08-20,Solo Explorer,Android
USR_004477,2025-08-24,Business,iOS
USR_004478,2025-06-28,Solo Explorer,iOS
USR_004479,2025-01-19,Solo Explorer,iOS
USR_004480,2025-05-21,Solo Explorer,iOS
USR_004481,2025-10-29,Solo Explorer,iOS
USR_004482,2025-10-31,Solo Explorer,Android
USR_004483,2026-01-08,Business,iOS
USR_004484,2025-07-13,Business,Android
USR_004485,2025-01-01,Family/Group,Android
USR_004486,2025-01-09,Family/Group,iOS
USR_004487,2025-08-24,Business,iOS
USR_004488,2025-05-04,Solo Explorer,Android
USR_004489,2025-06-17,Solo Explorer,Android
USR_004490,2025-10-17,Business,Android
USR_004491,2025-01-18,Solo Explorer,iOS
USR_004492,2025-04-04,Business,iOS
USR_004493,2025-12-21,Solo Explorer,Android
USR_004494,2025-01-24,Solo Explorer,iOS
USR_004495,2025-03-29,Solo Explorer,Android
USR_004496,2025-12-20,Family/Group,iOS
USR_004497,2026-01-08,Solo Explorer,Android
USR_004498,2025-04-30,Family/Group,Android
USR_004499,2025-10-21,Solo Explorer,Android
USR_004500,2025-12-02,Solo Explorer,iOS
USR_004501,2025-01-11,Solo Explorer,Android
USR_004502,2025-08-07,Family/Group,iOS
USR_004503,2025-06-07,Family/Group,iOS
USR_004504,2025-07-31,Solo Explorer,Android
USR_004505,2025-12-14,Solo Explorer,Android
USR_004506,2025-02-04,Business,iOS
USR_004507,2026-01-15,Family/Group,Android
USR_004508,2025-02-06,Family/Group,iOS
USR_004509,2025-10-13,Solo Explorer,iOS
USR_004510,2026-02-27,Business,Android
USR_004511,2025-10-16,Solo Explorer,Android
USR_004512,2025-09-27,Solo Explorer,iOS
USR_004513,2025-11-09,Solo Explorer,iOS
USR_004514,2025-09-27,Solo Explorer,iOS
USR_004515,2026-01-20,Solo Explorer,iOS
USR_004516,2025-12-02,Solo Explorer,Android
USR_004517,2025-04-17,Family/Group,iOS
USR_004518,2025-12-29,Business,iOS
USR_004519,2025-05-08,Business,Android
USR_004520,2025-04-23,Solo Explorer,iOS
USR_004521,2025-05-04,Solo Explorer,Android
USR_004522,2025-06-09,Business,iOS
USR_004523,2025-11-22,Solo Explorer,Android
USR_004524,2026-02-27,Business,Android
USR_004525,2025-01-04,Solo Explorer,iOS
USR_004526,2025-05-08,Business,Android
USR_004527,2025-09-18,Family/Group,iOS
USR_004528,2025-10-17,Solo Explorer,iOS
USR_004529,2025-11-02,Solo Explorer,Android
USR_004530,2025-11-13,Family/Group,Android
USR_004531,2025-12-19,Solo Explorer,Android
USR_004532,2025-05-27,Business,Android
USR_004533,2026-01-27,Business,Android
USR_004534,2025-02-26,Solo Explorer,iOS
USR_004535,2025-11-12,Solo Explorer,iOS
USR_004536,2026-02-25,Business,Android
USR_004537,2025-05-29,Business,Android
USR_004538,2025-08-18,Solo Explorer,Android
USR_004539,2025-02-25,Solo Explorer,Android
USR_004540,2025-04-03,Solo Explorer,iOS
USR_004541,2025-11-10,Business,Android
USR_004542,2025-08-22,Family/Group,iOS
USR_004543,2025-06-11,Solo Explorer,iOS
USR_004544,2026-01-07,Solo Explorer,Android
USR_004545,2025-01-25,Family/Group,iOS
USR_004546,2025-01-25,Solo Explorer,iOS
USR_004547,2025-10-26,Family/Group,Android
USR_004548,2025-09-30,Solo Explorer,iOS
USR_004549,2025-10-23,Business,Android
USR_004550,2025-03-09,Business,iOS
USR_004551,2025-03-13,Solo Explorer,Android
USR_004552,2025-03-15,Solo Explorer,iOS
USR_004553,2025-09-20,Solo Explorer,Android
USR_004554,2025-12-31,Family/Group,Android
USR_004555,2025-12-17,Solo Explorer,Android
USR_004556,2025-03-15,Family/Group,Android
USR_004557,2025-01-22,Family/Group,iOS
USR_004558,2025-05-21,Solo Explorer,iOS
USR_004559,2025-10-29,Solo Explorer,Android
USR_004560,2025-04-02,Solo Explorer,iOS
USR_004561,2025-12-17,Solo Explorer,iOS
USR_004562,2025-01-31,Business,iOS
USR_004563,2025-11-28,Family/Group,Android
USR_004564,2025-03-01,Family/Group,Android
USR_004565,2025-07-13,Solo Explorer,Android
USR_004566,2025-05-18,Solo Explorer,iOS
USR_004567,2025-05-22,Solo Explorer,Android
USR_004568,2026-01-19,Solo Explorer,Android
USR_004569,2025-04-01,Family/Group,Android
USR_004570,2025-04-13,Solo Explorer,Android
USR_004571,2025-10-12,Solo Explorer,iOS
USR_004572,2026-02-12,Solo Explorer,iOS
USR_004573,2025-03-24,Family/Group,iOS
USR_004574,2025-08-05,Solo Explorer,iOS
USR_004575,2025-11-24,Family/Group,Android
USR_004576,2025-07-24,Solo Explorer,iOS
USR_004577,2026-01-29,Solo Explorer,Android
USR_004578,2025-04-17,Business,Android
USR_004579,2025-03-09,Solo Explorer,Android
USR_004580,2025-12-13,Family/Group,iOS
USR_004581,2026-01-07,Family/Group,Android
USR_004582,2025-05-25,Business,iOS
USR_004583,2025-01-31,Solo Explorer,Android
USR_004584,2025-08-22,Solo Explorer,Android
USR_004585,2025-10-31,Family/Group,Android
USR_004586,2026-02-01,Solo Explorer,Android
USR_004587,2025-07-26,Solo Explorer,Android
USR_004588,2025-04-17,Solo Explorer,iOS
USR_004589,2026-01-09,Business,Android
USR_004590,2026-01-04,Solo Explorer,iOS
USR_004591,2025-03-18,Solo Explorer,Android
USR_004592,2026-02-25,Solo Explorer,Android
USR_004593,2025-04-09,Solo Explorer,Android
USR_004594,2025-02-22,Business,iOS
USR_004595,2025-02-26,Solo Explorer,Android
USR_004596,2025-11-18,Solo Explorer,iOS
USR_004597,2025-07-23,Business,iOS
USR_004598,2025-12-02,Solo Explorer,Android
USR_004599,2025-11-03,Business,Android
USR_004600,2025-10-18,Solo Explorer,iOS
USR_004601,2025-06-24,Solo Explorer,Android
USR_004602,2026-01-31,Solo Explorer,iOS
USR_004603,2025-05-03,Family/Group,Android
USR_004604,2025-08-12,Family/Group,iOS
USR_004605,2025-12-03,Business,Android
USR_004606,2025-03-07,Solo Explorer,Android
USR_004607,2025-02-01,Business,iOS
USR_004608,2025-08-07,Solo Explorer,iOS
USR_004609,2025-09-23,Family/Group,iOS
USR_004610,2025-09-12,Business,iOS
USR_004611,2025-12-31,Business,iOS
USR_004612,2025-04-17,Solo Explorer,iOS
USR_004613,2026-01-16,Solo Explorer,iOS
USR_004614,2025-02-18,Solo Explorer,iOS
USR_004615,2025-07-30,Family/Group,iOS
USR_004616,2025-06-26,Family/Group,iOS
USR_004617,2025-09-09,Business,Android
USR_004618,2025-09-28,Family/Group,iOS
USR_004619,2025-09-18,Solo Explorer,iOS
USR_004620,2025-11-26,Solo Explorer,Android
USR_004621,2025-04-19,Business,iOS
USR_004622,2025-10-08,Solo Explorer,iOS
USR_004623,2025-12-26,Solo Explorer,Android
USR_004624,2025-08-15,Solo Explorer,Android
USR_004625,2025-09-20,Solo Explorer,Android
USR_004626,2026-01-21,Business,iOS
USR_004627,2026-01-12,Solo Explorer,iOS
USR_004628,2025-12-23,Business,iOS
USR_004629,2025-02-25,Solo Explorer,iOS
USR_004630,2025-10-20,Solo Explorer,iOS
USR_004631,2025-05-27,Solo Explorer,iOS
USR_004632,2025-12-20,Business,iOS
USR_004633,2025-11-23,Solo Explorer,Android
USR_004634,2025-11-29,Solo Explorer,iOS
USR_004635,2026-01-06,Family/Group,iOS
USR_004636,2025-04-03,Solo Explorer,Android
USR_004637,2025-10-08,Solo Explorer,Android
USR_004638,2025-02-24,Solo Explorer,iOS
USR_004639,2026-02-20,Solo Explorer,iOS
USR_004640,2025-03-16,Solo Explorer,iOS
USR_004641,2025-02-16,Solo Explorer,Android
USR_004642,2025-08-04,Solo Explorer,iOS
USR_004643,2025-06-29,Solo Explorer,Android
USR_004644,2025-07-27,Family/Group,iOS
USR_004645,2025-04-28,Business,Android
USR_004646,2025-09-04,Family/Group,Android
USR_004647,2025-10-25,Solo Explorer,Android
USR_004648,2025-01-14,Solo Explorer,Android
USR_004649,2025-07-29,Solo Explorer,iOS
USR_004650,2025-07-11,Solo Explorer,iOS
USR_004651,2025-12-23,Solo Explorer,Android
USR_004652,2025-06-21,Business,iOS
USR_004653,2025-07-05,Solo Explorer,iOS
USR_004654,2025-10-28,Solo Explorer,iOS
USR_004655,2025-03-19,Solo Explorer,Android
USR_004656,2025-12-11,Solo Explorer,iOS
USR_004657,2025-10-26,Solo Explorer,iOS
USR_004658,2025-07-31,Solo Explorer,Android
USR_004659,2026-01-17,Business,iOS
USR_004660,2026-02-11,Business,iOS
USR_004661,2026-01-23,Solo Explorer,iOS
USR_004662,2025-06-09,Business,iOS
USR_004663,2025-03-02,Solo Explorer,iOS
USR_004664,2025-11-10,Solo Explorer,Android
USR_004665,2025-10-02,Solo Explorer,iOS
USR_004666,2025-08-14,Solo Explorer,Android
USR_004667,2025-12-31,Solo Explorer,Android
USR_004668,2025-07-09,Family/Group,Android
USR_004669,2025-01-17,Solo Explorer,iOS
USR_004670,2025-10-07,Family/Group,iOS
USR_004671,2025-12-05,Solo Explorer,iOS
USR_004672,2025-03-11,Business,iOS
USR_004673,2025-06-27,Solo Explorer,iOS
USR_004674,2025-07-21,Solo Explorer,iOS
USR_004675,2025-06-20,Solo Explorer,Android
USR_004676,2025-10-24,Business,iOS
USR_004677,2025-06-27,Solo Explorer,Android
USR_004678,2025-05-04,Family/Group,Android
USR_004679,2025-02-08,Family/Group,iOS
USR_004680,2025-07-18,Solo Explorer,iOS
USR_004681,2025-04-21,Solo Explorer,iOS
USR_004682,2025-05-25,Solo Explorer,Android
USR_004683,2025-05-10,Solo Explorer,Android
USR_004684,2025-03-13,Solo Explorer,Android
USR_004685,2025-05-17,Family/Group,iOS
USR_004686,2025-11-25,Solo Explorer,Android
USR_004687,2025-06-01,Solo Explorer,Android
USR_004688,2025-03-20,Solo Explorer,iOS
USR_004689,2025-05-19,Business,Android
USR_004690,2025-10-14,Business,Android
USR_004691,2025-05-26,Solo Explorer,Android
USR_004692,2025-09-10,Business,Android
USR_004693,2026-02-03,Business,Android
USR_004694,2025-02-14,Solo Explorer,iOS
USR_004695,2025-02-07,Solo Explorer,iOS
USR_004696,2025-04-13,Solo Explorer,Android
USR_004697,2025-10-13,Business,iOS
USR_004698,2025-12-20,Solo Explorer,Android
USR_004699,2025-07-12,Family/Group,Android
USR_004700,2025-02-02,Family/Group,Android
USR_004701,2025-04-16,Business,Android
USR_004702,2026-02-15,Solo Explorer,iOS
USR_004703,2025-11-03,Family/Group,iOS
USR_004704,2025-12-29,Business,iOS
USR_004705,2025-11-11,Business,iOS
USR_004706,2025-11-13,Solo Explorer,Android
USR_004707,2026-01-24,Solo Explorer,Android
USR_004708,2025-06-10,Business,Android
USR_004709,2025-10-13,Family/Group,iOS
USR_004710,2025-11-17,Solo Explorer,iOS
USR_004711,2025-10-18,Solo Explorer,Android
USR_004712,2025-06-04,Solo Explorer,Android
USR_004713,2025-04-25,Solo Explorer,iOS
USR_004714,2025-04-19,Business,iOS
USR_004715,2025-04-21,Solo Explorer,Android
USR_004716,2025-12-08,Business,iOS
USR_004717,2025-12-29,Solo Explorer,iOS
USR_004718,2025-06-08,Solo Explorer,iOS
USR_004719,2025-02-09,Solo Explorer,Android
USR_004720,2025-03-20,Business,iOS
USR_004721,2025-09-30,Solo Explorer,iOS
USR_004722,2025-12-03,Business,Android
USR_004723,2025-10-03,Family/Group,iOS
USR_004724,2026-01-08,Solo Explorer,Android
USR_004725,2025-05-31,Solo Explorer,iOS
USR_004726,2025-05-09,Business,Android
USR_004727,2025-04-24,Business,iOS
USR_004728,2026-01-31,Solo Explorer,Android
USR_004729,2025-10-16,Family/Group,Android
USR_004730,2025-09-17,Solo Explorer,iOS
USR_004731,2025-09-11,Solo Explorer,iOS
USR_004732,2026-02-06,Solo Explorer,Android
USR_004733,2026-01-14,Business,iOS
USR_004734,2025-01-29,Business,Android
USR_004735,2025-04-30,Business,iOS
USR_004736,2025-12-08,Solo Explorer,iOS
USR_004737,2025-06-02,Solo Explorer,Android
USR_004738,2025-08-03,Family/Group,iOS
USR_004739,2025-02-04,Solo Explorer,iOS
USR_004740,2025-04-14,Solo Explorer,Android
USR_004741,2025-05-31,Solo Explorer,iOS
USR_004742,2025-04-28,Business,iOS
USR_004743,2025-07-18,Solo Explorer,Android
USR_004744,2025-02-21,Solo Explorer,Android
USR_004745,2025-07-26,Business,iOS
USR_004746,2025-06-20,Business,iOS
USR_004747,2025-05-09,Business,iOS
USR_004748,2025-12-23,Solo Explorer,iOS
USR_004749,2025-10-17,Family/Group,iOS
USR_004750,2025-07-20,Business,iOS
USR_004751,2025-09-11,Family/Group,Android
USR_004752,2026-02-08,Family/Group,iOS
USR_004753,2025-07-10,Business,Android
USR_004754,2025-12-03,Business,iOS
USR_004755,2026-01-31,Solo Explorer,iOS
USR_004756,2025-11-11,Solo Explorer,Android
USR_004757,2025-08-22,Business,iOS
USR_004758,2025-04-25,Solo Explorer,Android
USR_004759,2025-06-20,Business,Android
USR_004760,2025-04-30,Solo Explorer,Android
USR_004761,2026-01-28,Family/Group,iOS
USR_004762,2025-11-07,Solo Explorer,iOS
USR_004763,2025-08-21,Family/Group,Android
USR_004764,2026-01-09,Solo Explorer,Android
USR_004765,2025-02-14,Business,iOS
USR_004766,2025-12-02,Solo Explorer,Android
USR_004767,2025-01-24,Solo Explorer,iOS
USR_004768,2025-04-02,Business,iOS
USR_004769,2026-01-18,Solo Explorer,iOS
USR_004770,2025-11-11,Family/Group,iOS
USR_004771,2025-08-11,Business,Android
USR_004772,2025-05-09,Family/Group,iOS
USR_004773,2025-09-12,Solo Explorer,iOS
USR_004774,2025-03-20,Business,Android
USR_004775,2025-01-07,Solo Explorer,Android
USR_004776,2026-01-18,Solo Explorer,Android
USR_004777,2025-04-28,Business,Android
USR_004778,2025-05-18,Solo Explorer,Android
USR_004779,2025-10-12,Solo Explorer,iOS
USR_004780,2025-03-09,Family/Group,Android
USR_004781,2025-08-29,Solo Explorer,iOS
USR_004782,2025-03-05,Solo Explorer,Android
USR_004783,2025-05-30,Family/Group,Android
USR_004784,2026-01-16,Business,Android
USR_004785,2025-08-15,Solo Explorer,Android
USR_004786,2025-08-09,Business,Android
USR_004787,2025-07-21,Solo Explorer,Android
USR_004788,2026-02-04,Family/Group,Android
USR_004789,2025-06-23,Solo Explorer,iOS
USR_004790,2025-09-21,Solo Explorer,Android
USR_004791,2025-12-18,Family/Group,iOS
USR_004792,2025-08-26,Business,iOS
USR_004793,2025-11-08,Family/Group,iOS
USR_004794,2025-07-02,Business,iOS
USR_004795,2025-06-13,Family/Group,Android
USR_004796,2025-05-01,Solo Explorer,Android
USR_004797,2025-04-02,Solo Explorer,Android
USR_004798,2025-12-15,Solo Explorer,Android
USR_004799,2025-02-27,Solo Explorer,iOS
USR_004800,2025-09-06,Business,Android
USR_004801,2025-12-05,Family/Group,iOS
USR_004802,2025-08-23,Solo Explorer,Android
USR_004803,2025-01-27,Business,iOS
USR_004804,2025-05-29,Solo Explorer,iOS
USR_004805,2025-01-25,Solo Explorer,iOS
USR_004806,2026-01-22,Solo Explorer,iOS
USR_004807,2025-11-05,Family/Group,iOS
USR_004808,2025-09-11,Solo Explorer,iOS
USR_004809,2025-05-23,Family/Group,Android
USR_004810,2025-05-08,Business,iOS
USR_004811,2026-01-14,Solo Explorer,iOS
USR_004812,2025-04-20,Solo Explorer,Android
USR_004813,2026-01-20,Solo Explorer,iOS
USR_004814,2025-05-21,Business,iOS
USR_004815,2025-01-08,Solo Explorer,iOS
USR_004816,2025-10-17,Family/Group,iOS
USR_004817,2026-01-11,Solo Explorer,Android
USR_004818,2025-09-16,Solo Explorer,iOS
USR_004819,2026-02-15,Solo Explorer,Android
USR_004820,2025-01-31,Solo Explorer,iOS
USR_004821,2025-08-14,Business,iOS
USR_004822,2025-09-16,Solo Explorer,Android
USR_004823,2025-02-18,Solo Explorer,iOS
USR_004824,2025-11-21,Business,iOS
USR_004825,2025-06-29,Business,iOS
USR_004826,2025-06-23,Business,iOS
USR_004827,2025-01-31,Solo Explorer,Android
USR_004828,2025-07-17,Family/Group,iOS
USR_004829,2026-02-17,Solo Explorer,Android
USR_004830,2025-12-15,Solo Explorer,Android
USR_004831,2025-11-30,Solo Explorer,Android
USR_004832,2025-08-01,Business,iOS
USR_004833,2025-08-26,Solo Explorer,Android
USR_004834,2025-06-15,Solo Explorer,iOS
USR_004835,2025-07-02,Business,iOS
USR_004836,2025-09-13,Family/Group,Android
USR_004837,2025-06-05,Solo Explorer,Android
USR_004838,2025-03-03,Family/Group,iOS
USR_004839,2026-01-08,Family/Group,Android
USR_004840,2025-07-20,Solo Explorer,Android
USR_004841,2025-07-19,Family/Group,iOS
USR_004842,2025-11-28,Solo Explorer,Android
USR_004843,2025-10-08,Family/Group,Android
USR_004844,2025-08-13,Business,iOS
USR_004845,2025-02-23,Business,Android
USR_004846,2025-04-05,Business,Android
USR_004847,2025-02-21,Business,iOS
USR_004848,2025-03-30,Business,iOS
USR_004849,2026-01-24,Solo Explorer,iOS
USR_004850,2026-01-09,Solo Explorer,iOS
USR_004851,2025-10-04,Business,Android
USR_004852,2025-10-29,Solo Explorer,Android
USR_004853,2025-07-14,Solo Explorer,Android
USR_004854,2025-03-09,Business,Android
USR_004855,2025-09-23,Solo Explorer,Android
USR_004856,2026-02-20,Solo Explorer,Android
USR_004857,2025-09-30,Solo Explorer,Android
USR_004858,2025-10-30,Solo Explorer,iOS
USR_004859,2026-02-03,Solo Explorer,iOS
USR_004860,2025-05-28,Solo Explorer,iOS
USR_004861,2025-02-21,Business,Android
USR_004862,2026-01-19,Business,iOS
USR_004863,2025-10-14,Solo Explorer,Android
USR_004864,2025-01-29,Business,iOS
USR_004865,2025-10-04,Solo Explorer,Android
USR_004866,2025-10-17,Business,iOS
USR_004867,2025-01-06,Solo Explorer,iOS
USR_004868,2025-03-08,Business,Android
USR_004869,2026-02-09,Business,Android
USR_004870,2026-01-03,Family/Group,iOS
USR_004871,2025-09-22,Family/Group,Android
USR_004872,2025-01-26,Family/Group,iOS
USR_004873,2026-02-22,Solo Explorer,iOS
USR_004874,2025-03-24,Solo Explorer,Android
USR_004875,2025-04-17,Business,iOS
USR_004876,2025-04-29,Business,iOS
USR_004877,2025-11-17,Solo Explorer,Android
USR_004878,2025-10-10,Business,Android
USR_004879,2025-08-21,Solo Explorer,iOS
USR_004880,2025-08-10,Solo Explorer,iOS
USR_004881,2025-03-14,Solo Explorer,Android
USR_004882,2025-03-19,Business,iOS
USR_004883,2025-07-25,Solo Explorer,iOS
USR_004884,2025-04-07,Solo Explorer,Android
USR_004885,2025-03-03,Family/Group,Android
USR_004886,2025-08-30,Solo Explorer,Android
USR_004887,2025-08-19,Business,iOS
USR_004888,2025-11-10,Solo Explorer,Android
USR_004889,2025-11-23,Solo Explorer,Android
USR_004890,2025-07-28,Family/Group,Android
USR_004891,2025-03-15,Solo Explorer,Android
USR_004892,2026-01-06,Solo Explorer,Android
USR_004893,2025-10-08,Solo Explorer,iOS
USR_004894,2025-07-25,Solo Explorer,Android
USR_004895,2025-07-12,Family/Group,Android
USR_004896,2025-05-24,Solo Explorer,Android
USR_004897,2025-01-14,Family/Group,iOS
USR_004898,2025-04-09,Solo Explorer,Android
USR_004899,2026-01-31,Family/Group,Android
USR_004900,2025-01-05,Business,iOS
USR_004901,2025-05-26,Family/Group,iOS
USR_004902,2025-02-16,Solo Explorer,iOS
USR_004903,2025-10-29,Solo Explorer,Android
USR_004904,2025-08-16,Business,iOS
USR_004905,2025-11-16,Solo Explorer,iOS
USR_004906,2025-04-07,Solo Explorer,iOS
USR_004907,2026-01-22,Solo Explorer,Android
USR_004908,2025-11-11,Business,Android
USR_004909,2025-04-10,Family/Group,Android
USR_004910,2025-04-04,Business,Android
USR_004911,2025-02-01,Solo Explorer,Android
USR_004912,2025-02-06,Business,Android
USR_004913,2025-04-14,Family/Group,Android
USR_004914,2025-03-29,Solo Explorer,Android
USR_004915,2025-03-28,Family/Group,Android
USR_004916,2025-09-23,Solo Explorer,Android
USR_004917,2025-04-25,Solo Explorer,Android
USR_004918,2025-09-10,Business,iOS
USR_004919,2026-02-08,Solo Explorer,iOS
USR_004920,2025-06-06,Solo Explorer,Android
USR_004921,2025-10-02,Solo Explorer,Android
USR_004922,2025-07-08,Business,iOS
USR_004923,2025-08-01,Solo Explorer,iOS
USR_004924,2025-01-03,Solo Explorer,iOS
USR_004925,2025-02-17,Solo Explorer,Android
USR_004926,2026-02-12,Family/Group,iOS
USR_004927,2025-03-27,Solo Explorer,iOS
USR_004928,2025-08-05,Solo Explorer,Android
USR_004929,2025-01-11,Solo Explorer,iOS
USR_004930,2026-02-16,Business,Android
USR_004931,2025-09-28,Family/Group,iOS
USR_004932,2025-12-16,Family/Group,Android
USR_004933,2025-08-03,Family/Group,iOS
USR_004934,2025-07-29,Business,Android
USR_004935,2025-12-07,Solo Explorer,Android
USR_004936,2025-07-02,Solo Explorer,iOS
USR_004937,2026-01-31,Solo Explorer,Android
USR_004938,2025-10-16,Solo Explorer,iOS
USR_004939,2025-07-31,Family/Group,iOS
USR_004940,2025-01-16,Family/Group,Android
USR_004941,2025-03-25,Family/Group,Android
USR_004942,2025-07-15,Business,Android
USR_004943,2026-02-16,Business,Android
USR_004944,2026-02-15,Family/Group,Android
USR_004945,2025-01-16,Solo Explorer,iOS
USR_004946,2025-11-23,Business,iOS
USR_004947,2025-05-31,Solo Explorer,Android
USR_004948,2025-08-26,Solo Explorer,iOS
USR_004949,2025-07-31,Solo Explorer,Android
USR_004950,2025-10-05,Family/Group,Android
USR_004951,2025-06-02,Solo Explorer,Android
USR_004952,2025-09-19,Solo Explorer,iOS
USR_004953,2025-07-07,Solo Explorer,iOS
USR_004954,2025-12-01,Solo Explorer,Android
USR_004955,2025-03-22,Family/Group,Android
USR_004956,2025-02-04,Solo Explorer,Android
USR_004957,2026-02-20,Solo Explorer,Android
USR_004958,2025-12-09,Solo Explorer,Android
USR_004959,2025-06-16,Solo Explorer,Android
USR_004960,2025-01-29,Solo Explorer,iOS
USR_004961,2025-11-14,Solo Explorer,Android
USR_004962,2025-12-16,Business,Android
USR_004963,2025-07-03,Solo Explorer,Android
USR_004964,2025-07-14,Solo Explorer,Android
USR_004965,2025-08-04,Solo Explorer,Android
USR_004966,2025-01-05,Family/Group,iOS
USR_004967,2025-06-18,Business,iOS
USR_004968,2025-03-19,Business,Android
USR_004969,2025-06-28,Solo Explorer,iOS
USR_004970,2025-09-29,Solo Explorer,iOS
USR_004971,2025-05-08,Business,Android
USR_004972,2025-01-17,Family/Group,iOS
USR_004973,2025-05-02,Solo Explorer,Android
USR_004974,2025-05-20,Family/Group,Android
USR_004975,2025-06-03,Business,Android
USR_004976,2025-02-17,Solo Explorer,iOS
USR_004977,2025-04-15,Solo Explorer,Android
USR_004978,2025-06-08,Solo Explorer,iOS
USR_004979,2025-08-21,Family/Group,iOS
USR_004980,2025-02-19,Solo Explorer,Android
USR_004981,2025-01-06,Solo Explorer,Android
USR_004982,2026-02-19,Solo Explorer,Android
USR_004983,2025-11-23,Family/Group,Android
USR_004984,2025-05-03,Solo Explorer,Android
USR_004985,2025-11-19,Solo Explorer,Android
USR_004986,2025-05-10,Solo Explorer,iOS
USR_004987,2026-02-17,Family/Group,iOS
USR_004988,2025-05-03,Business,Android
USR_004989,2025-11-27,Business,Android
USR_004990,2025-12-12,Family/Group,iOS
USR_004991,2025-06-16,Solo Explorer,Android
USR_004992,2025-08-18,Solo Explorer,iOS
USR_004993,2025-12-28,Business,Android
USR_004994,2025-03-31,Business,Android
USR_004995,2025-06-28,Business,Android
USR_004996,2025-11-03,Family/Group,Android
USR_004997,2025-05-20,Solo Explorer,Android
USR_004998,2025-07-06,Business,Android
USR_004999,2026-02-27,Solo Explorer,Android
USR_005000,2025-03-06,Solo Explorer,iOS
