booking_id,user_id,flight_booking_value,hotel_booking_value,is_cross_sell_attached,booking_type,booking_timestamp
BKG_000001,USR_000001,9138.37,,False,initial,2026-01-19 04:26:42
BKG_000002,USR_000001,2784.62,,False,initial,2026-01-18 09:02:19
BKG_000003,USR_000003,10049.55,,False,initial,2026-06-23 16:10:48
BKG_000004,USR_000004,5228.25,,False,initial,2026-02-26 07:16:13
BKG_000005,USR_000004,6954.31,,False,initial,2026-04-12 10:20:53
BKG_000006,USR_000005,3342.54,,False,initial,2026-04-01 18:10:07
BKG_000007,USR_000005,7360.98,,False,initial,2026-05-21 13:58:53
BKG_000008,USR_000006,3003.85,,False,initial,2026-03-13 18:59:13
BKG_000009,USR_000006,9837.48,,False,initial,2026-02-10 09:21:40
BKG_000010,USR_000007,7398.8,,False,initial,2026-05-24 10:08:18
BKG_000011,USR_000007,8381.21,,False,initial,2026-03-15 10:23:02
BKG_000012,USR_000007,10854.74,,False,initial,2026-02-27 07:57:13
BKG_000013,USR_000008,10309.35,6145.32,True,initial,2026-01-26 08:37:20
BKG_000014,USR_000008,9992.26,,False,initial,2026-05-03 16:11:11
BKG_000015,USR_000011,11206.62,,False,initial,2026-06-11 12:34:05
BKG_000016,USR_000011,10163.7,,False,initial,2026-02-10 14:08:04
BKG_000017,USR_000012,4790.42,,False,initial,2026-01-18 12:02:56
BKG_000018,USR_000012,10620.73,,False,initial,2026-01-18 18:27:31
BKG_000019,USR_000013,2601.38,,False,initial,2026-03-05 14:14:09
BKG_000020,USR_000014,4821.67,,False,initial,2026-01-06 17:15:20
BKG_000021,USR_000014,11208.39,,False,initial,2026-03-15 06:52:14
BKG_000022,USR_000014,10180.88,,False,initial,2026-06-21 08:03:43
BKG_000023,USR_000014,8072.29,,False,initial,2026-06-19 02:39:57
BKG_000024,USR_000015,4781.35,,False,initial,2026-03-21 02:25:28
BKG_000025,USR_000015,8489.54,,False,initial,2026-02-27 02:17:55
BKG_000026,USR_000016,6551.9,13081.71,True,initial,2026-03-07 13:04:33
BKG_000027,USR_000016,6169.7,,False,initial,2026-01-11 18:20:27
BKG_000028,USR_000018,10550.6,7805.92,True,initial,2026-02-19 08:33:04
BKG_000029,USR_000018,3600.37,,False,initial,2026-04-20 00:26:40
BKG_000030,USR_000019,2938.15,,False,initial,2026-06-01 12:39:49
BKG_000031,USR_000019,7320.29,,False,initial,2026-02-15 09:32:31
BKG_000032,USR_000020,9782.97,,False,initial,2026-03-30 00:05:09
BKG_000033,USR_000021,3895.85,,False,initial,2026-06-11 05:50:43
BKG_000034,USR_000021,11556.24,,False,initial,2026-04-20 19:08:29
BKG_000035,USR_000022,6374.28,,False,initial,2026-06-06 17:29:12
BKG_000036,USR_000023,4152.19,,False,initial,2026-03-19 07:14:07
BKG_000037,USR_000023,8676.8,,False,initial,2026-02-11 22:45:55
BKG_000038,USR_000024,3388.23,,False,initial,2026-06-25 05:17:58
BKG_000039,USR_000025,9781.66,,False,initial,2026-04-22 06:29:09
BKG_000040,USR_000025,4785.71,,False,initial,2026-06-06 18:23:33
BKG_000041,USR_000026,3609.45,,False,initial,2026-01-01 04:53:31
BKG_000042,USR_000027,8483.69,,False,initial,2026-06-15 22:19:28
BKG_000043,USR_000027,8599.7,,False,initial,2026-01-15 05:29:48
BKG_000044,USR_000028,8878.24,,False,initial,2026-04-27 07:10:36
BKG_000045,USR_000030,4705.07,14215.52,True,initial,2026-02-21 04:38:46
BKG_000046,USR_000030,10570.68,,False,initial,2026-03-03 00:44:43
BKG_000047,USR_000030,3757.38,,False,initial,2026-06-24 14:33:28
BKG_000048,USR_000031,5013.69,,False,initial,2026-04-22 08:44:13
BKG_000049,USR_000032,5205.23,,False,initial,2026-01-28 08:39:49
BKG_000050,USR_000034,8571.09,,False,initial,2026-05-24 21:09:15
BKG_000051,USR_000035,10828.11,,False,initial,2026-05-14 08:57:23
BKG_000052,USR_000035,6326.42,,False,initial,2026-06-14 16:55:15
BKG_000053,USR_000036,3318.8,,False,initial,2026-03-15 01:16:53
BKG_000054,USR_000036,7909.6,,False,initial,2026-03-18 09:38:31
BKG_000055,USR_000038,8659.52,,False,initial,2026-05-15 08:28:25
BKG_000056,USR_000039,6209.71,,False,initial,2026-05-26 21:13:34
BKG_000057,USR_000041,7305.15,,False,initial,2026-05-02 22:23:54
BKG_000058,USR_000042,6286.64,,False,initial,2026-01-30 21:34:50
BKG_000059,USR_000043,4171.12,11830.91,True,initial,2026-03-17 18:39:05
BKG_000060,USR_000043,4363.02,,False,initial,2026-06-15 13:12:07
BKG_000061,USR_000043,10000.58,,False,initial,2026-03-10 13:31:31
BKG_000062,USR_000044,4976.92,,False,initial,2026-02-13 03:51:49
BKG_000063,USR_000045,6007.7,2820.74,True,initial,2026-05-15 21:34:35
BKG_000064,USR_000046,5412.88,,False,initial,2026-06-15 02:12:24
BKG_000065,USR_000047,5056.77,,False,initial,2026-01-22 23:53:08
BKG_000066,USR_000048,4421.82,,False,initial,2026-06-12 20:23:09
BKG_000067,USR_000051,8349.33,,False,initial,2026-05-05 22:35:05
BKG_000068,USR_000051,3732.87,,False,initial,2026-01-24 17:06:30
BKG_000069,USR_000052,6452.79,,False,initial,2026-04-13 07:21:13
BKG_000070,USR_000052,7642.82,,False,initial,2026-03-29 08:39:30
BKG_000071,USR_000057,8978.95,,False,initial,2026-06-18 15:46:02
BKG_000072,USR_000057,3868.69,,False,initial,2026-02-25 03:40:50
BKG_000073,USR_000057,3732.5,,False,initial,2026-06-15 03:12:52
BKG_000074,USR_000059,10847.31,,False,initial,2026-04-16 12:29:47
BKG_000075,USR_000060,4992.71,,False,initial,2026-05-02 17:58:17
BKG_000076,USR_000060,4180.94,,False,initial,2026-02-01 03:02:24
BKG_000077,USR_000061,6099.64,,False,initial,2026-03-09 23:49:37
BKG_000078,USR_000062,9430.78,,False,initial,2026-01-07 08:40:50
BKG_000079,USR_000062,9031.09,,False,initial,2026-03-18 05:33:42
BKG_000080,USR_000063,10874.81,,False,initial,2026-06-29 20:19:43
BKG_000081,USR_000064,9998.84,,False,initial,2026-05-08 15:21:36
BKG_000082,USR_000065,10986.08,,False,initial,2026-01-04 19:29:27
BKG_000083,USR_000066,9717.58,,False,initial,2026-06-14 16:13:17
BKG_000084,USR_000067,7705.81,,False,initial,2026-04-11 18:36:30
BKG_000085,USR_000067,5818.47,,False,initial,2026-02-21 12:57:29
BKG_000086,USR_000067,4418.95,,False,initial,2026-02-10 21:42:02
BKG_000087,USR_000069,8808.08,,False,initial,2026-04-21 19:09:52
BKG_000088,USR_000070,3285.15,,False,initial,2026-02-08 15:20:33
BKG_000089,USR_000071,4468.83,,False,initial,2026-04-08 01:44:27
BKG_000090,USR_000071,6325.61,4118.78,True,initial,2026-01-23 22:42:20
BKG_000091,USR_000073,6825.76,,False,initial,2026-05-01 23:41:09
BKG_000092,USR_000074,11258.33,,False,initial,2026-02-24 18:45:29
BKG_000093,USR_000075,11948.39,,False,initial,2026-01-30 03:56:51
BKG_000094,USR_000077,3627.18,,False,initial,2026-05-10 12:45:53
BKG_000095,USR_000078,4963.89,,False,initial,2026-03-24 07:38:26
BKG_000096,USR_000079,8335.39,,False,initial,2026-05-25 05:23:42
BKG_000097,USR_000080,5752.71,,False,initial,2026-01-05 08:30:00
BKG_000098,USR_000082,3684.6,,False,initial,2026-05-05 16:26:40
BKG_000099,USR_000085,2867.94,,False,initial,2026-06-13 10:29:28
BKG_000100,USR_000086,6526.15,,False,initial,2026-06-27 00:00:53
BKG_000101,USR_000088,9190.89,,False,initial,2026-03-28 23:00:06
BKG_000102,USR_000088,10223.47,,False,initial,2026-04-01 00:08:30
BKG_000103,USR_000089,6633.41,6861.67,True,initial,2026-04-14 01:34:50
BKG_000104,USR_000090,5670.75,,False,initial,2026-05-12 08:26:40
BKG_000105,USR_000091,2680.32,,False,initial,2026-03-26 20:13:36
BKG_000106,USR_000091,10053.48,,False,initial,2026-01-12 04:38:46
BKG_000107,USR_000091,10295.2,,False,initial,2026-01-10 20:09:30
BKG_000108,USR_000092,8300.3,,False,initial,2026-05-16 22:16:41
BKG_000109,USR_000094,6131.1,,False,initial,2026-04-28 17:14:23
BKG_000110,USR_000095,5223.22,,False,initial,2026-02-26 20:09:22
BKG_000111,USR_000095,9501.2,,False,initial,2026-01-10 13:09:31
BKG_000112,USR_000096,3136.46,,False,initial,2026-05-11 01:18:30
BKG_000113,USR_000096,3021.76,,False,initial,2026-01-28 02:50:38
BKG_000114,USR_000097,11057.91,,False,initial,2026-06-05 05:04:33
BKG_000115,USR_000097,11314.13,,False,initial,2026-06-24 06:47:19
BKG_000116,USR_000099,7621.45,,False,initial,2026-04-10 15:39:50
BKG_000117,USR_000101,7353.53,,False,initial,2026-02-06 16:41:16
BKG_000118,USR_000102,8094.0,,False,initial,2026-04-27 12:12:40
BKG_000119,USR_000104,8904.83,,False,initial,2026-04-23 19:59:18
BKG_000120,USR_000105,10433.32,,False,initial,2026-05-08 21:57:37
BKG_000121,USR_000105,6717.49,,False,initial,2026-03-15 02:15:11
BKG_000122,USR_000106,10342.44,,False,initial,2026-03-07 15:32:39
BKG_000123,USR_000107,7578.91,,False,initial,2026-04-16 09:11:27
BKG_000124,USR_000108,8218.45,,False,initial,2026-04-08 11:05:54
BKG_000125,USR_000108,5898.6,,False,initial,2026-01-14 06:08:04
BKG_000126,USR_000110,9629.53,,False,initial,2026-02-19 10:23:51
BKG_000127,USR_000111,2768.42,,False,initial,2026-02-20 22:13:36
BKG_000128,USR_000112,10729.84,,False,initial,2026-04-11 04:05:33
BKG_000129,USR_000114,9139.37,,False,initial,2026-06-28 11:46:39
BKG_000130,USR_000114,5609.6,,False,initial,2026-04-23 23:36:34
BKG_000131,USR_000115,11949.5,,False,initial,2026-03-02 21:52:31
BKG_000132,USR_000116,4467.84,,False,initial,2026-01-23 00:51:43
BKG_000133,USR_000117,2966.94,,False,initial,2026-03-21 18:44:05
BKG_000134,USR_000119,5490.1,,False,initial,2026-02-23 05:14:02
BKG_000135,USR_000119,9796.05,,False,initial,2026-06-18 00:25:24
BKG_000136,USR_000120,10820.91,,False,initial,2026-02-07 08:29:29
BKG_000137,USR_000120,4674.57,,False,initial,2026-02-05 19:27:06
BKG_000138,USR_000120,11651.15,,False,initial,2026-01-11 10:39:20
BKG_000139,USR_000121,2763.61,,False,initial,2026-03-25 03:56:21
BKG_000140,USR_000121,11937.05,,False,initial,2026-01-16 08:53:11
BKG_000141,USR_000121,4360.9,,False,initial,2026-01-02 04:55:04
BKG_000142,USR_000124,5750.43,,False,initial,2026-05-05 00:47:50
BKG_000143,USR_000125,5209.47,,False,initial,2026-03-12 07:38:41
BKG_000144,USR_000125,5211.93,9215.84,True,initial,2026-04-01 17:54:18
BKG_000145,USR_000126,9008.29,,False,initial,2026-02-10 01:51:03
BKG_000146,USR_000127,11642.0,,False,initial,2026-06-24 08:06:05
BKG_000147,USR_000127,5034.27,,False,initial,2026-06-10 13:09:30
BKG_000148,USR_000127,7389.67,,False,initial,2026-06-23 13:35:58
BKG_000149,USR_000128,5149.11,,False,initial,2026-03-18 23:21:25
BKG_000150,USR_000128,8226.29,,False,initial,2026-02-19 10:15:31
BKG_000151,USR_000129,7597.99,,False,initial,2026-05-17 19:57:57
BKG_000152,USR_000131,8969.73,,False,initial,2026-04-27 07:18:43
BKG_000153,USR_000132,2785.79,,False,initial,2026-04-26 01:11:03
BKG_000154,USR_000133,2925.43,,False,initial,2026-02-03 11:45:13
BKG_000155,USR_000133,6882.44,,False,initial,2026-01-23 17:29:00
BKG_000156,USR_000134,3656.18,,False,initial,2026-01-09 19:43:29
BKG_000157,USR_000135,8673.82,,False,initial,2026-06-08 19:51:48
BKG_000158,USR_000135,4352.38,,False,initial,2026-05-05 12:26:27
BKG_000159,USR_000137,11201.99,,False,initial,2026-01-07 19:01:08
BKG_000160,USR_000138,5052.39,,False,initial,2026-03-26 23:38:37
BKG_000161,USR_000140,7466.53,,False,initial,2026-01-01 07:37:22
BKG_000162,USR_000141,4013.4,,False,initial,2026-05-31 03:00:01
BKG_000163,USR_000142,6988.55,,False,initial,2026-06-02 10:20:12
BKG_000164,USR_000145,6818.25,,False,initial,2026-06-24 03:49:16
BKG_000165,USR_000145,9730.0,,False,initial,2026-05-03 13:08:05
BKG_000166,USR_000146,7138.64,,False,initial,2026-01-15 03:55:26
BKG_000167,USR_000146,4045.83,,False,initial,2026-01-19 18:28:29
BKG_000168,USR_000147,3499.74,,False,initial,2026-04-03 17:41:29
BKG_000169,USR_000147,2527.42,,False,initial,2026-04-18 12:01:23
BKG_000170,USR_000148,4585.79,,False,initial,2026-01-25 13:04:01
BKG_000171,USR_000148,11922.85,,False,initial,2026-05-17 17:52:06
BKG_000172,USR_000149,11940.02,,False,initial,2026-06-21 22:59:49
BKG_000173,USR_000150,3368.93,,False,initial,2026-04-16 07:14:40
BKG_000174,USR_000152,11496.54,,False,initial,2026-03-03 04:20:44
BKG_000175,USR_000152,2543.73,,False,initial,2026-06-17 10:26:05
BKG_000176,USR_000153,6425.44,,False,initial,2026-04-22 11:30:43
BKG_000177,USR_000154,11613.69,,False,initial,2026-02-11 10:35:46
BKG_000178,USR_000155,9859.49,10799.85,True,initial,2026-03-02 09:09:15
BKG_000179,USR_000157,6754.14,,False,initial,2026-06-28 08:25:12
BKG_000180,USR_000159,4236.34,12808.15,True,initial,2026-05-17 20:35:01
BKG_000181,USR_000159,7187.15,,False,initial,2026-04-26 08:46:04
BKG_000182,USR_000160,3400.17,,False,initial,2026-05-22 21:28:07
BKG_000183,USR_000160,4097.81,,False,initial,2026-05-14 08:37:06
BKG_000184,USR_000162,6658.51,,False,initial,2026-06-28 15:21:28
BKG_000185,USR_000165,6681.47,,False,initial,2026-01-10 20:59:24
BKG_000186,USR_000166,11713.43,,False,initial,2026-05-18 13:18:11
BKG_000187,USR_000167,11576.41,,False,initial,2026-06-20 13:36:48
BKG_000188,USR_000168,5932.79,,False,initial,2026-02-03 20:30:18
BKG_000189,USR_000168,3200.03,,False,initial,2026-01-14 17:39:26
BKG_000190,USR_000169,9308.24,,False,initial,2026-03-27 07:23:15
BKG_000191,USR_000170,7162.38,,False,initial,2026-05-09 14:33:59
BKG_000192,USR_000170,11861.0,,False,initial,2026-03-15 05:06:23
BKG_000193,USR_000170,8463.5,,False,initial,2026-03-02 19:25:06
BKG_000194,USR_000170,10469.84,,False,initial,2026-05-09 11:11:25
BKG_000195,USR_000171,3339.67,7407.28,True,initial,2026-02-17 10:48:07
BKG_000196,USR_000173,5461.01,,False,initial,2026-06-03 09:56:15
BKG_000197,USR_000174,2510.43,,False,initial,2026-03-13 20:47:48
BKG_000198,USR_000176,11115.59,,False,initial,2026-05-27 00:52:04
BKG_000199,USR_000177,4508.64,,False,initial,2026-01-25 04:41:44
BKG_000200,USR_000177,4091.05,,False,initial,2026-03-14 03:24:54
BKG_000201,USR_000178,7048.13,,False,initial,2026-03-16 03:22:34
BKG_000202,USR_000178,10135.21,,False,initial,2026-05-29 16:13:53
BKG_000203,USR_000180,7598.22,10315.9,True,initial,2026-04-10 19:30:40
BKG_000204,USR_000180,11283.27,,False,initial,2026-06-12 20:54:40
BKG_000205,USR_000181,3712.02,,False,initial,2026-05-26 05:06:23
BKG_000206,USR_000182,6368.0,,False,initial,2026-06-20 01:55:22
BKG_000207,USR_000183,8305.5,,False,initial,2026-01-01 13:52:56
BKG_000208,USR_000184,10675.71,,False,initial,2026-05-30 03:06:50
BKG_000209,USR_000185,3135.37,,False,initial,2026-05-26 11:25:19
BKG_000210,USR_000188,9154.05,,False,initial,2026-06-26 05:16:33
BKG_000211,USR_000189,8732.26,,False,initial,2026-01-17 08:18:36
BKG_000212,USR_000189,5766.0,,False,initial,2026-03-27 15:33:37
BKG_000213,USR_000189,3340.37,,False,initial,2026-02-28 17:04:26
BKG_000214,USR_000190,7571.11,,False,initial,2026-04-18 17:49:47
BKG_000215,USR_000191,9341.57,,False,initial,2026-05-19 03:02:20
BKG_000216,USR_000192,3236.71,,False,initial,2026-02-06 06:18:38
BKG_000217,USR_000192,9894.44,,False,initial,2026-04-13 17:45:40
BKG_000218,USR_000193,9356.58,,False,initial,2026-05-14 23:22:09
BKG_000219,USR_000194,7940.52,,False,initial,2026-01-13 08:31:51
BKG_000220,USR_000195,7969.31,,False,initial,2026-05-01 02:11:18
BKG_000221,USR_000196,3664.13,,False,initial,2026-03-30 00:32:59
BKG_000222,USR_000197,9019.46,4024.77,True,initial,2026-02-11 11:21:24
BKG_000223,USR_000198,3985.97,,False,initial,2026-01-28 14:39:53
BKG_000224,USR_000198,2961.79,,False,initial,2026-03-12 11:00:43
BKG_000225,USR_000199,6364.01,,False,initial,2026-06-19 23:40:59
BKG_000226,USR_000200,10245.27,,False,initial,2026-01-01 16:11:11
BKG_000227,USR_000201,11247.36,,False,initial,2026-04-15 06:55:51
BKG_000228,USR_000201,9749.11,,False,initial,2026-02-07 20:35:55
BKG_000229,USR_000202,6091.79,,False,initial,2026-05-02 20:49:43
BKG_000230,USR_000202,7968.33,,False,initial,2026-03-09 04:12:21
BKG_000231,USR_000204,5954.11,,False,initial,2026-01-30 07:10:06
BKG_000232,USR_000205,11120.28,,False,initial,2026-02-13 19:12:53
BKG_000233,USR_000206,10983.01,,False,initial,2026-06-11 03:15:04
BKG_000234,USR_000207,9903.83,,False,initial,2026-04-19 19:21:03
BKG_000235,USR_000208,9666.62,,False,initial,2026-05-15 03:48:07
BKG_000236,USR_000209,4197.06,,False,initial,2026-01-30 21:54:45
BKG_000237,USR_000210,10712.69,,False,initial,2026-03-07 13:23:18
BKG_000238,USR_000210,5494.93,13209.65,True,initial,2026-01-23 07:14:43
BKG_000239,USR_000211,8780.44,,False,initial,2026-05-30 22:59:26
BKG_000240,USR_000211,9439.73,,False,initial,2026-04-09 19:11:51
BKG_000241,USR_000211,7879.15,,False,initial,2026-05-09 02:37:12
BKG_000242,USR_000212,6783.16,,False,initial,2026-03-08 11:16:54
BKG_000243,USR_000213,3791.57,,False,initial,2026-01-04 12:50:56
BKG_000244,USR_000213,11106.4,,False,initial,2026-05-09 11:46:49
BKG_000245,USR_000213,7160.22,,False,initial,2026-05-01 11:31:37
BKG_000246,USR_000214,8663.11,,False,initial,2026-01-16 12:55:28
BKG_000247,USR_000215,8885.08,12320.47,True,initial,2026-06-24 19:17:46
BKG_000248,USR_000215,7119.75,,False,initial,2026-05-04 16:42:42
BKG_000249,USR_000217,5437.27,,False,initial,2026-01-02 08:27:55
BKG_000250,USR_000219,9140.8,8378.25,True,initial,2026-03-09 12:03:27
BKG_000251,USR_000221,5550.41,,False,initial,2026-03-27 17:25:38
BKG_000252,USR_000222,8907.0,,False,initial,2026-03-14 01:11:25
BKG_000253,USR_000224,4856.13,,False,initial,2026-06-27 22:03:20
BKG_000254,USR_000225,9653.32,,False,initial,2026-02-26 17:54:49
BKG_000255,USR_000225,3887.99,,False,initial,2026-02-21 05:44:14
BKG_000256,USR_000225,3447.71,,False,initial,2026-01-10 06:51:15
BKG_000257,USR_000226,11042.76,,False,initial,2026-01-02 13:41:16
BKG_000258,USR_000227,2854.28,,False,initial,2026-02-07 10:33:24
BKG_000259,USR_000227,7882.45,,False,initial,2026-01-02 23:47:07
BKG_000260,USR_000228,7523.27,,False,initial,2026-01-28 11:42:07
BKG_000261,USR_000228,11723.1,,False,initial,2026-04-26 13:00:39
BKG_000262,USR_000229,7731.94,3100.72,True,initial,2026-03-12 00:31:02
BKG_000263,USR_000230,5281.17,5814.04,True,initial,2026-06-22 21:14:36
BKG_000264,USR_000231,9923.59,,False,initial,2026-01-21 22:51:52
BKG_000265,USR_000232,3953.41,,False,initial,2026-01-06 10:55:04
BKG_000266,USR_000232,5369.93,13018.4,True,initial,2026-06-06 06:34:22
BKG_000267,USR_000234,4390.22,,False,initial,2026-06-08 06:49:10
BKG_000268,USR_000235,10839.24,,False,initial,2026-01-30 18:47:49
BKG_000269,USR_000236,5969.4,,False,initial,2026-02-12 15:14:20
BKG_000270,USR_000237,4148.83,,False,initial,2026-03-26 23:22:56
BKG_000271,USR_000237,9479.8,,False,initial,2026-05-05 15:02:41
BKG_000272,USR_000238,3363.24,,False,initial,2026-01-06 15:42:07
BKG_000273,USR_000239,9431.65,,False,initial,2026-02-01 18:01:47
BKG_000274,USR_000239,11293.76,,False,initial,2026-01-20 17:52:42
BKG_000275,USR_000240,4208.85,,False,initial,2026-03-11 20:56:23
BKG_000276,USR_000241,11497.97,,False,initial,2026-01-08 19:19:40
BKG_000277,USR_000242,3734.91,,False,initial,2026-05-02 19:20:07
BKG_000278,USR_000242,11833.94,,False,initial,2026-01-17 16:59:06
BKG_000279,USR_000243,10080.41,,False,initial,2026-06-06 18:39:18
BKG_000280,USR_000243,4192.93,,False,initial,2026-02-13 19:31:14
BKG_000281,USR_000244,4592.96,,False,initial,2026-06-22 00:13:31
BKG_000282,USR_000245,8115.47,,False,initial,2026-02-01 18:38:49
BKG_000283,USR_000246,5394.97,,False,initial,2026-02-07 22:32:28
BKG_000284,USR_000247,3178.03,,False,initial,2026-04-07 22:30:17
BKG_000285,USR_000247,4257.37,,False,initial,2026-03-19 03:45:12
BKG_000286,USR_000248,2763.88,,False,initial,2026-02-01 01:59:16
BKG_000287,USR_000249,8849.56,,False,initial,2026-02-12 10:10:38
BKG_000288,USR_000249,2906.08,,False,initial,2026-06-07 18:07:26
BKG_000289,USR_000249,4348.05,,False,initial,2026-03-15 05:07:08
BKG_000290,USR_000250,4179.41,,False,initial,2026-02-13 07:45:11
BKG_000291,USR_000251,7662.68,,False,initial,2026-01-15 19:55:28
BKG_000292,USR_000253,4823.24,,False,initial,2026-06-12 14:03:09
BKG_000293,USR_000253,9380.09,,False,initial,2026-03-17 07:29:28
BKG_000294,USR_000254,4238.71,,False,initial,2026-05-08 21:10:03
BKG_000295,USR_000255,11407.78,,False,initial,2026-01-13 10:38:35
BKG_000296,USR_000256,7965.99,,False,initial,2026-04-21 09:12:43
BKG_000297,USR_000256,10814.24,,False,initial,2026-04-13 07:39:48
BKG_000298,USR_000256,4337.22,,False,initial,2026-03-24 00:24:11
BKG_000299,USR_000258,9684.72,,False,initial,2026-06-13 14:44:27
BKG_000300,USR_000259,8895.16,,False,initial,2026-06-16 14:03:44
BKG_000301,USR_000259,4303.78,10797.8,True,initial,2026-06-27 07:25:33
BKG_000302,USR_000259,5818.61,,False,initial,2026-06-03 15:16:08
BKG_000303,USR_000261,10634.86,,False,initial,2026-01-19 11:01:04
BKG_000304,USR_000262,5824.46,,False,initial,2026-06-28 07:43:10
BKG_000305,USR_000263,3814.48,,False,initial,2026-06-09 14:45:18
BKG_000306,USR_000264,9512.65,,False,initial,2026-03-01 20:04:26
BKG_000307,USR_000265,7953.9,,False,initial,2026-04-23 12:38:50
BKG_000308,USR_000265,6353.47,,False,initial,2026-03-18 23:38:31
BKG_000309,USR_000266,6287.35,,False,initial,2026-06-14 11:36:44
BKG_000310,USR_000268,5070.32,,False,initial,2026-02-01 20:58:06
BKG_000311,USR_000268,10811.87,,False,initial,2026-06-11 20:56:20
BKG_000312,USR_000268,4988.16,,False,initial,2026-06-06 05:44:54
BKG_000313,USR_000268,11291.82,,False,initial,2026-06-15 23:03:23
BKG_000314,USR_000269,3467.31,,False,initial,2026-03-13 23:20:31
BKG_000315,USR_000271,6237.25,,False,initial,2026-01-24 20:53:24
BKG_000316,USR_000272,3609.88,,False,initial,2026-03-08 14:35:07
BKG_000317,USR_000273,8651.4,6186.19,True,initial,2026-05-30 04:17:28
BKG_000318,USR_000274,8207.43,,False,initial,2026-02-20 05:38:20
BKG_000319,USR_000274,11709.77,,False,initial,2026-03-05 08:55:14
BKG_000320,USR_000274,11339.92,,False,initial,2026-02-25 20:03:23
BKG_000321,USR_000275,7592.68,,False,initial,2026-05-20 06:35:24
BKG_000322,USR_000276,4117.96,,False,initial,2026-02-17 20:45:03
BKG_000323,USR_000276,6761.95,,False,initial,2026-06-13 11:10:51
BKG_000324,USR_000277,5418.93,,False,initial,2026-06-27 22:32:25
BKG_000325,USR_000278,3565.28,,False,initial,2026-05-29 12:05:38
BKG_000326,USR_000278,2848.15,,False,initial,2026-06-03 07:39:00
BKG_000327,USR_000279,6557.68,,False,initial,2026-04-10 03:37:45
BKG_000328,USR_000281,9000.58,,False,initial,2026-03-10 11:48:28
BKG_000329,USR_000281,9424.92,,False,initial,2026-03-02 21:21:01
BKG_000330,USR_000282,4285.92,,False,initial,2026-06-06 11:42:34
BKG_000331,USR_000282,8094.08,,False,initial,2026-02-24 05:48:32
BKG_000332,USR_000284,7057.06,,False,initial,2026-03-08 07:44:45
BKG_000333,USR_000285,4116.91,,False,initial,2026-05-13 19:04:37
BKG_000334,USR_000286,10326.91,,False,initial,2026-02-23 19:11:44
BKG_000335,USR_000287,10290.02,,False,initial,2026-01-10 23:36:18
BKG_000336,USR_000290,9398.13,,False,initial,2026-04-07 09:24:39
BKG_000337,USR_000293,6730.3,,False,initial,2026-01-03 05:19:30
BKG_000338,USR_000294,3349.59,,False,initial,2026-03-13 22:48:10
BKG_000339,USR_000294,4354.01,,False,initial,2026-06-11 00:10:40
BKG_000340,USR_000295,11855.21,6342.17,True,initial,2026-01-04 21:31:28
BKG_000341,USR_000295,10350.34,,False,initial,2026-05-06 12:24:41
BKG_000342,USR_000296,11104.88,14158.33,True,initial,2026-06-16 03:38:58
BKG_000343,USR_000296,4485.37,,False,initial,2026-06-04 09:55:01
BKG_000344,USR_000297,8327.72,10750.31,True,initial,2026-02-16 12:08:32
BKG_000345,USR_000297,6393.66,,False,initial,2026-06-12 19:14:01
BKG_000346,USR_000298,8422.79,11207.1,True,initial,2026-02-18 10:26:01
BKG_000347,USR_000299,11651.68,,False,initial,2026-03-04 19:23:34
BKG_000348,USR_000299,7122.76,,False,initial,2026-01-08 07:01:19
BKG_000349,USR_000299,6806.23,,False,initial,2026-02-10 12:18:23
BKG_000350,USR_000299,6474.7,,False,initial,2026-04-13 17:03:21
BKG_000351,USR_000300,10776.1,,False,initial,2026-05-16 00:04:19
BKG_000352,USR_000301,10157.42,,False,initial,2026-02-16 01:42:12
BKG_000353,USR_000302,7709.58,,False,initial,2026-05-29 16:36:54
BKG_000354,USR_000303,8247.91,,False,initial,2026-02-15 11:01:19
BKG_000355,USR_000304,6261.03,,False,initial,2026-01-22 21:45:58
BKG_000356,USR_000305,6777.0,,False,initial,2026-06-29 09:54:30
BKG_000357,USR_000305,3447.2,,False,initial,2026-01-27 00:35:16
BKG_000358,USR_000305,9288.58,,False,initial,2026-02-11 19:02:56
BKG_000359,USR_000306,10722.73,,False,initial,2026-01-29 00:27:47
BKG_000360,USR_000306,5251.32,,False,initial,2026-04-22 12:54:03
BKG_000361,USR_000306,9031.65,,False,initial,2026-02-21 11:23:29
BKG_000362,USR_000307,9904.61,,False,initial,2026-04-03 05:37:11
BKG_000363,USR_000308,2594.78,,False,initial,2026-06-23 11:04:18
BKG_000364,USR_000309,2746.97,,False,initial,2026-04-28 11:16:32
BKG_000365,USR_000309,3536.99,,False,initial,2026-03-31 14:26:21
BKG_000366,USR_000310,3854.08,,False,initial,2026-03-15 22:33:22
BKG_000367,USR_000312,9715.97,,False,initial,2026-06-12 00:07:53
BKG_000368,USR_000313,5063.84,3528.53,True,initial,2026-06-02 17:51:30
BKG_000369,USR_000314,6070.36,,False,initial,2026-06-27 11:14:26
BKG_000370,USR_000314,6968.09,,False,initial,2026-01-05 09:40:31
BKG_000371,USR_000314,11506.18,,False,initial,2026-01-16 08:02:49
BKG_000372,USR_000314,4121.93,,False,initial,2026-06-10 15:08:02
BKG_000373,USR_000316,6104.01,,False,initial,2026-05-23 06:17:45
BKG_000374,USR_000316,11778.85,,False,initial,2026-01-12 10:18:09
BKG_000375,USR_000317,7927.17,,False,initial,2026-01-07 08:08:46
BKG_000376,USR_000318,6397.08,5929.01,True,initial,2026-02-24 02:41:54
BKG_000377,USR_000319,5913.16,,False,initial,2026-05-19 17:38:09
BKG_000378,USR_000322,3652.52,,False,initial,2026-04-26 07:16:46
BKG_000379,USR_000323,4414.64,,False,initial,2026-06-16 05:15:42
BKG_000380,USR_000324,7661.6,,False,initial,2026-06-11 12:17:33
BKG_000381,USR_000325,3283.58,,False,initial,2026-04-11 00:43:24
BKG_000382,USR_000325,9712.68,,False,initial,2026-01-19 16:21:27
BKG_000383,USR_000326,5555.69,,False,initial,2026-05-10 02:18:10
BKG_000384,USR_000326,3407.16,,False,initial,2026-04-22 14:55:54
BKG_000385,USR_000327,8166.4,,False,initial,2026-05-18 04:09:58
BKG_000386,USR_000328,6941.91,,False,initial,2026-03-17 22:51:27
BKG_000387,USR_000328,2665.27,,False,initial,2026-06-03 08:33:21
BKG_000388,USR_000330,5786.54,,False,initial,2026-01-28 02:23:00
BKG_000389,USR_000330,5012.77,7604.98,True,initial,2026-01-04 11:45:54
BKG_000390,USR_000331,4404.79,,False,initial,2026-01-25 19:51:47
BKG_000391,USR_000332,7228.71,,False,initial,2026-04-21 06:18:54
BKG_000392,USR_000333,4964.99,,False,initial,2026-01-05 21:36:20
BKG_000393,USR_000333,10347.48,,False,initial,2026-03-09 22:08:27
BKG_000394,USR_000334,11352.88,,False,initial,2026-02-05 14:28:48
BKG_000395,USR_000335,8571.56,,False,initial,2026-03-21 09:34:18
BKG_000396,USR_000340,5890.71,,False,initial,2026-01-30 07:16:10
BKG_000397,USR_000340,9780.94,,False,initial,2026-04-22 15:12:41
BKG_000398,USR_000342,4640.8,,False,initial,2026-01-16 14:31:42
BKG_000399,USR_000342,8073.52,,False,initial,2026-05-12 12:19:57
BKG_000400,USR_000344,3625.41,7518.11,True,initial,2026-02-05 07:14:32
BKG_000401,USR_000344,3002.28,,False,initial,2026-03-02 09:32:25
BKG_000402,USR_000344,9601.62,,False,initial,2026-01-10 15:15:49
BKG_000403,USR_000345,8995.56,,False,initial,2026-04-01 15:13:32
BKG_000404,USR_000345,10739.69,,False,initial,2026-04-30 19:04:41
BKG_000405,USR_000346,7802.06,10949.95,True,initial,2026-05-03 02:11:26
BKG_000406,USR_000346,6945.51,,False,initial,2026-06-12 13:33:59
BKG_000407,USR_000346,3732.9,,False,initial,2026-03-22 16:42:42
BKG_000408,USR_000347,2883.02,,False,initial,2026-04-26 16:41:54
BKG_000409,USR_000349,4041.56,,False,initial,2026-02-02 23:14:09
BKG_000410,USR_000350,8981.28,,False,initial,2026-03-16 16:18:30
BKG_000411,USR_000354,10233.45,,False,initial,2026-04-08 18:07:49
BKG_000412,USR_000355,9754.68,,False,initial,2026-02-14 09:53:27
BKG_000413,USR_000356,3387.99,,False,initial,2026-03-17 09:16:20
BKG_000414,USR_000357,10627.47,,False,initial,2026-02-23 15:25:34
BKG_000415,USR_000357,4966.17,,False,initial,2026-03-06 00:11:17
BKG_000416,USR_000359,9831.17,,False,initial,2026-03-31 16:52:21
BKG_000417,USR_000359,6906.53,7020.67,True,initial,2026-03-24 03:01:50
BKG_000418,USR_000360,7535.72,,False,initial,2026-05-05 12:43:21
BKG_000419,USR_000361,5657.14,,False,initial,2026-01-15 04:02:11
BKG_000420,USR_000362,10666.83,,False,initial,2026-03-29 03:19:10
BKG_000421,USR_000363,6596.76,8799.37,True,initial,2026-03-07 16:46:35
BKG_000422,USR_000363,4175.47,,False,initial,2026-04-03 07:06:55
BKG_000423,USR_000364,9550.94,,False,initial,2026-02-20 10:44:41
BKG_000424,USR_000365,6409.19,,False,initial,2026-03-05 14:03:48
BKG_000425,USR_000365,8073.62,,False,initial,2026-01-12 05:33:30
BKG_000426,USR_000365,9621.0,,False,initial,2026-06-17 12:48:49
BKG_000427,USR_000365,3481.23,,False,initial,2026-01-26 07:23:09
BKG_000428,USR_000366,3043.46,,False,initial,2026-05-07 11:15:22
BKG_000429,USR_000366,6060.57,,False,initial,2026-02-27 05:03:59
BKG_000430,USR_000367,3408.73,,False,initial,2026-01-02 12:58:49
BKG_000431,USR_000367,6780.48,13544.23,True,initial,2026-06-22 22:18:13
BKG_000432,USR_000369,10601.71,,False,initial,2026-02-08 12:34:22
BKG_000433,USR_000370,11600.08,,False,initial,2026-03-27 13:40:11
BKG_000434,USR_000370,9139.37,,False,initial,2026-03-05 03:23:32
BKG_000435,USR_000371,3619.79,7345.21,True,initial,2026-04-28 10:39:31
BKG_000436,USR_000373,6809.36,,False,initial,2026-03-25 08:45:38
BKG_000437,USR_000373,2722.25,,False,initial,2026-02-02 06:58:07
BKG_000438,USR_000374,4111.64,,False,initial,2026-04-09 04:45:19
BKG_000439,USR_000374,11089.12,,False,initial,2026-04-16 23:04:05
BKG_000440,USR_000375,11038.15,,False,initial,2026-02-28 03:09:24
BKG_000441,USR_000375,11105.75,12567.01,True,initial,2026-03-09 16:21:31
BKG_000442,USR_000375,4647.35,,False,initial,2026-03-08 19:46:02
BKG_000443,USR_000376,6244.09,,False,initial,2026-04-08 22:29:43
BKG_000444,USR_000377,3663.26,,False,initial,2026-03-24 21:16:16
BKG_000445,USR_000379,5139.62,,False,initial,2026-01-23 21:54:27
BKG_000446,USR_000380,11066.03,,False,initial,2026-01-03 21:47:50
BKG_000447,USR_000381,4705.13,,False,initial,2026-06-04 17:50:46
BKG_000448,USR_000382,3477.41,,False,initial,2026-03-24 06:19:46
BKG_000449,USR_000383,5496.35,,False,initial,2026-03-24 16:28:54
BKG_000450,USR_000383,3393.83,,False,initial,2026-01-27 16:51:48
BKG_000451,USR_000384,7108.59,,False,initial,2026-05-30 21:49:56
BKG_000452,USR_000385,10669.71,,False,initial,2026-05-04 20:20:59
BKG_000453,USR_000385,8111.66,,False,initial,2026-01-30 18:48:53
BKG_000454,USR_000386,9696.76,,False,initial,2026-04-04 19:51:15
BKG_000455,USR_000388,3782.27,,False,initial,2026-04-08 18:57:33
BKG_000456,USR_000389,10760.98,,False,initial,2026-06-17 10:43:21
BKG_000457,USR_000390,10032.73,,False,initial,2026-02-03 10:29:34
BKG_000458,USR_000391,6246.98,,False,initial,2026-02-23 03:13:41
BKG_000459,USR_000392,6587.93,,False,initial,2026-03-28 02:46:09
BKG_000460,USR_000392,9504.58,,False,initial,2026-02-05 22:53:56
BKG_000461,USR_000392,11521.56,,False,initial,2026-01-17 09:49:33
BKG_000462,USR_000394,10767.93,,False,initial,2026-04-05 08:42:29
BKG_000463,USR_000395,8760.83,,False,initial,2026-02-12 10:23:53
BKG_000464,USR_000396,2618.09,,False,initial,2026-05-11 18:10:23
BKG_000465,USR_000396,9296.45,,False,initial,2026-06-03 21:51:00
BKG_000466,USR_000396,7471.91,,False,initial,2026-03-17 13:51:17
BKG_000467,USR_000397,10278.5,,False,initial,2026-03-23 14:44:56
BKG_000468,USR_000398,4138.14,,False,initial,2026-06-16 16:33:29
BKG_000469,USR_000398,3238.81,,False,initial,2026-05-16 10:07:30
BKG_000470,USR_000399,6762.03,,False,initial,2026-02-12 13:12:37
BKG_000471,USR_000399,6471.21,,False,initial,2026-05-28 18:19:36
BKG_000472,USR_000400,4657.8,,False,initial,2026-02-24 13:27:03
BKG_000473,USR_000400,4727.33,,False,initial,2026-06-19 19:22:06
BKG_000474,USR_000401,5289.2,,False,initial,2026-01-07 07:51:02
BKG_000475,USR_000403,10256.53,,False,initial,2026-03-20 11:45:32
BKG_000476,USR_000404,2694.12,,False,initial,2026-04-03 07:51:18
BKG_000477,USR_000405,6974.53,,False,initial,2026-04-26 00:03:22
BKG_000478,USR_000407,9638.58,,False,initial,2026-05-06 16:01:15
BKG_000479,USR_000408,4992.44,,False,initial,2026-05-04 15:52:21
BKG_000480,USR_000409,9744.1,7527.74,True,initial,2026-03-24 01:45:00
BKG_000481,USR_000409,8892.59,,False,initial,2026-02-01 15:21:45
BKG_000482,USR_000409,6904.68,,False,initial,2026-04-21 01:11:55
BKG_000483,USR_000410,6349.64,,False,initial,2026-06-27 13:55:23
BKG_000484,USR_000410,8908.43,,False,initial,2026-02-26 16:56:25
BKG_000485,USR_000411,6771.59,,False,initial,2026-03-05 11:46:40
BKG_000486,USR_000412,11606.61,,False,initial,2026-04-27 07:01:38
BKG_000487,USR_000412,9125.06,,False,initial,2026-02-22 17:51:06
BKG_000488,USR_000413,11061.9,,False,initial,2026-02-13 02:05:05
BKG_000489,USR_000414,7417.02,,False,initial,2026-01-31 07:30:59
BKG_000490,USR_000415,8687.18,,False,initial,2026-06-16 19:34:36
BKG_000491,USR_000417,10656.51,,False,initial,2026-05-06 15:06:12
BKG_000492,USR_000418,6834.75,10445.03,True,initial,2026-04-02 17:01:04
BKG_000493,USR_000419,8598.29,,False,initial,2026-06-29 05:00:02
BKG_000494,USR_000419,4542.02,,False,initial,2026-01-16 19:02:35
BKG_000495,USR_000420,10317.72,,False,initial,2026-01-31 08:26:30
BKG_000496,USR_000421,6066.61,,False,initial,2026-01-12 10:26:19
BKG_000497,USR_000421,10002.84,,False,initial,2026-01-26 20:07:38
BKG_000498,USR_000422,5126.23,,False,initial,2026-06-20 08:32:36
BKG_000499,USR_000423,5195.19,,False,initial,2026-01-25 17:10:10
BKG_000500,USR_000425,7854.92,,False,initial,2026-02-03 20:13:08
BKG_000501,USR_000425,4180.75,,False,initial,2026-01-26 00:48:07
BKG_000502,USR_000426,10719.03,,False,initial,2026-03-15 05:22:21
BKG_000503,USR_000426,3653.47,,False,initial,2026-03-19 15:43:00
BKG_000504,USR_000426,8229.66,,False,initial,2026-02-19 12:00:11
BKG_000505,USR_000427,11334.49,,False,initial,2026-05-29 10:57:44
BKG_000506,USR_000429,11060.77,,False,initial,2026-05-22 23:24:21
BKG_000507,USR_000429,3028.31,,False,initial,2026-03-16 12:47:43
BKG_000508,USR_000430,8412.66,,False,initial,2026-03-07 10:02:30
BKG_000509,USR_000432,8759.38,,False,initial,2026-06-08 13:37:11
BKG_000510,USR_000432,3952.88,,False,initial,2026-02-17 19:00:57
BKG_000511,USR_000433,8738.16,,False,initial,2026-01-02 07:35:09
BKG_000512,USR_000434,3318.53,9694.98,True,initial,2026-01-11 01:52:39
BKG_000513,USR_000435,7398.55,,False,initial,2026-01-09 18:10:41
BKG_000514,USR_000436,10727.01,,False,initial,2026-06-14 10:06:31
BKG_000515,USR_000437,8483.81,,False,initial,2026-06-21 20:13:23
BKG_000516,USR_000437,5045.85,,False,initial,2026-06-28 10:50:08
BKG_000517,USR_000438,9424.74,,False,initial,2026-02-19 16:17:58
BKG_000518,USR_000439,11257.34,,False,initial,2026-03-04 08:12:11
BKG_000519,USR_000439,3613.68,,False,initial,2026-01-01 12:58:58
BKG_000520,USR_000441,9002.68,,False,initial,2026-02-10 14:24:20
BKG_000521,USR_000442,3360.16,,False,initial,2026-05-15 15:48:11
BKG_000522,USR_000443,9347.91,,False,initial,2026-02-24 20:48:24
BKG_000523,USR_000444,8195.11,,False,initial,2026-04-05 15:41:53
BKG_000524,USR_000444,10723.7,,False,initial,2026-04-30 11:10:50
BKG_000525,USR_000446,3894.03,,False,initial,2026-05-08 19:34:10
BKG_000526,USR_000447,9400.89,,False,initial,2026-04-27 15:37:26
BKG_000527,USR_000448,11774.12,,False,initial,2026-01-26 16:49:31
BKG_000528,USR_000449,2556.41,,False,initial,2026-03-16 15:44:53
BKG_000529,USR_000450,6024.16,4115.82,True,initial,2026-04-11 09:31:56
BKG_000530,USR_000450,10666.02,,False,initial,2026-04-14 02:24:54
BKG_000531,USR_000450,2721.4,,False,initial,2026-04-24 22:11:53
BKG_000532,USR_000452,2908.48,,False,initial,2026-03-14 01:35:47
BKG_000533,USR_000453,3681.38,,False,initial,2026-04-25 16:28:47
BKG_000534,USR_000454,9739.85,,False,initial,2026-04-19 23:11:41
BKG_000535,USR_000456,4729.97,,False,initial,2026-05-14 04:26:37
BKG_000536,USR_000456,2789.59,,False,initial,2026-06-07 14:50:44
BKG_000537,USR_000458,11571.48,11011.19,True,initial,2026-03-20 20:56:11
BKG_000538,USR_000458,7934.78,,False,initial,2026-01-14 04:47:40
BKG_000539,USR_000458,3037.84,,False,initial,2026-03-14 12:36:42
BKG_000540,USR_000459,3669.53,,False,initial,2026-02-21 07:54:42
BKG_000541,USR_000460,10870.51,,False,initial,2026-03-20 13:57:45
BKG_000542,USR_000460,11720.41,,False,initial,2026-05-19 13:31:19
BKG_000543,USR_000461,6608.62,,False,initial,2026-01-18 05:41:55
BKG_000544,USR_000461,4498.17,,False,initial,2026-02-16 23:47:53
BKG_000545,USR_000461,10247.03,,False,initial,2026-06-17 03:01:16
BKG_000546,USR_000462,4626.43,,False,initial,2026-06-23 23:10:18
BKG_000547,USR_000462,7199.12,3382.53,True,initial,2026-01-13 16:25:38
BKG_000548,USR_000463,9055.41,,False,initial,2026-05-11 15:11:33
BKG_000549,USR_000465,11854.47,,False,initial,2026-03-26 18:11:10
BKG_000550,USR_000468,6317.19,,False,initial,2026-04-01 18:50:32
BKG_000551,USR_000468,10076.92,,False,initial,2026-02-28 00:46:07
BKG_000552,USR_000469,9415.28,,False,initial,2026-03-02 20:06:48
BKG_000553,USR_000470,7310.23,,False,initial,2026-04-07 08:16:08
BKG_000554,USR_000471,2631.04,,False,initial,2026-03-23 14:41:51
BKG_000555,USR_000472,10888.86,,False,initial,2026-05-18 05:26:27
BKG_000556,USR_000473,7465.83,,False,initial,2026-03-21 22:40:08
BKG_000557,USR_000473,4948.03,,False,initial,2026-02-12 06:27:23
BKG_000558,USR_000473,8173.55,,False,initial,2026-06-27 11:33:30
BKG_000559,USR_000474,3463.58,,False,initial,2026-05-31 12:30:23
BKG_000560,USR_000474,5630.67,,False,initial,2026-01-20 14:22:06
BKG_000561,USR_000475,3805.97,,False,initial,2026-03-07 22:06:41
BKG_000562,USR_000477,11135.44,,False,initial,2026-06-10 13:12:07
BKG_000563,USR_000478,11880.77,4999.11,True,initial,2026-03-29 10:46:22
BKG_000564,USR_000479,4331.58,,False,initial,2026-02-22 15:35:17
BKG_000565,USR_000480,6463.22,,False,initial,2026-06-16 15:14:34
BKG_000566,USR_000481,11535.29,,False,initial,2026-01-26 17:32:05
BKG_000567,USR_000483,10179.39,,False,initial,2026-04-02 07:59:18
BKG_000568,USR_000484,10684.96,,False,initial,2026-02-26 13:21:04
BKG_000569,USR_000487,3961.89,,False,initial,2026-06-18 10:09:18
BKG_000570,USR_000487,2788.77,,False,initial,2026-02-11 05:01:26
BKG_000571,USR_000488,6197.79,,False,initial,2026-04-05 03:41:22
BKG_000572,USR_000488,5341.97,,False,initial,2026-02-22 12:06:51
BKG_000573,USR_000489,10938.58,,False,initial,2026-01-03 18:16:37
BKG_000574,USR_000489,10113.59,,False,initial,2026-04-24 12:10:53
BKG_000575,USR_000490,3415.51,11801.27,True,initial,2026-03-10 16:59:26
BKG_000576,USR_000490,10471.44,,False,initial,2026-01-23 02:08:53
BKG_000577,USR_000490,4012.15,,False,initial,2026-03-04 03:50:29
BKG_000578,USR_000491,6862.84,,False,initial,2026-03-25 09:19:34
BKG_000579,USR_000492,8743.43,,False,initial,2026-02-26 19:39:52
BKG_000580,USR_000492,9899.92,,False,initial,2026-05-05 17:32:45
BKG_000581,USR_000493,10897.08,,False,initial,2026-02-15 18:16:11
BKG_000582,USR_000493,3028.47,,False,initial,2026-02-14 07:12:08
BKG_000583,USR_000494,11893.91,,False,initial,2026-04-23 19:38:23
BKG_000584,USR_000495,4092.66,,False,initial,2026-03-31 21:14:33
BKG_000585,USR_000495,11615.11,,False,initial,2026-06-10 13:25:49
BKG_000586,USR_000496,11319.78,,False,initial,2026-06-02 17:00:45
BKG_000587,USR_000497,6186.23,,False,initial,2026-06-02 06:42:52
BKG_000588,USR_000498,4627.09,,False,initial,2026-01-10 03:42:12
BKG_000589,USR_000499,11967.17,,False,initial,2026-03-03 09:55:07
BKG_000590,USR_000501,8923.13,,False,initial,2026-06-20 20:51:34
BKG_000591,USR_000502,5457.95,,False,initial,2026-02-23 04:31:34
BKG_000592,USR_000504,10281.79,,False,initial,2026-06-15 05:36:48
BKG_000593,USR_000504,4705.15,,False,initial,2026-05-31 18:53:34
BKG_000594,USR_000504,2735.03,,False,initial,2026-02-28 18:27:59
BKG_000595,USR_000505,10751.74,,False,initial,2026-01-13 21:44:00
BKG_000596,USR_000505,8794.19,,False,initial,2026-03-10 23:05:59
BKG_000597,USR_000507,8604.06,,False,initial,2026-02-10 11:40:31
BKG_000598,USR_000507,8039.24,,False,initial,2026-06-09 13:35:44
BKG_000599,USR_000507,10542.31,,False,initial,2026-06-04 19:10:28
BKG_000600,USR_000508,11254.99,,False,initial,2026-03-17 12:08:42
BKG_000601,USR_000508,11026.82,,False,initial,2026-04-05 14:12:46
BKG_000602,USR_000509,10458.88,,False,initial,2026-05-10 00:47:55
BKG_000603,USR_000510,11725.39,,False,initial,2026-02-25 21:33:08
BKG_000604,USR_000511,9217.26,,False,initial,2026-01-06 14:10:12
BKG_000605,USR_000511,11904.5,,False,initial,2026-02-06 08:41:00
BKG_000606,USR_000513,5052.32,,False,initial,2026-06-07 13:25:04
BKG_000607,USR_000515,5122.74,,False,initial,2026-06-23 01:24:32
BKG_000608,USR_000515,10588.93,13849.57,True,initial,2026-03-20 09:12:14
BKG_000609,USR_000517,9483.11,,False,initial,2026-01-11 05:16:04
BKG_000610,USR_000518,9421.77,,False,initial,2026-06-07 15:58:41
BKG_000611,USR_000519,5356.56,,False,initial,2026-03-19 13:15:48
BKG_000612,USR_000520,3913.76,,False,initial,2026-06-29 15:56:05
BKG_000613,USR_000521,5250.38,,False,initial,2026-02-20 15:18:01
BKG_000614,USR_000522,7269.46,,False,initial,2026-02-25 10:36:47
BKG_000615,USR_000522,4876.62,,False,initial,2026-01-12 14:57:10
BKG_000616,USR_000523,7713.53,,False,initial,2026-04-14 20:47:53
BKG_000617,USR_000524,6362.19,,False,initial,2026-04-30 11:00:27
BKG_000618,USR_000525,11282.73,,False,initial,2026-06-12 17:00:33
BKG_000619,USR_000525,3015.18,14486.72,True,initial,2026-05-21 02:36:06
BKG_000620,USR_000527,7063.8,,False,initial,2026-03-05 09:53:29
BKG_000621,USR_000528,3722.89,,False,initial,2026-01-15 15:47:58
BKG_000622,USR_000529,3828.46,2844.14,True,initial,2026-02-23 23:22:34
BKG_000623,USR_000529,11575.89,,False,initial,2026-01-23 03:12:51
BKG_000624,USR_000530,5390.65,,False,initial,2026-02-11 16:54:06
BKG_000625,USR_000531,4336.6,,False,initial,2026-02-27 23:06:58
BKG_000626,USR_000531,8548.25,,False,initial,2026-02-03 18:46:54
BKG_000627,USR_000532,5884.01,,False,initial,2026-06-25 17:37:22
BKG_000628,USR_000533,10787.21,,False,initial,2026-06-08 02:10:37
BKG_000629,USR_000534,5241.16,,False,initial,2026-05-01 07:52:30
BKG_000630,USR_000535,3709.18,,False,initial,2026-05-20 18:26:53
BKG_000631,USR_000536,3480.95,,False,initial,2026-05-29 17:35:26
BKG_000632,USR_000536,11533.57,,False,initial,2026-04-03 05:16:35
BKG_000633,USR_000537,7252.01,,False,initial,2026-04-17 05:46:54
BKG_000634,USR_000537,7872.31,,False,initial,2026-03-25 08:20:29
BKG_000635,USR_000538,3464.31,,False,initial,2026-02-15 21:46:13
BKG_000636,USR_000538,6105.63,,False,initial,2026-06-24 04:14:49
BKG_000637,USR_000540,11800.93,,False,initial,2026-06-25 12:25:51
BKG_000638,USR_000540,10464.12,,False,initial,2026-03-19 08:16:42
BKG_000639,USR_000540,2607.81,,False,initial,2026-05-26 09:36:58
BKG_000640,USR_000540,7887.99,,False,initial,2026-03-18 19:19:05
BKG_000641,USR_000542,9960.04,9640.24,True,initial,2026-05-13 10:20:53
BKG_000642,USR_000543,4700.43,,False,initial,2026-05-31 17:04:05
BKG_000643,USR_000544,5173.75,,False,initial,2026-03-23 10:07:10
BKG_000644,USR_000544,2599.01,,False,initial,2026-04-06 20:50:13
BKG_000645,USR_000548,5273.79,,False,initial,2026-03-20 11:57:02
BKG_000646,USR_000548,10937.47,,False,initial,2026-01-24 16:57:57
BKG_000647,USR_000548,10454.67,,False,initial,2026-01-12 15:40:05
BKG_000648,USR_000549,9935.56,,False,initial,2026-03-16 05:23:00
BKG_000649,USR_000550,10585.3,,False,initial,2026-05-10 22:17:53
BKG_000650,USR_000550,11712.65,,False,initial,2026-02-28 02:07:08
BKG_000651,USR_000551,4769.0,,False,initial,2026-04-10 01:20:42
BKG_000652,USR_000551,3660.09,,False,initial,2026-06-03 03:47:34
BKG_000653,USR_000552,3282.81,,False,initial,2026-02-25 14:25:20
BKG_000654,USR_000552,6361.94,,False,initial,2026-03-07 03:55:54
BKG_000655,USR_000554,7445.67,,False,initial,2026-05-03 22:28:40
BKG_000656,USR_000555,8113.05,10358.35,True,initial,2026-03-11 16:47:22
BKG_000657,USR_000555,6829.01,,False,initial,2026-02-10 10:37:57
BKG_000658,USR_000556,5293.57,,False,initial,2026-01-26 21:14:43
BKG_000659,USR_000557,2532.59,,False,initial,2026-03-23 18:17:20
BKG_000660,USR_000557,3830.07,,False,initial,2026-01-20 11:50:17
BKG_000661,USR_000558,7497.08,,False,initial,2026-01-29 18:25:04
BKG_000662,USR_000559,4667.64,,False,initial,2026-04-28 16:27:40
BKG_000663,USR_000562,7786.98,,False,initial,2026-03-26 19:37:45
BKG_000664,USR_000563,3472.1,6096.23,True,initial,2026-05-28 10:14:33
BKG_000665,USR_000564,11333.43,,False,initial,2026-03-05 23:35:50
BKG_000666,USR_000564,4165.22,,False,initial,2026-02-21 00:15:37
BKG_000667,USR_000564,8900.04,,False,initial,2026-05-05 14:07:00
BKG_000668,USR_000565,11346.05,,False,initial,2026-04-19 10:16:06
BKG_000669,USR_000567,2640.34,,False,initial,2026-03-23 09:32:22
BKG_000670,USR_000568,3288.45,,False,initial,2026-01-10 10:12:27
BKG_000671,USR_000569,4589.54,,False,initial,2026-03-28 06:31:57
BKG_000672,USR_000572,11059.06,,False,initial,2026-06-26 14:32:05
BKG_000673,USR_000572,4842.7,,False,initial,2026-02-03 19:47:22
BKG_000674,USR_000573,6149.64,,False,initial,2026-04-27 14:05:45
BKG_000675,USR_000573,11969.12,,False,initial,2026-06-11 23:33:14
BKG_000676,USR_000573,10559.07,,False,initial,2026-02-11 08:37:44
BKG_000677,USR_000574,6226.94,,False,initial,2026-04-15 10:49:28
BKG_000678,USR_000575,8108.23,,False,initial,2026-01-06 03:36:56
BKG_000679,USR_000576,4510.64,10237.44,True,initial,2026-01-02 11:50:17
BKG_000680,USR_000577,6587.73,,False,initial,2026-04-05 14:52:47
BKG_000681,USR_000577,5862.02,,False,initial,2026-03-15 04:22:07
BKG_000682,USR_000578,9406.08,,False,initial,2026-01-01 11:56:07
BKG_000683,USR_000578,6922.0,,False,initial,2026-02-12 04:34:10
BKG_000684,USR_000579,8341.92,,False,initial,2026-05-30 05:13:29
BKG_000685,USR_000579,6565.13,,False,initial,2026-05-28 00:06:55
BKG_000686,USR_000579,3687.71,,False,initial,2026-03-23 16:59:53
BKG_000687,USR_000580,3754.43,,False,initial,2026-05-06 20:06:46
BKG_000688,USR_000580,3787.09,,False,initial,2026-01-14 11:18:59
BKG_000689,USR_000581,6433.81,,False,initial,2026-04-05 10:55:46
BKG_000690,USR_000582,9842.64,,False,initial,2026-01-17 06:50:50
BKG_000691,USR_000582,6109.9,,False,initial,2026-05-17 12:51:57
BKG_000692,USR_000583,11007.41,,False,initial,2026-04-03 23:38:34
BKG_000693,USR_000584,7134.59,,False,initial,2026-02-01 18:59:44
BKG_000694,USR_000585,11785.56,,False,initial,2026-06-06 21:15:49
BKG_000695,USR_000586,2705.96,,False,initial,2026-03-27 16:49:44
BKG_000696,USR_000587,10658.11,,False,initial,2026-01-27 20:00:42
BKG_000697,USR_000589,4945.31,,False,initial,2026-05-19 01:36:21
BKG_000698,USR_000590,5280.72,,False,initial,2026-04-22 18:38:18
BKG_000699,USR_000591,10650.71,,False,initial,2026-04-17 20:06:11
BKG_000700,USR_000591,3389.27,,False,initial,2026-01-27 14:31:17
BKG_000701,USR_000592,9318.79,,False,initial,2026-02-07 12:01:41
BKG_000702,USR_000595,8249.89,8734.57,True,initial,2026-05-27 04:32:49
BKG_000703,USR_000596,10828.73,,False,initial,2026-01-17 16:25:43
BKG_000704,USR_000596,3580.38,,False,initial,2026-04-27 09:35:42
BKG_000705,USR_000598,9977.29,,False,initial,2026-04-20 12:42:58
BKG_000706,USR_000599,5215.49,,False,initial,2026-05-15 04:09:06
BKG_000707,USR_000599,10419.56,,False,initial,2026-05-04 21:54:46
BKG_000708,USR_000600,4372.31,,False,initial,2026-05-04 04:25:38
BKG_000709,USR_000601,3970.29,,False,initial,2026-04-11 06:32:25
BKG_000710,USR_000602,6641.35,,False,initial,2026-06-27 02:08:56
BKG_000711,USR_000602,10352.72,,False,initial,2026-01-21 17:49:20
BKG_000712,USR_000603,5661.97,,False,initial,2026-03-11 04:27:07
BKG_000713,USR_000604,9203.1,,False,initial,2026-02-10 06:54:28
BKG_000714,USR_000604,5181.74,,False,initial,2026-04-16 22:08:56
BKG_000715,USR_000604,7624.55,5846.06,True,initial,2026-03-17 07:58:40
BKG_000716,USR_000604,2561.37,,False,initial,2026-03-24 14:30:45
BKG_000717,USR_000605,4922.94,,False,initial,2026-03-08 05:33:47
BKG_000718,USR_000605,6551.46,,False,initial,2026-05-18 21:42:03
BKG_000719,USR_000606,8569.63,,False,initial,2026-06-27 17:42:58
BKG_000720,USR_000606,3831.98,,False,initial,2026-06-04 01:46:00
BKG_000721,USR_000607,10359.16,,False,initial,2026-05-23 06:05:25
BKG_000722,USR_000609,11379.42,,False,initial,2026-03-28 19:49:07
BKG_000723,USR_000609,2886.57,,False,initial,2026-05-12 15:34:11
BKG_000724,USR_000610,11477.28,,False,initial,2026-05-13 07:26:30
BKG_000725,USR_000611,9086.15,,False,initial,2026-06-12 16:57:39
BKG_000726,USR_000612,2916.63,7462.07,True,initial,2026-02-17 05:53:41
BKG_000727,USR_000612,8859.53,,False,initial,2026-06-10 22:45:24
BKG_000728,USR_000613,7173.97,,False,initial,2026-06-26 16:18:21
BKG_000729,USR_000616,11890.76,,False,initial,2026-03-21 04:19:16
BKG_000730,USR_000616,10004.15,,False,initial,2026-04-07 17:35:39
BKG_000731,USR_000616,9431.51,,False,initial,2026-03-04 02:01:53
BKG_000732,USR_000617,3040.21,,False,initial,2026-06-26 15:16:57
BKG_000733,USR_000618,4148.16,,False,initial,2026-01-11 04:32:21
BKG_000734,USR_000619,8437.44,,False,initial,2026-02-14 19:12:53
BKG_000735,USR_000619,6242.13,,False,initial,2026-01-10 20:09:03
BKG_000736,USR_000620,5813.51,,False,initial,2026-05-05 19:34:09
BKG_000737,USR_000622,9596.46,,False,initial,2026-04-28 10:09:16
BKG_000738,USR_000623,6352.59,,False,initial,2026-03-23 23:52:05
BKG_000739,USR_000624,6387.09,,False,initial,2026-04-04 00:22:16
BKG_000740,USR_000624,6868.96,,False,initial,2026-02-15 21:12:49
BKG_000741,USR_000625,6751.69,,False,initial,2026-04-25 23:54:01
BKG_000742,USR_000626,6906.1,,False,initial,2026-03-18 17:53:31
BKG_000743,USR_000627,6621.42,,False,initial,2026-02-16 23:17:39
BKG_000744,USR_000627,5512.33,,False,initial,2026-04-28 03:33:10
BKG_000745,USR_000628,8107.2,,False,initial,2026-06-28 08:49:54
BKG_000746,USR_000628,2874.09,,False,initial,2026-03-10 03:52:01
BKG_000747,USR_000629,7831.19,,False,initial,2026-03-12 03:12:58
BKG_000748,USR_000629,9852.44,,False,initial,2026-06-22 15:14:37
BKG_000749,USR_000629,10438.33,,False,initial,2026-04-25 12:20:15
BKG_000750,USR_000631,6152.2,,False,initial,2026-06-15 06:01:50
BKG_000751,USR_000632,11944.35,,False,initial,2026-05-07 11:22:01
BKG_000752,USR_000634,4904.94,,False,initial,2026-05-12 17:34:26
BKG_000753,USR_000636,8782.83,,False,initial,2026-04-10 20:25:30
BKG_000754,USR_000637,11280.96,,False,initial,2026-06-11 03:42:34
BKG_000755,USR_000637,8740.43,,False,initial,2026-06-24 23:48:37
BKG_000756,USR_000639,8160.87,,False,initial,2026-06-18 06:39:43
BKG_000757,USR_000640,10523.1,,False,initial,2026-05-28 07:12:24
BKG_000758,USR_000640,4796.05,,False,initial,2026-04-25 15:16:11
BKG_000759,USR_000640,5349.03,,False,initial,2026-06-29 16:46:55
BKG_000760,USR_000642,10331.46,,False,initial,2026-02-10 17:40:19
BKG_000761,USR_000643,11940.71,,False,initial,2026-05-01 11:59:44
BKG_000762,USR_000644,5279.28,,False,initial,2026-05-15 08:56:27
BKG_000763,USR_000645,4850.78,,False,initial,2026-03-23 03:48:26
BKG_000764,USR_000647,4151.1,,False,initial,2026-06-11 06:30:08
BKG_000765,USR_000648,6640.35,,False,initial,2026-02-15 10:59:42
BKG_000766,USR_000649,11186.61,,False,initial,2026-01-12 12:53:02
BKG_000767,USR_000649,10363.95,,False,initial,2026-05-17 16:50:22
BKG_000768,USR_000650,8677.02,,False,initial,2026-04-18 23:44:48
BKG_000769,USR_000650,3517.14,,False,initial,2026-01-12 03:02:53
BKG_000770,USR_000652,8472.75,,False,initial,2026-04-01 14:39:08
BKG_000771,USR_000654,6376.0,,False,initial,2026-01-08 10:00:14
BKG_000772,USR_000657,8140.19,,False,initial,2026-04-30 07:37:08
BKG_000773,USR_000659,7129.58,,False,initial,2026-05-12 22:42:16
BKG_000774,USR_000661,2555.84,,False,initial,2026-06-13 05:15:20
BKG_000775,USR_000661,9575.37,,False,initial,2026-05-31 17:22:07
BKG_000776,USR_000662,5085.91,,False,initial,2026-03-09 05:47:09
BKG_000777,USR_000663,4780.89,,False,initial,2026-05-20 14:22:28
BKG_000778,USR_000663,4138.97,,False,initial,2026-03-24 08:12:57
BKG_000779,USR_000664,3436.13,9192.71,True,initial,2026-05-26 17:03:59
BKG_000780,USR_000665,7468.23,,False,initial,2026-03-12 06:01:02
BKG_000781,USR_000665,8660.87,,False,initial,2026-05-21 12:58:21
BKG_000782,USR_000666,7080.36,,False,initial,2026-02-17 16:48:00
BKG_000783,USR_000667,3489.9,,False,initial,2026-03-30 16:59:07
BKG_000784,USR_000667,8411.05,,False,initial,2026-02-12 02:06:21
BKG_000785,USR_000667,6200.11,,False,initial,2026-06-05 01:56:04
BKG_000786,USR_000669,11274.83,,False,initial,2026-06-14 09:12:37
BKG_000787,USR_000670,4075.8,,False,initial,2026-02-12 11:54:21
BKG_000788,USR_000671,4445.54,,False,initial,2026-05-14 11:53:20
BKG_000789,USR_000672,6058.64,,False,initial,2026-02-27 15:45:11
BKG_000790,USR_000673,2758.52,,False,initial,2026-02-14 01:19:52
BKG_000791,USR_000676,9904.91,,False,initial,2026-05-22 13:22:25
BKG_000792,USR_000677,3111.93,,False,initial,2026-04-26 07:53:02
BKG_000793,USR_000677,3278.58,,False,initial,2026-06-26 07:12:15
BKG_000794,USR_000678,8694.03,,False,initial,2026-01-25 22:13:22
BKG_000795,USR_000679,10609.84,12381.59,True,initial,2026-02-25 07:48:28
BKG_000796,USR_000680,4401.1,,False,initial,2026-01-02 20:18:06
BKG_000797,USR_000680,9576.04,,False,initial,2026-01-19 06:54:24
BKG_000798,USR_000681,9128.14,,False,initial,2026-01-18 05:44:42
BKG_000799,USR_000681,3591.73,,False,initial,2026-01-23 02:44:47
BKG_000800,USR_000682,9665.97,,False,initial,2026-05-15 04:53:27
BKG_000801,USR_000683,7283.46,,False,initial,2026-05-14 20:37:27
BKG_000802,USR_000684,3882.25,,False,initial,2026-03-23 18:53:31
BKG_000803,USR_000685,8478.83,,False,initial,2026-06-23 05:20:36
BKG_000804,USR_000687,5901.07,,False,initial,2026-05-18 05:38:48
BKG_000805,USR_000687,8229.52,2608.46,True,initial,2026-01-19 23:30:55
BKG_000806,USR_000687,9109.75,,False,initial,2026-05-30 21:25:24
BKG_000807,USR_000688,6878.57,,False,initial,2026-04-01 06:37:23
BKG_000808,USR_000688,3132.15,,False,initial,2026-05-04 12:33:47
BKG_000809,USR_000689,9212.82,,False,initial,2026-05-01 17:43:56
BKG_000810,USR_000690,3394.37,,False,initial,2026-01-12 22:01:21
BKG_000811,USR_000691,4327.85,,False,initial,2026-01-23 22:35:28
BKG_000812,USR_000693,4797.69,,False,initial,2026-01-14 17:32:56
BKG_000813,USR_000694,3386.07,,False,initial,2026-03-16 02:51:24
BKG_000814,USR_000695,9942.7,,False,initial,2026-06-12 02:41:01
BKG_000815,USR_000696,4317.5,,False,initial,2026-02-24 11:25:27
BKG_000816,USR_000697,6643.71,,False,initial,2026-02-19 23:41:28
BKG_000817,USR_000697,9410.85,,False,initial,2026-04-29 21:54:49
BKG_000818,USR_000698,8283.4,,False,initial,2026-05-01 10:53:41
BKG_000819,USR_000699,4490.53,,False,initial,2026-06-18 02:35:21
BKG_000820,USR_000700,5102.7,,False,initial,2026-03-05 17:37:50
BKG_000821,USR_000700,8836.14,,False,initial,2026-04-17 21:48:01
BKG_000822,USR_000701,6846.97,,False,initial,2026-03-26 05:15:03
BKG_000823,USR_000702,3474.98,,False,initial,2026-03-26 03:29:57
BKG_000824,USR_000702,6151.41,,False,initial,2026-03-23 08:13:43
BKG_000825,USR_000703,7967.09,,False,initial,2026-02-20 15:47:37
BKG_000826,USR_000704,3184.96,,False,initial,2026-03-21 08:19:50
BKG_000827,USR_000705,9725.62,,False,initial,2026-04-06 06:29:23
BKG_000828,USR_000706,5569.22,,False,initial,2026-05-06 14:55:23
BKG_000829,USR_000707,8210.28,,False,initial,2026-01-04 16:37:29
BKG_000830,USR_000708,6866.83,,False,initial,2026-06-06 15:08:14
BKG_000831,USR_000709,8960.03,,False,initial,2026-05-28 09:35:03
BKG_000832,USR_000709,4363.67,7134.8,True,initial,2026-02-11 01:08:31
BKG_000833,USR_000710,10462.89,,False,initial,2026-01-18 06:08:55
BKG_000834,USR_000710,10956.83,,False,initial,2026-06-22 01:15:03
BKG_000835,USR_000711,10230.31,,False,initial,2026-03-18 05:24:42
BKG_000836,USR_000714,2714.01,,False,initial,2026-06-02 06:06:34
BKG_000837,USR_000714,3222.3,,False,initial,2026-06-18 06:51:19
BKG_000838,USR_000715,9515.51,,False,initial,2026-05-29 20:41:31
BKG_000839,USR_000715,5762.35,,False,initial,2026-06-04 15:26:03
BKG_000840,USR_000716,2774.58,,False,initial,2026-01-26 06:50:00
BKG_000841,USR_000716,10332.48,,False,initial,2026-04-21 19:48:52
BKG_000842,USR_000716,11939.38,,False,initial,2026-01-16 03:07:30
BKG_000843,USR_000717,6317.03,,False,initial,2026-01-20 18:51:59
BKG_000844,USR_000718,7355.66,,False,initial,2026-05-22 19:15:16
BKG_000845,USR_000719,9264.14,,False,initial,2026-02-24 12:30:22
BKG_000846,USR_000719,9163.14,11145.69,True,initial,2026-03-13 15:26:45
BKG_000847,USR_000720,8963.89,,False,initial,2026-02-05 01:32:02
BKG_000848,USR_000721,7103.26,,False,initial,2026-01-14 00:56:25
BKG_000849,USR_000722,4980.93,,False,initial,2026-02-17 07:54:33
BKG_000850,USR_000723,11205.08,,False,initial,2026-03-05 13:35:43
BKG_000851,USR_000724,6429.39,,False,initial,2026-04-08 23:55:56
BKG_000852,USR_000725,2582.3,,False,initial,2026-06-17 21:15:25
BKG_000853,USR_000725,8558.11,,False,initial,2026-03-11 00:29:41
BKG_000854,USR_000725,9205.88,,False,initial,2026-05-15 17:41:09
BKG_000855,USR_000726,4543.76,,False,initial,2026-04-18 14:14:47
BKG_000856,USR_000728,3476.57,,False,initial,2026-02-06 17:31:12
BKG_000857,USR_000729,4869.86,,False,initial,2026-01-20 17:52:46
BKG_000858,USR_000729,5319.91,8122.25,True,initial,2026-03-06 13:12:02
BKG_000859,USR_000730,4755.12,,False,initial,2026-04-30 18:15:44
BKG_000860,USR_000731,11418.22,,False,initial,2026-03-05 05:36:33
BKG_000861,USR_000731,9055.21,,False,initial,2026-06-06 01:48:24
BKG_000862,USR_000732,3943.48,,False,initial,2026-01-12 10:38:12
BKG_000863,USR_000733,11568.73,,False,initial,2026-06-07 09:59:49
BKG_000864,USR_000734,2605.66,,False,initial,2026-02-07 14:20:16
BKG_000865,USR_000735,2942.95,10567.36,True,initial,2026-01-28 00:53:48
BKG_000866,USR_000735,11423.12,,False,initial,2026-03-31 23:40:47
BKG_000867,USR_000741,10904.85,,False,initial,2026-05-16 09:44:10
BKG_000868,USR_000742,8821.39,,False,initial,2026-06-05 05:33:28
BKG_000869,USR_000742,9433.6,,False,initial,2026-04-30 12:15:56
BKG_000870,USR_000743,4716.91,,False,initial,2026-03-01 20:08:08
BKG_000871,USR_000743,8576.24,,False,initial,2026-03-27 13:15:39
BKG_000872,USR_000744,10239.58,,False,initial,2026-03-06 08:51:53
BKG_000873,USR_000744,10790.06,,False,initial,2026-03-06 10:14:03
BKG_000874,USR_000745,4491.85,,False,initial,2026-06-25 23:40:10
BKG_000875,USR_000746,7272.63,,False,initial,2026-04-10 01:10:15
BKG_000876,USR_000747,5679.87,,False,initial,2026-03-19 13:04:01
BKG_000877,USR_000747,8197.15,,False,initial,2026-01-16 10:11:42
BKG_000878,USR_000748,8997.09,,False,initial,2026-04-08 16:28:59
BKG_000879,USR_000749,4943.13,,False,initial,2026-01-31 09:50:51
BKG_000880,USR_000749,5451.46,,False,initial,2026-02-13 12:26:27
BKG_000881,USR_000749,5834.14,,False,initial,2026-01-22 16:26:29
BKG_000882,USR_000749,7968.27,,False,initial,2026-04-08 22:37:12
BKG_000883,USR_000750,7056.17,,False,initial,2026-01-29 02:14:28
BKG_000884,USR_000752,6667.02,,False,initial,2026-02-08 04:10:11
BKG_000885,USR_000752,5777.98,,False,initial,2026-04-13 08:16:17
BKG_000886,USR_000753,8428.48,,False,initial,2026-03-20 05:57:10
BKG_000887,USR_000754,10128.69,,False,initial,2026-04-27 09:20:38
BKG_000888,USR_000756,11452.73,,False,initial,2026-05-11 19:36:57
BKG_000889,USR_000757,8267.92,,False,initial,2026-06-11 05:04:51
BKG_000890,USR_000757,10037.92,,False,initial,2026-01-13 13:44:11
BKG_000891,USR_000757,7414.82,,False,initial,2026-04-28 07:21:55
BKG_000892,USR_000758,7073.38,,False,initial,2026-05-09 17:57:03
BKG_000893,USR_000758,7601.91,,False,initial,2026-03-12 05:54:12
BKG_000894,USR_000760,8807.91,,False,initial,2026-06-16 17:46:46
BKG_000895,USR_000761,10277.15,,False,initial,2026-03-06 16:25:47
BKG_000896,USR_000762,6312.26,,False,initial,2026-05-15 19:44:00
BKG_000897,USR_000762,3404.69,,False,initial,2026-01-21 04:28:01
BKG_000898,USR_000763,11684.01,,False,initial,2026-06-20 00:46:40
BKG_000899,USR_000764,6323.29,,False,initial,2026-04-24 01:12:24
BKG_000900,USR_000764,6718.38,,False,initial,2026-01-31 04:29:30
BKG_000901,USR_000765,8859.69,,False,initial,2026-04-01 07:45:20
BKG_000902,USR_000766,6042.2,,False,initial,2026-01-25 04:34:41
BKG_000903,USR_000767,8761.01,,False,initial,2026-01-08 05:04:12
BKG_000904,USR_000767,7958.93,,False,initial,2026-01-08 15:27:53
BKG_000905,USR_000767,6279.75,,False,initial,2026-04-05 22:33:05
BKG_000906,USR_000768,5996.14,,False,initial,2026-03-24 09:19:39
BKG_000907,USR_000769,11686.87,,False,initial,2026-03-11 03:28:37
BKG_000908,USR_000770,8534.9,,False,initial,2026-04-29 21:02:15
BKG_000909,USR_000770,6695.48,,False,initial,2026-04-30 08:17:52
BKG_000910,USR_000771,11184.64,,False,initial,2026-01-05 08:29:35
BKG_000911,USR_000773,3844.16,,False,initial,2026-05-10 23:59:34
BKG_000912,USR_000776,6086.65,,False,initial,2026-06-07 07:26:45
BKG_000913,USR_000777,10074.28,,False,initial,2026-02-11 17:20:05
BKG_000914,USR_000778,9027.92,,False,initial,2026-05-10 06:45:21
BKG_000915,USR_000778,7373.41,12254.04,True,initial,2026-01-29 01:30:49
BKG_000916,USR_000779,5574.61,14684.72,True,initial,2026-01-16 14:24:27
BKG_000917,USR_000780,11727.58,,False,initial,2026-03-18 16:48:59
BKG_000918,USR_000780,8546.83,,False,initial,2026-02-16 01:57:38
BKG_000919,USR_000781,3478.29,,False,initial,2026-01-19 05:35:56
BKG_000920,USR_000782,4938.67,,False,initial,2026-04-22 13:02:43
BKG_000921,USR_000783,8287.65,,False,initial,2026-02-27 23:27:37
BKG_000922,USR_000785,11937.97,,False,initial,2026-05-17 22:42:08
BKG_000923,USR_000787,11549.71,,False,initial,2026-06-29 02:30:21
BKG_000924,USR_000788,10030.34,,False,initial,2026-01-01 16:28:55
BKG_000925,USR_000789,2540.49,,False,initial,2026-01-28 12:03:19
BKG_000926,USR_000789,9829.14,,False,initial,2026-03-12 07:59:04
BKG_000927,USR_000790,7927.89,,False,initial,2026-05-23 14:57:25
BKG_000928,USR_000791,3449.68,,False,initial,2026-05-04 06:40:01
BKG_000929,USR_000792,5634.62,,False,initial,2026-06-23 11:02:16
BKG_000930,USR_000792,6159.26,,False,initial,2026-03-18 04:04:59
BKG_000931,USR_000796,5666.64,,False,initial,2026-01-09 16:22:04
BKG_000932,USR_000798,6176.66,,False,initial,2026-04-24 22:25:51
BKG_000933,USR_000798,10126.09,,False,initial,2026-02-01 12:23:49
BKG_000934,USR_000799,5413.4,,False,initial,2026-01-23 19:24:11
BKG_000935,USR_000800,8989.67,,False,initial,2026-02-26 07:41:18
BKG_000936,USR_000801,11588.06,,False,initial,2026-04-09 10:49:17
BKG_000937,USR_000802,11260.6,,False,initial,2026-06-16 16:02:06
BKG_000938,USR_000803,10889.94,,False,initial,2026-05-20 09:52:27
BKG_000939,USR_000805,11326.2,5652.89,True,initial,2026-02-25 19:49:21
BKG_000940,USR_000806,8716.48,,False,initial,2026-03-15 09:21:21
BKG_000941,USR_000806,4803.18,,False,initial,2026-02-07 01:16:44
BKG_000942,USR_000806,5229.05,,False,initial,2026-05-19 22:24:01
BKG_000943,USR_000806,4931.29,,False,initial,2026-04-03 23:51:33
BKG_000944,USR_000808,8947.99,,False,initial,2026-04-04 03:42:48
BKG_000945,USR_000808,11263.78,,False,initial,2026-01-07 15:49:09
BKG_000946,USR_000809,7001.95,,False,initial,2026-05-16 20:58:18
BKG_000947,USR_000809,6974.57,,False,initial,2026-05-10 10:26:08
BKG_000948,USR_000810,9440.91,10701.04,True,initial,2026-01-16 06:27:48
BKG_000949,USR_000811,7533.36,,False,initial,2026-05-21 10:29:46
BKG_000950,USR_000812,9909.23,,False,initial,2026-05-08 21:16:30
BKG_000951,USR_000812,3026.32,9181.92,True,initial,2026-03-11 01:12:16
BKG_000952,USR_000813,3846.71,,False,initial,2026-02-26 18:59:17
BKG_000953,USR_000813,4676.64,,False,initial,2026-02-16 05:11:48
BKG_000954,USR_000813,2566.19,,False,initial,2026-03-19 22:56:39
BKG_000955,USR_000814,5828.78,,False,initial,2026-05-21 06:50:25
BKG_000956,USR_000815,7965.82,,False,initial,2026-01-31 01:30:42
BKG_000957,USR_000816,5375.69,,False,initial,2026-06-05 18:26:39
BKG_000958,USR_000817,4189.26,10664.19,True,initial,2026-04-24 04:26:22
BKG_000959,USR_000818,10877.75,,False,initial,2026-06-03 18:01:39
BKG_000960,USR_000818,7429.47,,False,initial,2026-02-20 02:17:18
BKG_000961,USR_000820,7892.43,,False,initial,2026-05-05 10:13:46
BKG_000962,USR_000820,6352.42,,False,initial,2026-01-02 20:32:51
BKG_000963,USR_000821,3003.99,,False,initial,2026-05-15 17:59:33
BKG_000964,USR_000821,11167.52,,False,initial,2026-05-28 16:16:07
BKG_000965,USR_000824,6759.56,,False,initial,2026-04-12 07:44:49
BKG_000966,USR_000824,9981.41,,False,initial,2026-03-01 11:25:41
BKG_000967,USR_000825,6325.5,,False,initial,2026-01-17 00:34:17
BKG_000968,USR_000825,6607.08,,False,initial,2026-01-03 01:34:21
BKG_000969,USR_000825,6790.3,,False,initial,2026-06-13 14:23:37
BKG_000970,USR_000826,4172.34,,False,initial,2026-06-13 12:35:57
BKG_000971,USR_000826,10208.54,,False,initial,2026-02-18 06:55:12
BKG_000972,USR_000827,8081.08,,False,initial,2026-04-21 20:59:25
BKG_000973,USR_000828,7377.15,,False,initial,2026-06-15 18:47:53
BKG_000974,USR_000830,4313.34,,False,initial,2026-03-24 04:11:30
BKG_000975,USR_000831,5603.21,,False,initial,2026-01-31 13:16:23
BKG_000976,USR_000831,11489.88,,False,initial,2026-01-11 12:47:21
BKG_000977,USR_000832,7351.57,,False,initial,2026-01-14 20:09:45
BKG_000978,USR_000833,9427.65,,False,initial,2026-04-05 10:53:16
BKG_000979,USR_000835,8842.62,,False,initial,2026-03-02 17:29:18
BKG_000980,USR_000837,3247.15,6056.62,True,initial,2026-05-14 04:39:22
BKG_000981,USR_000838,7610.5,,False,initial,2026-05-23 06:49:03
BKG_000982,USR_000838,6372.5,,False,initial,2026-02-10 05:36:04
BKG_000983,USR_000839,8463.25,,False,initial,2026-05-18 10:48:17
BKG_000984,USR_000839,7478.05,,False,initial,2026-05-09 08:06:47
BKG_000985,USR_000840,4502.39,,False,initial,2026-01-31 07:54:48
BKG_000986,USR_000841,8234.77,,False,initial,2026-01-04 11:12:11
BKG_000987,USR_000842,10971.14,,False,initial,2026-04-12 01:50:27
BKG_000988,USR_000842,6769.68,,False,initial,2026-02-20 13:13:38
BKG_000989,USR_000842,10299.75,,False,initial,2026-06-23 11:04:08
BKG_000990,USR_000844,9705.01,,False,initial,2026-01-10 11:58:31
BKG_000991,USR_000845,9031.37,,False,initial,2026-05-30 15:25:54
BKG_000992,USR_000846,3815.71,,False,initial,2026-01-21 22:19:49
BKG_000993,USR_000848,6221.41,,False,initial,2026-04-21 07:34:16
BKG_000994,USR_000849,5472.28,10188.6,True,initial,2026-06-05 00:51:21
BKG_000995,USR_000850,5483.87,,False,initial,2026-02-13 21:56:17
BKG_000996,USR_000851,3974.43,,False,initial,2026-05-01 06:07:05
BKG_000997,USR_000852,9563.8,8145.1,True,initial,2026-05-03 16:52:15
BKG_000998,USR_000852,3471.75,,False,initial,2026-06-14 16:20:54
BKG_000999,USR_000853,10096.75,,False,initial,2026-06-15 00:52:30
BKG_001000,USR_000855,4318.23,,False,initial,2026-02-28 20:09:38
BKG_001001,USR_000856,11177.3,,False,initial,2026-06-18 14:48:03
BKG_001002,USR_000857,8860.59,,False,initial,2026-01-30 15:06:58
BKG_001003,USR_000858,10392.78,,False,initial,2026-03-16 10:17:12
BKG_001004,USR_000860,11255.48,,False,initial,2026-01-16 06:26:56
BKG_001005,USR_000861,2866.25,,False,initial,2026-02-14 23:06:45
BKG_001006,USR_000862,7001.11,,False,initial,2026-02-27 11:28:02
BKG_001007,USR_000862,6822.44,,False,initial,2026-05-29 11:27:24
BKG_001008,USR_000864,4845.86,,False,initial,2026-02-21 13:54:04
BKG_001009,USR_000864,3172.68,,False,initial,2026-01-21 16:58:28
BKG_001010,USR_000864,6366.54,,False,initial,2026-05-17 11:55:34
BKG_001011,USR_000865,6687.72,,False,initial,2026-03-04 13:32:02
BKG_001012,USR_000866,7409.26,,False,initial,2026-03-19 16:37:42
BKG_001013,USR_000868,11930.65,,False,initial,2026-03-28 06:07:40
BKG_001014,USR_000868,5153.5,,False,initial,2026-02-24 00:14:22
BKG_001015,USR_000869,7060.43,,False,initial,2026-05-10 06:14:35
BKG_001016,USR_000870,8363.29,,False,initial,2026-06-08 23:03:21
BKG_001017,USR_000870,9317.51,,False,initial,2026-06-04 18:33:11
BKG_001018,USR_000871,9751.81,,False,initial,2026-04-30 03:12:39
BKG_001019,USR_000871,10535.08,,False,initial,2026-05-15 20:55:03
BKG_001020,USR_000872,10790.78,,False,initial,2026-04-04 12:51:31
BKG_001021,USR_000873,11377.4,,False,initial,2026-03-31 19:52:28
BKG_001022,USR_000873,3465.43,,False,initial,2026-03-14 01:15:33
BKG_001023,USR_000873,4880.11,,False,initial,2026-02-27 11:33:23
BKG_001024,USR_000874,8241.2,,False,initial,2026-05-16 02:08:42
BKG_001025,USR_000875,8838.61,,False,initial,2026-01-11 15:27:07
BKG_001026,USR_000875,11695.46,,False,initial,2026-05-26 15:06:07
BKG_001027,USR_000875,8723.91,,False,initial,2026-05-26 01:24:10
BKG_001028,USR_000876,7041.68,,False,initial,2026-06-15 18:55:15
BKG_001029,USR_000878,10848.47,,False,initial,2026-03-03 13:36:24
BKG_001030,USR_000878,3099.74,,False,initial,2026-01-05 02:13:34
BKG_001031,USR_000880,6628.18,,False,initial,2026-03-26 18:04:38
BKG_001032,USR_000880,11786.35,,False,initial,2026-01-03 22:05:28
BKG_001033,USR_000883,9735.3,,False,initial,2026-04-24 06:18:05
BKG_001034,USR_000886,4946.29,,False,initial,2026-06-21 15:18:38
BKG_001035,USR_000887,9823.77,,False,initial,2026-04-11 22:27:04
BKG_001036,USR_000887,11261.8,,False,initial,2026-06-26 16:30:27
BKG_001037,USR_000888,6418.33,,False,initial,2026-05-14 15:10:25
BKG_001038,USR_000888,4164.49,,False,initial,2026-06-22 02:43:17
BKG_001039,USR_000890,10697.03,,False,initial,2026-06-29 03:20:36
BKG_001040,USR_000890,6280.27,,False,initial,2026-01-21 05:29:54
BKG_001041,USR_000891,10094.02,2991.44,True,initial,2026-05-25 07:31:07
BKG_001042,USR_000892,7675.3,,False,initial,2026-05-20 01:50:45
BKG_001043,USR_000892,3808.4,,False,initial,2026-01-30 00:23:08
BKG_001044,USR_000893,8477.69,,False,initial,2026-06-11 02:43:12
BKG_001045,USR_000893,10907.52,2904.51,True,initial,2026-03-05 08:49:18
BKG_001046,USR_000894,2601.99,8147.46,True,initial,2026-02-28 23:00:36
BKG_001047,USR_000895,8986.63,,False,initial,2026-03-04 14:10:29
BKG_001048,USR_000896,10712.45,,False,initial,2026-05-05 05:48:39
BKG_001049,USR_000896,11143.88,,False,initial,2026-04-02 12:27:46
BKG_001050,USR_000897,7747.03,,False,initial,2026-01-04 16:29:36
BKG_001051,USR_000898,8070.31,,False,initial,2026-05-22 13:01:18
BKG_001052,USR_000899,3437.8,,False,initial,2026-01-24 03:17:05
BKG_001053,USR_000900,5581.58,,False,initial,2026-02-07 21:42:39
BKG_001054,USR_000901,9588.44,,False,initial,2026-05-04 12:11:35
BKG_001055,USR_000901,10262.18,,False,initial,2026-05-12 08:17:34
BKG_001056,USR_000903,2688.78,,False,initial,2026-05-17 17:48:26
BKG_001057,USR_000904,5995.77,,False,initial,2026-06-04 21:18:44
BKG_001058,USR_000905,7211.29,,False,initial,2026-05-09 07:45:20
BKG_001059,USR_000905,9706.66,,False,initial,2026-04-28 22:28:07
BKG_001060,USR_000909,11196.43,,False,initial,2026-02-02 14:39:32
BKG_001061,USR_000909,2566.81,,False,initial,2026-02-08 00:43:46
BKG_001062,USR_000910,7984.5,,False,initial,2026-04-07 07:12:29
BKG_001063,USR_000910,11382.89,,False,initial,2026-06-17 01:46:19
BKG_001064,USR_000910,7376.96,,False,initial,2026-06-27 04:21:50
BKG_001065,USR_000911,8347.03,,False,initial,2026-05-16 07:10:53
BKG_001066,USR_000913,3786.66,,False,initial,2026-01-22 10:36:31
BKG_001067,USR_000914,11248.56,,False,initial,2026-01-22 05:00:36
BKG_001068,USR_000915,6779.17,,False,initial,2026-05-02 17:01:56
BKG_001069,USR_000916,10489.58,,False,initial,2026-03-22 22:12:54
BKG_001070,USR_000917,8046.75,,False,initial,2026-05-14 05:42:29
BKG_001071,USR_000918,3734.01,,False,initial,2026-02-08 08:09:00
BKG_001072,USR_000919,5493.08,,False,initial,2026-05-13 11:17:59
BKG_001073,USR_000919,3980.81,,False,initial,2026-01-31 19:48:55
BKG_001074,USR_000920,10919.18,,False,initial,2026-01-11 10:19:03
BKG_001075,USR_000920,2849.1,,False,initial,2026-04-24 15:22:36
BKG_001076,USR_000921,7854.21,,False,initial,2026-04-02 07:59:12
BKG_001077,USR_000922,11587.24,,False,initial,2026-06-05 04:47:14
BKG_001078,USR_000922,3482.0,,False,initial,2026-01-29 15:51:58
BKG_001079,USR_000923,4859.16,,False,initial,2026-04-16 01:52:15
BKG_001080,USR_000923,4516.34,,False,initial,2026-01-01 20:50:12
BKG_001081,USR_000923,4704.82,,False,initial,2026-03-06 15:31:05
BKG_001082,USR_000924,6302.92,7212.87,True,initial,2026-03-21 14:57:14
BKG_001083,USR_000925,8927.08,,False,initial,2026-03-24 08:51:50
BKG_001084,USR_000926,2867.39,,False,initial,2026-03-30 22:21:21
BKG_001085,USR_000928,2523.22,,False,initial,2026-04-25 05:19:11
BKG_001086,USR_000928,7353.62,,False,initial,2026-03-07 11:37:58
BKG_001087,USR_000929,9998.22,,False,initial,2026-03-28 07:59:13
BKG_001088,USR_000929,11619.86,,False,initial,2026-06-22 23:02:44
BKG_001089,USR_000931,2633.89,,False,initial,2026-02-04 08:45:21
BKG_001090,USR_000931,11558.21,,False,initial,2026-01-01 17:16:37
BKG_001091,USR_000931,10989.02,,False,initial,2026-01-30 18:08:43
BKG_001092,USR_000932,2816.12,,False,initial,2026-01-14 20:19:11
BKG_001093,USR_000934,3768.59,,False,initial,2026-03-13 09:56:23
BKG_001094,USR_000934,11782.49,,False,initial,2026-05-13 23:23:25
BKG_001095,USR_000935,9075.32,,False,initial,2026-02-20 19:41:10
BKG_001096,USR_000935,6977.31,,False,initial,2026-06-01 08:38:28
BKG_001097,USR_000936,8657.11,,False,initial,2026-02-25 08:29:32
BKG_001098,USR_000937,2984.46,,False,initial,2026-01-17 04:22:53
BKG_001099,USR_000938,9181.63,,False,initial,2026-04-18 20:06:00
BKG_001100,USR_000939,5055.79,,False,initial,2026-01-07 09:19:44
BKG_001101,USR_000939,9607.58,,False,initial,2026-03-31 11:41:31
BKG_001102,USR_000940,3033.49,,False,initial,2026-05-28 14:37:53
BKG_001103,USR_000941,4764.38,14217.9,True,initial,2026-02-25 04:58:50
BKG_001104,USR_000942,5763.3,,False,initial,2026-03-18 19:23:20
BKG_001105,USR_000943,11582.02,,False,initial,2026-04-12 04:22:22
BKG_001106,USR_000944,7866.91,,False,initial,2026-04-08 17:58:17
BKG_001107,USR_000944,11640.52,,False,initial,2026-05-24 01:09:46
BKG_001108,USR_000946,7250.76,,False,initial,2026-05-10 18:58:35
BKG_001109,USR_000947,10905.12,,False,initial,2026-05-15 20:40:21
BKG_001110,USR_000947,10589.84,,False,initial,2026-01-29 17:12:57
BKG_001111,USR_000950,11387.02,,False,initial,2026-04-02 09:00:50
BKG_001112,USR_000950,7240.85,9191.69,True,initial,2026-01-21 03:33:50
BKG_001113,USR_000951,10893.04,,False,initial,2026-05-01 08:20:16
BKG_001114,USR_000951,6451.51,,False,initial,2026-02-15 18:20:34
BKG_001115,USR_000952,6080.33,,False,initial,2026-03-26 11:25:48
BKG_001116,USR_000952,6367.67,,False,initial,2026-02-18 10:01:10
BKG_001117,USR_000953,11677.84,,False,initial,2026-01-14 14:08:59
BKG_001118,USR_000953,3747.54,,False,initial,2026-06-07 13:44:04
BKG_001119,USR_000953,3140.35,,False,initial,2026-01-26 08:55:36
BKG_001120,USR_000954,10684.99,,False,initial,2026-05-06 23:29:42
BKG_001121,USR_000955,11108.62,,False,initial,2026-01-21 10:14:13
BKG_001122,USR_000955,9232.18,,False,initial,2026-03-22 20:09:57
BKG_001123,USR_000955,3222.25,,False,initial,2026-02-27 13:49:55
BKG_001124,USR_000956,6206.08,,False,initial,2026-05-09 16:59:35
BKG_001125,USR_000957,3366.12,,False,initial,2026-06-13 06:22:22
BKG_001126,USR_000957,11474.13,,False,initial,2026-05-23 11:07:40
BKG_001127,USR_000958,6976.38,,False,initial,2026-06-19 11:23:20
BKG_001128,USR_000959,10396.04,,False,initial,2026-05-21 06:52:45
BKG_001129,USR_000960,7063.22,,False,initial,2026-01-16 13:17:49
BKG_001130,USR_000961,3031.38,,False,initial,2026-03-24 14:19:41
BKG_001131,USR_000962,4117.05,,False,initial,2026-03-07 23:14:56
BKG_001132,USR_000965,11820.49,,False,initial,2026-05-22 03:36:50
BKG_001133,USR_000966,5917.01,,False,initial,2026-06-23 07:02:35
BKG_001134,USR_000966,6111.08,,False,initial,2026-04-24 09:11:05
BKG_001135,USR_000967,5192.52,,False,initial,2026-05-11 08:25:01
BKG_001136,USR_000968,8035.5,,False,initial,2026-03-27 00:22:42
BKG_001137,USR_000969,3723.35,,False,initial,2026-03-23 21:48:40
BKG_001138,USR_000970,10737.88,,False,initial,2026-02-13 18:34:18
BKG_001139,USR_000970,2862.81,,False,initial,2026-03-15 00:12:11
BKG_001140,USR_000971,7359.19,,False,initial,2026-02-10 03:50:12
BKG_001141,USR_000972,2741.47,,False,initial,2026-05-10 16:34:27
BKG_001142,USR_000973,10815.65,,False,initial,2026-06-24 02:38:48
BKG_001143,USR_000974,3862.42,,False,initial,2026-02-25 14:23:18
BKG_001144,USR_000974,3379.05,,False,initial,2026-01-15 10:30:26
BKG_001145,USR_000975,6999.05,,False,initial,2026-03-14 16:26:55
BKG_001146,USR_000975,10841.51,,False,initial,2026-02-06 15:03:11
BKG_001147,USR_000976,7970.81,,False,initial,2026-05-24 02:01:54
BKG_001148,USR_000978,5586.72,,False,initial,2026-04-29 00:51:12
BKG_001149,USR_000978,4988.87,,False,initial,2026-03-20 23:27:45
BKG_001150,USR_000979,6561.43,,False,initial,2026-03-13 06:18:48
BKG_001151,USR_000979,9846.08,,False,initial,2026-03-22 18:57:02
BKG_001152,USR_000980,4046.23,,False,initial,2026-06-21 10:37:04
BKG_001153,USR_000980,10190.91,,False,initial,2026-04-13 02:07:17
BKG_001154,USR_000981,5548.87,,False,initial,2026-01-23 17:51:23
BKG_001155,USR_000982,3011.43,,False,initial,2026-05-22 04:48:43
BKG_001156,USR_000982,3564.14,,False,initial,2026-02-12 06:39:45
BKG_001157,USR_000983,3227.83,,False,initial,2026-06-01 19:33:11
BKG_001158,USR_000984,4647.89,,False,initial,2026-06-10 11:37:34
BKG_001159,USR_000985,3381.81,,False,initial,2026-05-27 18:54:41
BKG_001160,USR_000985,10667.28,,False,initial,2026-06-15 14:44:34
BKG_001161,USR_000985,11182.98,,False,initial,2026-02-09 23:31:39
BKG_001162,USR_000986,4572.9,,False,initial,2026-03-19 01:58:57
BKG_001163,USR_000986,8009.98,,False,initial,2026-03-31 13:35:22
BKG_001164,USR_000986,10521.61,,False,initial,2026-06-18 07:07:17
BKG_001165,USR_000987,4812.36,,False,initial,2026-06-01 03:40:58
BKG_001166,USR_000988,5505.47,,False,initial,2026-06-12 19:58:27
BKG_001167,USR_000989,7704.14,,False,initial,2026-06-28 12:42:30
BKG_001168,USR_000990,6426.3,,False,initial,2026-03-18 23:39:40
BKG_001169,USR_000990,6303.08,,False,initial,2026-06-24 12:08:51
BKG_001170,USR_000992,4904.08,3493.39,True,initial,2026-04-04 08:54:28
BKG_001171,USR_000994,6101.3,,False,initial,2026-04-11 07:04:04
BKG_001172,USR_000995,11286.54,,False,initial,2026-02-20 03:42:10
BKG_001173,USR_000996,9985.33,,False,initial,2026-05-12 09:55:26
BKG_001174,USR_000996,8613.52,,False,initial,2026-01-06 13:54:32
BKG_001175,USR_000999,3161.52,7648.29,True,initial,2026-01-05 04:33:08
BKG_001176,USR_001000,10824.59,,False,initial,2026-04-03 00:53:11
BKG_001177,USR_001001,11819.23,,False,initial,2026-03-11 00:41:53
BKG_001178,USR_001002,8659.43,,False,initial,2026-03-10 16:44:37
BKG_001179,USR_001002,4725.23,,False,initial,2026-03-28 18:44:27
BKG_001180,USR_001004,6347.84,,False,initial,2026-03-28 10:05:43
BKG_001181,USR_001005,7814.65,,False,initial,2026-05-24 09:41:39
BKG_001182,USR_001007,8755.13,,False,initial,2026-06-02 21:01:12
BKG_001183,USR_001007,6094.39,,False,initial,2026-04-22 10:17:02
BKG_001184,USR_001008,11894.03,,False,initial,2026-04-02 00:52:16
BKG_001185,USR_001012,5676.18,,False,initial,2026-03-31 01:04:25
BKG_001186,USR_001012,9672.04,,False,initial,2026-01-19 10:16:54
BKG_001187,USR_001013,7718.48,,False,initial,2026-04-22 01:04:14
BKG_001188,USR_001014,4294.66,,False,initial,2026-04-21 21:48:34
BKG_001189,USR_001015,11230.96,,False,initial,2026-05-26 12:26:11
BKG_001190,USR_001016,10719.7,,False,initial,2026-02-23 00:40:49
BKG_001191,USR_001016,10214.7,,False,initial,2026-05-13 20:36:20
BKG_001192,USR_001017,11980.39,,False,initial,2026-03-27 18:51:59
BKG_001193,USR_001018,3079.6,,False,initial,2026-04-03 13:41:08
BKG_001194,USR_001019,5780.48,,False,initial,2026-02-04 21:06:09
BKG_001195,USR_001020,9867.82,,False,initial,2026-03-14 02:15:47
BKG_001196,USR_001020,5996.91,,False,initial,2026-01-08 15:16:22
BKG_001197,USR_001020,10485.34,,False,initial,2026-01-25 07:38:54
BKG_001198,USR_001020,3730.43,,False,initial,2026-06-20 20:30:22
BKG_001199,USR_001021,9633.69,,False,initial,2026-03-10 22:48:53
BKG_001200,USR_001021,2565.6,,False,initial,2026-02-10 09:16:23
BKG_001201,USR_001022,2605.84,,False,initial,2026-03-02 15:20:47
BKG_001202,USR_001022,7567.06,,False,initial,2026-02-08 08:54:49
BKG_001203,USR_001023,4581.64,,False,initial,2026-05-04 06:07:52
BKG_001204,USR_001025,5373.29,,False,initial,2026-04-21 23:14:44
BKG_001205,USR_001026,5248.97,,False,initial,2026-01-28 23:59:32
BKG_001206,USR_001026,7462.75,,False,initial,2026-03-04 18:45:44
BKG_001207,USR_001026,6839.73,13877.23,True,initial,2026-03-12 10:36:57
BKG_001208,USR_001027,9696.83,,False,initial,2026-06-27 22:33:14
BKG_001209,USR_001028,10373.96,,False,initial,2026-05-07 02:48:32
BKG_001210,USR_001028,4259.39,4332.95,True,initial,2026-04-23 01:25:35
BKG_001211,USR_001029,4456.03,,False,initial,2026-02-02 19:31:50
BKG_001212,USR_001029,7785.15,,False,initial,2026-05-12 09:54:04
BKG_001213,USR_001030,4563.4,,False,initial,2026-06-03 00:16:52
BKG_001214,USR_001031,4603.75,,False,initial,2026-05-24 09:17:15
BKG_001215,USR_001034,6426.83,,False,initial,2026-01-07 11:55:11
BKG_001216,USR_001035,11921.34,,False,initial,2026-04-21 21:41:41
BKG_001217,USR_001036,5212.86,,False,initial,2026-01-05 12:25:40
BKG_001218,USR_001037,3742.3,,False,initial,2026-06-12 05:47:25
BKG_001219,USR_001038,6703.77,,False,initial,2026-01-06 20:05:03
BKG_001220,USR_001038,11778.31,,False,initial,2026-06-05 03:19:58
BKG_001221,USR_001038,3923.07,,False,initial,2026-03-10 21:38:08
BKG_001222,USR_001039,5904.11,,False,initial,2026-06-17 03:01:51
BKG_001223,USR_001040,7291.84,,False,initial,2026-04-26 12:32:12
BKG_001224,USR_001040,2506.57,,False,initial,2026-01-13 08:18:14
BKG_001225,USR_001041,8742.2,,False,initial,2026-06-05 19:40:58
BKG_001226,USR_001042,9138.15,,False,initial,2026-03-24 17:47:24
BKG_001227,USR_001042,2902.85,,False,initial,2026-03-10 04:47:03
BKG_001228,USR_001042,9289.16,,False,initial,2026-06-10 21:48:45
BKG_001229,USR_001043,4333.72,,False,initial,2026-04-11 03:22:10
BKG_001230,USR_001044,11156.6,,False,initial,2026-01-21 14:04:37
BKG_001231,USR_001044,4302.08,,False,initial,2026-04-19 13:14:59
BKG_001232,USR_001045,6411.95,7975.28,True,initial,2026-06-02 08:10:00
BKG_001233,USR_001046,9217.79,,False,initial,2026-06-04 09:01:04
BKG_001234,USR_001046,3205.14,4933.92,True,initial,2026-05-26 21:25:32
BKG_001235,USR_001047,2892.81,,False,initial,2026-02-01 17:00:10
BKG_001236,USR_001047,4921.42,,False,initial,2026-01-11 03:49:35
BKG_001237,USR_001048,9347.74,,False,initial,2026-03-19 13:40:45
BKG_001238,USR_001050,11042.57,,False,initial,2026-04-06 05:33:02
BKG_001239,USR_001051,8017.69,,False,initial,2026-04-30 08:38:20
BKG_001240,USR_001053,3118.47,,False,initial,2026-05-17 16:50:40
BKG_001241,USR_001054,10478.43,,False,initial,2026-01-02 03:54:46
BKG_001242,USR_001054,5095.16,,False,initial,2026-06-20 04:52:09
BKG_001243,USR_001054,2609.77,,False,initial,2026-04-20 12:32:17
BKG_001244,USR_001055,7929.24,,False,initial,2026-06-27 01:26:59
BKG_001245,USR_001056,8392.83,,False,initial,2026-02-20 02:13:42
BKG_001246,USR_001058,3672.9,,False,initial,2026-02-07 22:28:09
BKG_001247,USR_001059,11594.49,,False,initial,2026-03-04 04:38:40
BKG_001248,USR_001060,7089.61,,False,initial,2026-03-01 21:52:29
BKG_001249,USR_001061,3097.6,,False,initial,2026-03-18 21:12:13
BKG_001250,USR_001062,4203.46,,False,initial,2026-04-07 13:44:28
BKG_001251,USR_001065,11127.83,,False,initial,2026-03-17 20:05:49
BKG_001252,USR_001066,5237.47,,False,initial,2026-02-06 14:24:26
BKG_001253,USR_001068,5019.77,,False,initial,2026-05-16 14:51:36
BKG_001254,USR_001069,2928.76,,False,initial,2026-06-16 15:37:30
BKG_001255,USR_001070,5766.13,8289.55,True,initial,2026-04-08 12:58:47
BKG_001256,USR_001071,7271.55,,False,initial,2026-03-12 05:39:48
BKG_001257,USR_001072,11714.97,,False,initial,2026-03-02 08:55:33
BKG_001258,USR_001073,7352.45,,False,initial,2026-05-28 01:15:01
BKG_001259,USR_001074,3028.35,,False,initial,2026-04-14 08:58:24
BKG_001260,USR_001074,7776.73,,False,initial,2026-04-02 19:08:10
BKG_001261,USR_001075,4940.78,,False,initial,2026-05-18 17:59:03
BKG_001262,USR_001076,11348.05,,False,initial,2026-02-12 17:08:28
BKG_001263,USR_001076,4063.96,,False,initial,2026-01-19 19:02:59
BKG_001264,USR_001076,5364.52,,False,initial,2026-03-25 22:11:59
BKG_001265,USR_001077,3598.23,,False,initial,2026-05-20 05:46:16
BKG_001266,USR_001078,8042.03,,False,initial,2026-01-30 19:27:43
BKG_001267,USR_001078,11329.1,,False,initial,2026-01-09 18:05:02
BKG_001268,USR_001079,10076.78,,False,initial,2026-02-26 06:58:30
BKG_001269,USR_001080,6405.74,,False,initial,2026-03-02 03:38:31
BKG_001270,USR_001080,10620.67,,False,initial,2026-05-29 00:56:10
BKG_001271,USR_001082,8187.62,,False,initial,2026-06-18 00:39:43
BKG_001272,USR_001085,7794.64,,False,initial,2026-03-10 06:28:05
BKG_001273,USR_001085,8446.23,,False,initial,2026-01-04 16:52:22
BKG_001274,USR_001086,11253.26,,False,initial,2026-06-06 14:53:04
BKG_001275,USR_001087,6562.86,,False,initial,2026-06-15 16:41:24
BKG_001276,USR_001088,11984.99,3412.17,True,initial,2026-04-05 19:09:07
BKG_001277,USR_001089,8955.98,,False,initial,2026-01-05 13:48:23
BKG_001278,USR_001089,5424.27,,False,initial,2026-04-06 04:01:18
BKG_001279,USR_001089,3326.79,,False,initial,2026-02-05 15:03:22
BKG_001280,USR_001089,5462.73,,False,initial,2026-06-17 18:49:48
BKG_001281,USR_001090,6887.0,,False,initial,2026-06-05 12:07:51
BKG_001282,USR_001090,5402.75,,False,initial,2026-02-14 21:45:49
BKG_001283,USR_001091,3991.08,,False,initial,2026-06-26 22:45:01
BKG_001284,USR_001092,9436.5,,False,initial,2026-04-01 16:31:07
BKG_001285,USR_001095,10907.7,,False,initial,2026-02-22 17:58:37
BKG_001286,USR_001096,11738.25,,False,initial,2026-06-05 01:42:42
BKG_001287,USR_001096,10703.58,,False,initial,2026-05-25 14:30:05
BKG_001288,USR_001097,7812.0,,False,initial,2026-05-20 05:23:04
BKG_001289,USR_001097,10144.93,,False,initial,2026-02-23 00:13:35
BKG_001290,USR_001099,4852.91,,False,initial,2026-01-02 10:23:49
BKG_001291,USR_001099,6856.68,,False,initial,2026-04-27 16:33:48
BKG_001292,USR_001100,10120.57,,False,initial,2026-06-05 22:12:50
BKG_001293,USR_001101,11282.99,,False,initial,2026-03-21 04:10:22
BKG_001294,USR_001101,4574.9,,False,initial,2026-04-01 18:02:42
BKG_001295,USR_001102,10272.54,,False,initial,2026-06-02 05:05:40
BKG_001296,USR_001103,3592.35,,False,initial,2026-06-20 08:10:08
BKG_001297,USR_001104,10698.9,,False,initial,2026-04-11 13:17:55
BKG_001298,USR_001106,6394.0,,False,initial,2026-02-10 20:48:41
BKG_001299,USR_001106,9684.06,,False,initial,2026-02-06 01:59:43
BKG_001300,USR_001108,11619.56,,False,initial,2026-06-17 12:59:06
BKG_001301,USR_001110,8465.7,,False,initial,2026-03-21 20:47:06
BKG_001302,USR_001111,6692.99,,False,initial,2026-06-14 02:25:20
BKG_001303,USR_001111,10837.59,,False,initial,2026-03-10 05:33:59
BKG_001304,USR_001112,10022.68,,False,initial,2026-04-04 01:40:30
BKG_001305,USR_001114,6639.28,,False,initial,2026-04-25 02:51:29
BKG_001306,USR_001114,2858.76,4129.11,True,initial,2026-06-14 01:16:53
BKG_001307,USR_001115,5903.06,,False,initial,2026-05-08 20:42:59
BKG_001308,USR_001115,10130.84,,False,initial,2026-03-19 14:12:26
BKG_001309,USR_001115,4542.52,,False,initial,2026-05-13 13:35:38
BKG_001310,USR_001116,9701.6,,False,initial,2026-06-28 22:11:02
BKG_001311,USR_001118,8200.03,,False,initial,2026-03-09 07:51:37
BKG_001312,USR_001120,9012.83,,False,initial,2026-06-18 13:53:54
BKG_001313,USR_001120,9415.34,13154.9,True,initial,2026-05-31 07:33:32
BKG_001314,USR_001121,7368.74,,False,initial,2026-06-14 02:14:37
BKG_001315,USR_001122,11215.78,,False,initial,2026-05-24 03:25:28
BKG_001316,USR_001122,10658.63,,False,initial,2026-03-22 04:51:42
BKG_001317,USR_001123,8462.06,,False,initial,2026-05-19 05:46:16
BKG_001318,USR_001123,7385.99,,False,initial,2026-04-06 18:46:35
BKG_001319,USR_001124,10980.72,,False,initial,2026-02-26 00:43:43
BKG_001320,USR_001125,3615.42,,False,initial,2026-01-21 12:14:18
BKG_001321,USR_001126,6744.14,,False,initial,2026-04-24 19:51:58
BKG_001322,USR_001127,5924.25,,False,initial,2026-06-03 15:47:17
BKG_001323,USR_001128,3030.88,,False,initial,2026-01-22 23:41:13
BKG_001324,USR_001129,6440.23,,False,initial,2026-05-09 20:57:21
BKG_001325,USR_001130,6020.29,,False,initial,2026-06-06 01:00:04
BKG_001326,USR_001132,10768.23,,False,initial,2026-05-20 11:23:30
BKG_001327,USR_001133,11805.43,,False,initial,2026-03-23 14:40:56
BKG_001328,USR_001133,4036.75,,False,initial,2026-01-07 12:09:39
BKG_001329,USR_001134,8080.64,,False,initial,2026-01-07 10:16:24
BKG_001330,USR_001136,9650.56,,False,initial,2026-04-14 08:54:41
BKG_001331,USR_001138,6632.17,,False,initial,2026-05-24 13:04:49
BKG_001332,USR_001138,9781.71,,False,initial,2026-04-04 08:52:09
BKG_001333,USR_001139,6714.45,,False,initial,2026-03-26 07:35:27
BKG_001334,USR_001139,11356.51,,False,initial,2026-06-15 23:50:56
BKG_001335,USR_001141,8342.98,,False,initial,2026-05-17 13:20:40
BKG_001336,USR_001142,8782.24,,False,initial,2026-02-22 02:33:26
BKG_001337,USR_001142,4264.52,,False,initial,2026-04-22 23:16:50
BKG_001338,USR_001143,7173.43,,False,initial,2026-04-01 20:22:18
BKG_001339,USR_001144,9021.62,,False,initial,2026-06-21 12:39:47
BKG_001340,USR_001145,7835.41,,False,initial,2026-03-05 05:42:52
BKG_001341,USR_001146,5992.63,,False,initial,2026-03-18 20:01:30
BKG_001342,USR_001147,7345.96,8038.46,True,initial,2026-03-26 08:50:06
BKG_001343,USR_001150,7705.69,,False,initial,2026-03-21 18:36:52
BKG_001344,USR_001151,5820.93,,False,initial,2026-01-08 21:25:38
BKG_001345,USR_001152,6994.27,,False,initial,2026-05-08 01:47:24
BKG_001346,USR_001152,2925.1,,False,initial,2026-05-17 13:57:16
BKG_001347,USR_001152,2602.98,,False,initial,2026-06-18 10:26:43
BKG_001348,USR_001153,6712.96,5611.38,True,initial,2026-06-09 20:16:08
BKG_001349,USR_001154,3570.98,,False,initial,2026-06-23 15:56:41
BKG_001350,USR_001158,3880.16,,False,initial,2026-03-23 07:03:00
BKG_001351,USR_001158,9522.55,,False,initial,2026-01-22 01:08:19
BKG_001352,USR_001159,9901.05,,False,initial,2026-01-28 17:19:28
BKG_001353,USR_001159,4429.29,,False,initial,2026-01-20 03:35:56
BKG_001354,USR_001160,11047.23,3993.97,True,initial,2026-03-03 07:38:41
BKG_001355,USR_001161,6687.94,3891.49,True,initial,2026-02-21 04:38:03
BKG_001356,USR_001162,7527.27,,False,initial,2026-04-20 19:25:36
BKG_001357,USR_001162,2790.0,,False,initial,2026-03-30 04:19:19
BKG_001358,USR_001163,9316.01,,False,initial,2026-01-12 03:06:45
BKG_001359,USR_001163,2910.02,,False,initial,2026-01-15 07:46:08
BKG_001360,USR_001166,8699.25,,False,initial,2026-01-02 07:44:16
BKG_001361,USR_001166,9982.54,,False,initial,2026-05-21 01:42:49
BKG_001362,USR_001166,6642.05,,False,initial,2026-06-09 01:33:02
BKG_001363,USR_001167,11949.3,8744.93,True,initial,2026-05-07 02:45:16
BKG_001364,USR_001169,3499.22,,False,initial,2026-06-02 10:14:29
BKG_001365,USR_001169,6771.18,,False,initial,2026-03-07 05:48:54
BKG_001366,USR_001171,5999.75,,False,initial,2026-01-30 00:12:17
BKG_001367,USR_001171,8570.14,,False,initial,2026-05-22 21:18:31
BKG_001368,USR_001172,8268.52,,False,initial,2026-04-16 03:33:36
BKG_001369,USR_001173,9641.4,,False,initial,2026-04-30 06:56:00
BKG_001370,USR_001175,6010.83,,False,initial,2026-03-24 16:55:19
BKG_001371,USR_001176,6052.15,,False,initial,2026-02-11 08:46:39
BKG_001372,USR_001177,3580.5,,False,initial,2026-05-14 21:55:01
BKG_001373,USR_001178,3805.73,,False,initial,2026-03-20 07:29:32
BKG_001374,USR_001178,7892.75,,False,initial,2026-02-12 22:27:59
BKG_001375,USR_001180,4460.76,,False,initial,2026-04-20 06:00:40
BKG_001376,USR_001181,4000.25,,False,initial,2026-06-29 15:13:38
BKG_001377,USR_001182,4271.31,,False,initial,2026-04-11 03:09:36
BKG_001378,USR_001183,3074.21,,False,initial,2026-01-01 22:41:04
BKG_001379,USR_001183,4974.2,,False,initial,2026-05-20 05:10:53
BKG_001380,USR_001184,8307.31,,False,initial,2026-02-24 01:52:42
BKG_001381,USR_001185,4496.3,,False,initial,2026-05-05 14:00:44
BKG_001382,USR_001185,6258.41,,False,initial,2026-03-01 13:39:41
BKG_001383,USR_001186,7911.35,,False,initial,2026-06-11 06:55:43
BKG_001384,USR_001189,2988.98,,False,initial,2026-02-20 08:22:13
BKG_001385,USR_001189,9532.02,,False,initial,2026-04-23 06:18:38
BKG_001386,USR_001190,5705.63,5663.66,True,initial,2026-02-03 02:50:13
BKG_001387,USR_001191,3834.55,,False,initial,2026-04-13 16:30:02
BKG_001388,USR_001191,8836.34,,False,initial,2026-03-08 03:22:01
BKG_001389,USR_001191,8609.69,,False,initial,2026-05-22 04:38:31
BKG_001390,USR_001192,4555.79,,False,initial,2026-02-24 23:50:46
BKG_001391,USR_001193,2554.35,,False,initial,2026-04-23 20:16:59
BKG_001392,USR_001194,9167.49,,False,initial,2026-02-01 12:39:33
BKG_001393,USR_001195,11425.21,,False,initial,2026-04-08 17:25:55
BKG_001394,USR_001196,10978.09,,False,initial,2026-03-02 15:11:23
BKG_001395,USR_001199,6248.09,,False,initial,2026-02-03 04:30:14
BKG_001396,USR_001200,7003.83,,False,initial,2026-06-01 13:19:01
BKG_001397,USR_001201,8578.02,,False,initial,2026-05-23 02:41:37
BKG_001398,USR_001202,11682.03,,False,initial,2026-01-11 01:40:52
BKG_001399,USR_001204,8138.51,,False,initial,2026-02-23 16:54:36
BKG_001400,USR_001205,11124.44,,False,initial,2026-05-27 07:39:03
BKG_001401,USR_001206,5104.87,,False,initial,2026-03-31 05:18:08
BKG_001402,USR_001207,8907.39,,False,initial,2026-03-30 16:24:55
BKG_001403,USR_001209,7748.23,,False,initial,2026-01-25 08:01:15
BKG_001404,USR_001210,5834.68,,False,initial,2026-02-23 23:28:35
BKG_001405,USR_001210,11784.61,,False,initial,2026-01-19 17:11:19
BKG_001406,USR_001211,4892.18,,False,initial,2026-03-25 06:58:47
BKG_001407,USR_001212,5856.4,,False,initial,2026-06-10 10:11:52
BKG_001408,USR_001215,8896.66,,False,initial,2026-02-01 11:15:11
BKG_001409,USR_001215,9295.0,,False,initial,2026-01-06 03:14:08
BKG_001410,USR_001216,6753.52,,False,initial,2026-06-28 05:04:11
BKG_001411,USR_001217,10687.85,,False,initial,2026-05-04 05:07:09
BKG_001412,USR_001218,3492.5,,False,initial,2026-02-24 09:45:50
BKG_001413,USR_001218,8475.56,,False,initial,2026-03-21 21:14:09
BKG_001414,USR_001219,3765.0,,False,initial,2026-01-24 16:43:07
BKG_001415,USR_001220,3739.53,,False,initial,2026-05-28 13:34:26
BKG_001416,USR_001220,9295.49,,False,initial,2026-01-17 13:10:53
BKG_001417,USR_001221,6914.83,,False,initial,2026-06-09 20:47:24
BKG_001418,USR_001221,5138.48,,False,initial,2026-04-28 18:42:42
BKG_001419,USR_001222,8629.4,,False,initial,2026-01-08 13:20:00
BKG_001420,USR_001223,5804.44,,False,initial,2026-01-23 01:10:17
BKG_001421,USR_001224,9342.78,,False,initial,2026-03-03 23:11:23
BKG_001422,USR_001225,10550.68,13705.07,True,initial,2026-04-24 07:55:35
BKG_001423,USR_001226,9679.74,,False,initial,2026-02-08 07:30:39
BKG_001424,USR_001227,8621.27,,False,initial,2026-06-14 22:58:50
BKG_001425,USR_001228,7197.65,,False,initial,2026-01-07 02:06:31
BKG_001426,USR_001229,11549.36,,False,initial,2026-01-21 12:36:53
BKG_001427,USR_001230,3697.79,,False,initial,2026-04-18 04:40:54
BKG_001428,USR_001230,9896.59,,False,initial,2026-04-07 15:24:17
BKG_001429,USR_001230,6904.02,,False,initial,2026-02-14 20:29:50
BKG_001430,USR_001231,8206.83,,False,initial,2026-06-13 03:43:04
BKG_001431,USR_001232,6701.95,,False,initial,2026-01-12 15:16:00
BKG_001432,USR_001232,3500.18,,False,initial,2026-04-26 12:24:27
BKG_001433,USR_001232,11262.1,11116.75,True,initial,2026-05-13 01:49:08
BKG_001434,USR_001233,11738.8,,False,initial,2026-03-31 09:31:34
BKG_001435,USR_001233,4949.43,,False,initial,2026-06-04 04:24:51
BKG_001436,USR_001234,5924.57,,False,initial,2026-01-23 01:27:49
BKG_001437,USR_001234,8712.87,,False,initial,2026-01-25 23:50:42
BKG_001438,USR_001235,5470.37,12055.59,True,initial,2026-04-19 20:44:49
BKG_001439,USR_001235,7585.49,,False,initial,2026-04-21 20:54:20
BKG_001440,USR_001235,11691.13,,False,initial,2026-01-30 23:16:05
BKG_001441,USR_001236,11515.56,,False,initial,2026-02-07 04:51:21
BKG_001442,USR_001237,8066.14,,False,initial,2026-02-03 07:07:28
BKG_001443,USR_001239,2822.28,,False,initial,2026-02-24 11:37:08
BKG_001444,USR_001243,3993.02,,False,initial,2026-05-07 20:37:51
BKG_001445,USR_001244,9213.28,,False,initial,2026-05-03 18:46:12
BKG_001446,USR_001246,11503.49,,False,initial,2026-03-14 04:47:04
BKG_001447,USR_001247,9396.13,,False,initial,2026-03-31 07:52:31
BKG_001448,USR_001247,10505.87,,False,initial,2026-03-07 06:55:52
BKG_001449,USR_001248,11222.16,,False,initial,2026-01-05 14:43:10
BKG_001450,USR_001250,11591.52,,False,initial,2026-06-29 05:49:52
BKG_001451,USR_001251,8082.79,,False,initial,2026-05-18 08:59:15
BKG_001452,USR_001251,4561.72,11900.11,True,initial,2026-02-02 23:20:50
BKG_001453,USR_001251,9812.5,,False,initial,2026-06-09 05:42:07
BKG_001454,USR_001252,4945.87,,False,initial,2026-01-16 12:06:58
BKG_001455,USR_001253,5882.92,,False,initial,2026-06-29 21:49:44
BKG_001456,USR_001254,10492.32,,False,initial,2026-04-21 06:31:55
BKG_001457,USR_001255,9549.73,,False,initial,2026-06-15 01:27:42
BKG_001458,USR_001256,3311.22,,False,initial,2026-06-11 02:02:50
BKG_001459,USR_001256,7917.23,,False,initial,2026-01-31 10:31:42
BKG_001460,USR_001257,10046.47,,False,initial,2026-01-23 08:14:55
BKG_001461,USR_001258,5736.41,,False,initial,2026-01-10 03:52:20
BKG_001462,USR_001260,5236.31,,False,initial,2026-05-01 19:07:40
BKG_001463,USR_001261,11113.32,,False,initial,2026-06-28 10:33:22
BKG_001464,USR_001262,10653.98,,False,initial,2026-04-05 13:49:22
BKG_001465,USR_001263,7562.54,,False,initial,2026-06-28 22:39:41
BKG_001466,USR_001264,4557.95,,False,initial,2026-01-30 09:11:42
BKG_001467,USR_001264,5885.55,,False,initial,2026-04-02 19:18:11
BKG_001468,USR_001266,6046.06,,False,initial,2026-01-03 20:29:38
BKG_001469,USR_001267,3839.34,,False,initial,2026-06-11 21:36:38
BKG_001470,USR_001269,5990.4,,False,initial,2026-02-18 09:39:26
BKG_001471,USR_001270,10816.89,,False,initial,2026-03-01 05:19:54
BKG_001472,USR_001271,10307.24,7570.78,True,initial,2026-04-06 09:06:00
BKG_001473,USR_001272,10255.49,,False,initial,2026-01-25 07:09:17
BKG_001474,USR_001273,2798.17,,False,initial,2026-01-05 20:30:51
BKG_001475,USR_001274,7818.28,,False,initial,2026-02-23 23:04:31
BKG_001476,USR_001276,4118.23,,False,initial,2026-03-26 21:31:29
BKG_001477,USR_001277,4468.78,,False,initial,2026-06-21 08:39:57
BKG_001478,USR_001277,3665.39,,False,initial,2026-02-20 03:44:50
BKG_001479,USR_001278,11506.72,,False,initial,2026-01-05 15:27:52
BKG_001480,USR_001278,9473.84,,False,initial,2026-02-20 05:25:42
BKG_001481,USR_001279,10973.46,,False,initial,2026-05-16 02:38:12
BKG_001482,USR_001279,10256.01,,False,initial,2026-03-20 01:22:49
BKG_001483,USR_001281,3089.22,,False,initial,2026-01-28 03:19:53
BKG_001484,USR_001281,9533.81,,False,initial,2026-04-22 07:54:41
BKG_001485,USR_001281,9944.55,,False,initial,2026-01-28 13:02:16
BKG_001486,USR_001284,9114.83,14997.81,True,initial,2026-03-22 13:44:24
BKG_001487,USR_001285,5759.81,,False,initial,2026-06-24 03:58:00
BKG_001488,USR_001285,5126.56,,False,initial,2026-04-07 17:55:34
BKG_001489,USR_001286,11405.86,,False,initial,2026-03-30 20:14:49
BKG_001490,USR_001287,11574.78,,False,initial,2026-06-20 20:07:31
BKG_001491,USR_001287,11087.6,,False,initial,2026-04-16 09:26:30
BKG_001492,USR_001288,8123.16,,False,initial,2026-06-27 21:57:45
BKG_001493,USR_001290,3745.6,,False,initial,2026-04-25 13:14:20
BKG_001494,USR_001292,11040.85,,False,initial,2026-05-09 06:03:40
BKG_001495,USR_001293,8505.61,,False,initial,2026-06-08 08:48:56
BKG_001496,USR_001294,11566.89,,False,initial,2026-02-11 04:50:58
BKG_001497,USR_001295,10992.7,,False,initial,2026-01-11 10:35:48
BKG_001498,USR_001296,9506.26,,False,initial,2026-06-21 16:48:59
BKG_001499,USR_001298,11119.34,,False,initial,2026-06-21 06:30:55
BKG_001500,USR_001298,11417.68,,False,initial,2026-01-03 08:28:19
BKG_001501,USR_001299,3116.28,,False,initial,2026-06-18 22:19:53
BKG_001502,USR_001301,8010.93,,False,initial,2026-03-02 04:56:59
BKG_001503,USR_001303,7290.34,,False,initial,2026-02-13 05:46:50
BKG_001504,USR_001303,4599.95,,False,initial,2026-04-02 21:26:31
BKG_001505,USR_001304,6888.62,,False,initial,2026-05-14 17:48:08
BKG_001506,USR_001304,10635.56,,False,initial,2026-06-05 18:18:58
BKG_001507,USR_001305,6226.81,,False,initial,2026-03-05 04:00:13
BKG_001508,USR_001305,4902.38,,False,initial,2026-02-26 08:14:13
BKG_001509,USR_001308,4571.45,,False,initial,2026-03-04 01:55:46
BKG_001510,USR_001308,8631.19,,False,initial,2026-01-03 18:50:42
BKG_001511,USR_001309,5248.3,,False,initial,2026-03-13 19:07:56
BKG_001512,USR_001310,5674.76,,False,initial,2026-05-04 20:31:05
BKG_001513,USR_001310,3528.14,,False,initial,2026-05-26 09:05:48
BKG_001514,USR_001310,2896.86,,False,initial,2026-05-22 14:19:56
BKG_001515,USR_001311,3338.62,,False,initial,2026-06-28 23:10:27
BKG_001516,USR_001311,10472.2,,False,initial,2026-04-20 12:35:52
BKG_001517,USR_001312,8108.21,,False,initial,2026-01-12 03:55:08
BKG_001518,USR_001313,2812.9,,False,initial,2026-01-04 03:45:20
BKG_001519,USR_001314,4382.3,,False,initial,2026-05-11 20:09:25
BKG_001520,USR_001314,2977.83,,False,initial,2026-01-11 13:54:11
BKG_001521,USR_001315,6598.58,,False,initial,2026-04-09 05:30:18
BKG_001522,USR_001315,11101.51,,False,initial,2026-05-13 21:28:38
BKG_001523,USR_001315,6081.53,,False,initial,2026-01-04 04:43:45
BKG_001524,USR_001315,8504.07,,False,initial,2026-04-20 20:13:33
BKG_001525,USR_001317,8561.32,,False,initial,2026-04-28 15:18:45
BKG_001526,USR_001317,3325.87,,False,initial,2026-06-19 23:15:26
BKG_001527,USR_001319,3292.16,,False,initial,2026-04-30 15:31:45
BKG_001528,USR_001320,10753.86,,False,initial,2026-05-01 17:14:15
BKG_001529,USR_001320,3365.06,,False,initial,2026-05-06 08:03:18
BKG_001530,USR_001320,8458.24,,False,initial,2026-05-11 19:01:52
BKG_001531,USR_001321,8553.02,,False,initial,2026-01-20 07:35:58
BKG_001532,USR_001322,3660.84,9935.05,True,initial,2026-05-12 20:08:12
BKG_001533,USR_001322,3427.99,,False,initial,2026-03-24 19:55:16
BKG_001534,USR_001323,11536.57,,False,initial,2026-04-05 09:03:39
BKG_001535,USR_001324,3580.46,,False,initial,2026-02-27 02:41:35
BKG_001536,USR_001325,2602.55,,False,initial,2026-03-02 17:20:48
BKG_001537,USR_001325,10679.95,,False,initial,2026-01-11 08:20:50
BKG_001538,USR_001326,6114.18,,False,initial,2026-05-22 04:51:09
BKG_001539,USR_001326,3818.91,,False,initial,2026-05-13 07:24:00
BKG_001540,USR_001327,3338.45,,False,initial,2026-03-10 00:51:52
BKG_001541,USR_001327,7194.02,2832.15,True,initial,2026-01-22 17:00:28
BKG_001542,USR_001328,9500.12,,False,initial,2026-01-17 05:16:51
BKG_001543,USR_001328,6606.95,,False,initial,2026-04-27 02:15:45
BKG_001544,USR_001329,5187.68,10921.36,True,initial,2026-01-04 01:41:21
BKG_001545,USR_001330,10055.97,,False,initial,2026-02-08 08:15:13
BKG_001546,USR_001331,7289.97,,False,initial,2026-02-20 09:39:39
BKG_001547,USR_001332,5089.72,,False,initial,2026-04-29 11:01:25
BKG_001548,USR_001335,3525.43,,False,initial,2026-05-21 19:40:15
BKG_001549,USR_001336,3110.05,10930.1,True,initial,2026-04-14 17:48:56
BKG_001550,USR_001338,5328.74,11059.25,True,initial,2026-02-07 22:30:47
BKG_001551,USR_001338,7248.55,,False,initial,2026-02-17 20:57:08
BKG_001552,USR_001339,2870.6,,False,initial,2026-04-01 06:21:43
BKG_001553,USR_001339,3724.9,,False,initial,2026-01-30 18:35:47
BKG_001554,USR_001340,6684.06,,False,initial,2026-02-09 22:36:54
BKG_001555,USR_001341,7555.1,,False,initial,2026-03-04 15:39:11
BKG_001556,USR_001342,4542.12,,False,initial,2026-04-08 11:58:07
BKG_001557,USR_001343,4356.76,,False,initial,2026-05-02 18:35:21
BKG_001558,USR_001344,10062.61,,False,initial,2026-02-25 14:16:14
BKG_001559,USR_001345,6996.55,,False,initial,2026-05-18 21:44:54
BKG_001560,USR_001347,4987.13,,False,initial,2026-05-03 11:48:43
BKG_001561,USR_001348,4352.1,,False,initial,2026-06-19 15:54:53
BKG_001562,USR_001349,6938.29,,False,initial,2026-03-01 12:32:47
BKG_001563,USR_001350,4206.5,,False,initial,2026-04-22 20:13:07
BKG_001564,USR_001351,3668.66,,False,initial,2026-02-28 07:28:20
BKG_001565,USR_001351,4191.32,,False,initial,2026-06-26 16:37:30
BKG_001566,USR_001353,11215.31,,False,initial,2026-03-03 09:30:36
BKG_001567,USR_001354,6342.77,6248.25,True,initial,2026-06-07 20:15:07
BKG_001568,USR_001354,5431.12,,False,initial,2026-02-16 08:22:44
BKG_001569,USR_001355,10185.52,,False,initial,2026-05-03 17:23:15
BKG_001570,USR_001356,8178.35,,False,initial,2026-03-22 06:12:47
BKG_001571,USR_001356,3472.56,,False,initial,2026-05-16 22:39:09
BKG_001572,USR_001357,4068.05,,False,initial,2026-03-03 20:27:59
BKG_001573,USR_001357,10941.36,,False,initial,2026-06-17 00:27:51
BKG_001574,USR_001358,8369.92,,False,initial,2026-05-17 07:56:57
BKG_001575,USR_001359,10462.4,,False,initial,2026-05-27 03:00:50
BKG_001576,USR_001359,7998.74,,False,initial,2026-01-27 12:25:23
BKG_001577,USR_001359,8767.13,,False,initial,2026-02-02 23:07:35
BKG_001578,USR_001360,7039.67,,False,initial,2026-02-11 10:50:12
BKG_001579,USR_001360,8072.99,,False,initial,2026-04-02 03:12:54
BKG_001580,USR_001361,6542.58,,False,initial,2026-03-08 05:45:32
BKG_001581,USR_001362,3327.19,,False,initial,2026-04-30 21:46:00
BKG_001582,USR_001363,7500.77,,False,initial,2026-02-26 12:22:21
BKG_001583,USR_001364,5555.68,,False,initial,2026-01-26 09:14:59
BKG_001584,USR_001364,2861.64,,False,initial,2026-03-14 13:09:27
BKG_001585,USR_001365,9410.49,,False,initial,2026-05-31 04:53:48
BKG_001586,USR_001365,6483.43,,False,initial,2026-05-26 15:11:36
BKG_001587,USR_001366,7215.33,,False,initial,2026-05-04 05:41:10
BKG_001588,USR_001366,3059.07,,False,initial,2026-05-12 19:07:29
BKG_001589,USR_001367,7860.2,,False,initial,2026-01-18 10:16:17
BKG_001590,USR_001368,6063.6,,False,initial,2026-06-22 15:20:19
BKG_001591,USR_001369,7355.66,,False,initial,2026-02-01 06:41:50
BKG_001592,USR_001370,6763.82,,False,initial,2026-03-19 06:37:11
BKG_001593,USR_001371,10142.26,12567.5,True,initial,2026-04-28 03:44:58
BKG_001594,USR_001373,10141.23,7873.57,True,initial,2026-05-12 13:22:43
BKG_001595,USR_001373,8999.46,,False,initial,2026-05-10 03:31:10
BKG_001596,USR_001375,6086.01,,False,initial,2026-05-21 10:54:01
BKG_001597,USR_001375,8327.12,,False,initial,2026-03-11 08:25:56
BKG_001598,USR_001376,4441.03,6439.18,True,initial,2026-05-16 03:09:30
BKG_001599,USR_001376,5457.6,,False,initial,2026-04-15 08:28:41
BKG_001600,USR_001377,10102.67,,False,initial,2026-03-03 03:45:41
BKG_001601,USR_001377,5404.24,,False,initial,2026-03-24 01:46:39
BKG_001602,USR_001378,9480.23,,False,initial,2026-03-26 20:48:18
BKG_001603,USR_001378,4155.52,,False,initial,2026-02-19 12:37:19
BKG_001604,USR_001380,9799.9,,False,initial,2026-03-08 23:40:29
BKG_001605,USR_001380,10386.44,,False,initial,2026-02-01 05:54:11
BKG_001606,USR_001381,3189.23,,False,initial,2026-02-26 22:55:18
BKG_001607,USR_001383,9739.88,,False,initial,2026-05-24 05:06:52
BKG_001608,USR_001383,3860.9,,False,initial,2026-01-25 06:41:21
BKG_001609,USR_001384,6883.55,,False,initial,2026-03-08 18:06:52
BKG_001610,USR_001385,8080.35,4093.78,True,initial,2026-02-22 09:55:26
BKG_001611,USR_001385,8652.17,,False,initial,2026-05-14 01:47:34
BKG_001612,USR_001386,11119.06,,False,initial,2026-05-28 15:38:53
BKG_001613,USR_001387,3269.03,,False,initial,2026-04-09 16:26:20
BKG_001614,USR_001389,9108.22,,False,initial,2026-03-23 16:21:04
BKG_001615,USR_001389,11345.51,,False,initial,2026-01-23 15:43:31
BKG_001616,USR_001390,11083.64,,False,initial,2026-03-14 11:34:15
BKG_001617,USR_001390,7925.15,,False,initial,2026-03-29 14:40:34
BKG_001618,USR_001391,6192.47,,False,initial,2026-05-02 20:33:10
BKG_001619,USR_001391,3774.36,6019.59,True,initial,2026-06-19 22:16:41
BKG_001620,USR_001391,4815.31,,False,initial,2026-04-24 21:19:08
BKG_001621,USR_001392,4457.81,,False,initial,2026-03-12 11:23:02
BKG_001622,USR_001393,5393.76,,False,initial,2026-05-18 21:09:17
BKG_001623,USR_001394,4398.77,,False,initial,2026-05-11 14:55:20
BKG_001624,USR_001395,10190.62,,False,initial,2026-05-10 01:34:51
BKG_001625,USR_001395,6434.39,,False,initial,2026-02-10 14:54:00
BKG_001626,USR_001396,11884.95,,False,initial,2026-04-23 22:24:40
BKG_001627,USR_001396,3975.35,,False,initial,2026-01-07 00:08:48
BKG_001628,USR_001397,5632.75,6050.48,True,initial,2026-06-10 20:41:44
BKG_001629,USR_001398,11138.57,,False,initial,2026-02-26 17:38:51
BKG_001630,USR_001398,4837.87,,False,initial,2026-06-26 02:54:21
BKG_001631,USR_001399,10949.02,,False,initial,2026-01-27 00:13:54
BKG_001632,USR_001400,10419.73,,False,initial,2026-04-20 07:02:48
BKG_001633,USR_001400,5760.98,,False,initial,2026-03-21 11:45:45
BKG_001634,USR_001400,9342.5,,False,initial,2026-06-21 04:57:46
BKG_001635,USR_001401,6144.42,,False,initial,2026-04-11 03:02:21
BKG_001636,USR_001401,8877.87,7622.03,True,initial,2026-01-03 23:32:24
BKG_001637,USR_001402,11463.28,,False,initial,2026-03-27 03:03:00
BKG_001638,USR_001403,4623.68,12179.31,True,initial,2026-05-28 06:31:30
BKG_001639,USR_001404,6353.5,,False,initial,2026-06-23 23:14:39
BKG_001640,USR_001405,4886.95,,False,initial,2026-04-05 23:54:27
BKG_001641,USR_001405,10995.52,,False,initial,2026-04-26 22:42:09
BKG_001642,USR_001406,3052.27,,False,initial,2026-04-07 03:50:09
BKG_001643,USR_001406,3713.91,,False,initial,2026-02-01 05:56:45
BKG_001644,USR_001408,4947.52,,False,initial,2026-01-03 13:00:58
BKG_001645,USR_001409,10292.67,,False,initial,2026-05-28 06:16:25
BKG_001646,USR_001410,7474.92,,False,initial,2026-01-07 07:21:52
BKG_001647,USR_001410,8720.09,,False,initial,2026-01-28 20:48:58
BKG_001648,USR_001411,7989.32,,False,initial,2026-03-11 14:51:12
BKG_001649,USR_001411,9422.63,,False,initial,2026-02-02 06:05:32
BKG_001650,USR_001412,2844.6,,False,initial,2026-05-30 20:26:59
BKG_001651,USR_001414,5256.87,,False,initial,2026-06-11 11:12:45
BKG_001652,USR_001414,9203.62,,False,initial,2026-05-16 21:32:18
BKG_001653,USR_001415,11367.35,,False,initial,2026-05-27 01:25:21
BKG_001654,USR_001416,7338.87,,False,initial,2026-04-17 23:56:35
BKG_001655,USR_001416,9750.77,,False,initial,2026-01-11 23:35:03
BKG_001656,USR_001417,4763.16,,False,initial,2026-01-12 11:47:42
BKG_001657,USR_001417,9716.42,,False,initial,2026-06-12 08:12:31
BKG_001658,USR_001418,8940.27,,False,initial,2026-02-20 06:27:33
BKG_001659,USR_001422,3072.7,,False,initial,2026-04-16 13:07:32
BKG_001660,USR_001423,11256.53,,False,initial,2026-03-26 06:31:14
BKG_001661,USR_001424,5356.21,,False,initial,2026-05-25 18:56:40
BKG_001662,USR_001425,9294.94,,False,initial,2026-05-12 12:31:06
BKG_001663,USR_001425,9371.72,,False,initial,2026-05-14 14:51:20
BKG_001664,USR_001427,4199.1,,False,initial,2026-05-15 23:28:02
BKG_001665,USR_001429,5108.46,,False,initial,2026-05-29 10:15:20
BKG_001666,USR_001431,5600.64,,False,initial,2026-05-29 17:20:31
BKG_001667,USR_001432,6553.01,,False,initial,2026-04-29 22:13:57
BKG_001668,USR_001433,6373.94,9203.09,True,initial,2026-04-24 11:00:52
BKG_001669,USR_001435,5288.38,3023.5,True,initial,2026-02-04 09:46:53
BKG_001670,USR_001435,5460.17,,False,initial,2026-04-02 02:28:55
BKG_001671,USR_001437,10655.25,,False,initial,2026-02-24 15:15:44
BKG_001672,USR_001437,6599.56,,False,initial,2026-05-13 00:30:15
BKG_001673,USR_001438,6810.29,,False,initial,2026-01-28 22:00:05
BKG_001674,USR_001438,3258.09,,False,initial,2026-06-27 11:03:40
BKG_001675,USR_001438,5313.85,,False,initial,2026-03-16 07:35:37
BKG_001676,USR_001439,10799.58,,False,initial,2026-01-27 01:22:24
BKG_001677,USR_001443,8601.27,,False,initial,2026-03-09 07:23:02
BKG_001678,USR_001444,6620.35,,False,initial,2026-03-14 19:32:08
BKG_001679,USR_001444,7246.35,,False,initial,2026-01-19 07:37:15
BKG_001680,USR_001445,3987.83,,False,initial,2026-03-30 09:24:02
BKG_001681,USR_001446,11735.8,,False,initial,2026-03-10 19:02:43
BKG_001682,USR_001446,9498.36,,False,initial,2026-01-31 16:23:23
BKG_001683,USR_001447,5971.06,,False,initial,2026-01-27 09:38:17
BKG_001684,USR_001447,7305.37,,False,initial,2026-05-25 01:46:38
BKG_001685,USR_001447,5870.41,,False,initial,2026-02-24 17:22:04
BKG_001686,USR_001447,11860.73,,False,initial,2026-02-10 21:24:20
BKG_001687,USR_001450,11157.4,,False,initial,2026-04-07 05:44:30
BKG_001688,USR_001450,9072.24,,False,initial,2026-04-01 14:56:39
BKG_001689,USR_001451,11195.89,,False,initial,2026-01-02 22:28:15
BKG_001690,USR_001453,3483.6,,False,initial,2026-03-27 22:31:18
BKG_001691,USR_001454,10009.91,,False,initial,2026-01-21 12:38:33
BKG_001692,USR_001455,9854.47,6607.61,True,initial,2026-04-24 17:34:05
BKG_001693,USR_001456,4860.69,,False,initial,2026-05-24 19:33:03
BKG_001694,USR_001457,2608.53,,False,initial,2026-03-16 20:53:15
BKG_001695,USR_001458,10856.81,,False,initial,2026-05-29 03:53:44
BKG_001696,USR_001458,11793.61,,False,initial,2026-02-26 09:18:06
BKG_001697,USR_001458,6858.8,,False,initial,2026-02-22 21:57:16
BKG_001698,USR_001461,6578.49,,False,initial,2026-06-29 03:42:19
BKG_001699,USR_001463,6178.45,,False,initial,2026-04-08 15:55:48
BKG_001700,USR_001463,6767.91,,False,initial,2026-04-09 08:03:54
BKG_001701,USR_001464,10489.66,,False,initial,2026-06-07 03:32:26
BKG_001702,USR_001466,8935.18,,False,initial,2026-04-23 03:36:17
BKG_001703,USR_001467,5548.22,9568.57,True,initial,2026-03-07 00:31:33
BKG_001704,USR_001467,5074.34,,False,initial,2026-04-06 22:33:43
BKG_001705,USR_001468,9855.14,,False,initial,2026-01-01 22:38:00
BKG_001706,USR_001469,4176.42,,False,initial,2026-01-10 21:46:11
BKG_001707,USR_001469,7969.37,,False,initial,2026-04-20 02:43:10
BKG_001708,USR_001470,7332.93,,False,initial,2026-04-26 20:42:39
BKG_001709,USR_001472,7803.33,,False,initial,2026-05-25 15:41:51
BKG_001710,USR_001472,3082.04,,False,initial,2026-02-07 21:25:00
BKG_001711,USR_001473,10543.86,,False,initial,2026-01-12 10:43:55
BKG_001712,USR_001473,10872.79,,False,initial,2026-04-01 06:43:59
BKG_001713,USR_001474,3994.2,11508.75,True,initial,2026-05-18 05:31:33
BKG_001714,USR_001474,6277.57,,False,initial,2026-06-28 00:53:37
BKG_001715,USR_001475,7958.26,,False,initial,2026-02-02 15:09:13
BKG_001716,USR_001475,11820.29,,False,initial,2026-02-22 23:16:00
BKG_001717,USR_001475,2811.74,,False,initial,2026-01-09 17:06:52
BKG_001718,USR_001476,3026.52,12674.26,True,initial,2026-03-18 07:15:41
BKG_001719,USR_001476,5581.06,,False,initial,2026-03-25 21:17:40
BKG_001720,USR_001476,11789.45,,False,initial,2026-05-23 21:57:56
BKG_001721,USR_001477,7763.2,,False,initial,2026-03-07 01:23:01
BKG_001722,USR_001479,5495.38,,False,initial,2026-04-19 18:27:47
BKG_001723,USR_001480,7550.22,,False,initial,2026-01-03 04:21:24
BKG_001724,USR_001481,6593.41,,False,initial,2026-05-16 16:26:06
BKG_001725,USR_001481,9100.48,,False,initial,2026-01-07 19:31:25
BKG_001726,USR_001482,10168.73,,False,initial,2026-06-18 04:19:54
BKG_001727,USR_001483,3563.99,,False,initial,2026-05-06 12:37:57
BKG_001728,USR_001484,3711.31,,False,initial,2026-03-22 23:18:13
BKG_001729,USR_001484,3186.87,,False,initial,2026-05-31 06:45:42
BKG_001730,USR_001484,10190.22,,False,initial,2026-04-19 10:42:34
BKG_001731,USR_001485,5632.15,,False,initial,2026-04-11 01:52:42
BKG_001732,USR_001486,11627.62,,False,initial,2026-04-25 20:01:57
BKG_001733,USR_001488,8055.49,,False,initial,2026-03-19 00:33:20
BKG_001734,USR_001488,4628.87,,False,initial,2026-05-15 01:13:44
BKG_001735,USR_001489,10580.9,,False,initial,2026-02-20 10:55:01
BKG_001736,USR_001489,5380.46,,False,initial,2026-06-28 11:07:49
BKG_001737,USR_001490,10836.32,4875.38,True,initial,2026-04-21 15:54:19
BKG_001738,USR_001491,8860.26,,False,initial,2026-04-18 07:27:40
BKG_001739,USR_001491,7392.1,,False,initial,2026-02-08 20:55:45
BKG_001740,USR_001492,6019.33,,False,initial,2026-04-16 23:31:57
BKG_001741,USR_001493,11104.86,,False,initial,2026-03-26 14:21:05
BKG_001742,USR_001493,10432.76,,False,initial,2026-01-24 20:41:49
BKG_001743,USR_001494,10741.7,,False,initial,2026-01-27 01:51:25
BKG_001744,USR_001494,8835.99,,False,initial,2026-01-04 11:08:42
BKG_001745,USR_001495,10460.8,,False,initial,2026-06-20 22:41:11
BKG_001746,USR_001498,10538.75,,False,initial,2026-01-19 23:14:56
BKG_001747,USR_001498,8621.33,,False,initial,2026-02-03 16:33:54
BKG_001748,USR_001499,3717.41,,False,initial,2026-05-26 01:31:21
BKG_001749,USR_001500,4066.13,,False,initial,2026-04-06 15:37:00
BKG_001750,USR_001500,6603.77,,False,initial,2026-01-21 17:18:42
BKG_001751,USR_001500,7649.19,,False,initial,2026-01-07 18:53:28
BKG_001752,USR_001501,6747.2,,False,initial,2026-01-04 02:14:03
BKG_001753,USR_001502,7499.13,,False,initial,2026-06-20 23:37:27
BKG_001754,USR_001502,9270.54,,False,initial,2026-02-16 21:08:31
BKG_001755,USR_001503,4544.87,,False,initial,2026-04-03 02:28:09
BKG_001756,USR_001504,11552.11,,False,initial,2026-03-05 17:03:42
BKG_001757,USR_001504,8909.5,,False,initial,2026-03-06 12:33:37
BKG_001758,USR_001506,2693.09,,False,initial,2026-05-01 20:26:41
BKG_001759,USR_001507,10736.89,,False,initial,2026-04-26 18:39:47
BKG_001760,USR_001507,8496.04,,False,initial,2026-05-29 23:51:59
BKG_001761,USR_001509,6523.62,,False,initial,2026-05-08 23:27:01
BKG_001762,USR_001511,5611.69,,False,initial,2026-03-30 16:26:18
BKG_001763,USR_001512,8193.02,,False,initial,2026-03-07 00:43:39
BKG_001764,USR_001512,3310.72,,False,initial,2026-02-19 21:04:30
BKG_001765,USR_001512,8240.35,,False,initial,2026-05-09 05:54:34
BKG_001766,USR_001513,9935.03,,False,initial,2026-01-18 12:12:27
BKG_001767,USR_001514,9412.65,,False,initial,2026-02-12 08:35:52
BKG_001768,USR_001514,8781.27,,False,initial,2026-06-22 17:26:15
BKG_001769,USR_001515,4242.43,,False,initial,2026-05-14 17:15:56
BKG_001770,USR_001516,4172.52,,False,initial,2026-02-20 13:36:25
BKG_001771,USR_001517,3104.51,,False,initial,2026-03-27 17:29:38
BKG_001772,USR_001517,9254.56,3976.5,True,initial,2026-04-28 12:33:47
BKG_001773,USR_001518,9611.93,,False,initial,2026-04-08 09:24:51
BKG_001774,USR_001518,9771.51,,False,initial,2026-05-11 06:33:22
BKG_001775,USR_001518,5332.89,,False,initial,2026-04-26 16:38:57
BKG_001776,USR_001519,5593.75,,False,initial,2026-05-19 16:49:24
BKG_001777,USR_001520,10246.02,,False,initial,2026-01-02 20:41:45
BKG_001778,USR_001520,7247.36,,False,initial,2026-03-23 17:00:08
BKG_001779,USR_001520,9363.11,,False,initial,2026-01-17 05:46:00
BKG_001780,USR_001521,9062.63,,False,initial,2026-05-10 10:10:16
BKG_001781,USR_001521,9946.43,,False,initial,2026-03-04 18:23:03
BKG_001782,USR_001522,7507.98,,False,initial,2026-01-29 17:26:42
BKG_001783,USR_001523,10579.68,,False,initial,2026-03-14 18:03:46
BKG_001784,USR_001523,3475.73,,False,initial,2026-04-07 21:09:53
BKG_001785,USR_001524,9530.33,,False,initial,2026-01-24 21:06:23
BKG_001786,USR_001525,7839.11,,False,initial,2026-03-10 02:13:25
BKG_001787,USR_001525,6742.1,12641.49,True,initial,2026-05-05 15:10:19
BKG_001788,USR_001525,4722.72,,False,initial,2026-05-22 17:57:17
BKG_001789,USR_001526,7982.99,,False,initial,2026-03-27 23:31:55
BKG_001790,USR_001526,7268.99,,False,initial,2026-06-17 03:11:35
BKG_001791,USR_001527,2751.0,,False,initial,2026-02-26 00:00:21
BKG_001792,USR_001527,6087.67,,False,initial,2026-04-03 21:00:40
BKG_001793,USR_001528,6194.24,,False,initial,2026-05-26 20:42:41
BKG_001794,USR_001530,5137.85,,False,initial,2026-06-03 22:38:51
BKG_001795,USR_001531,9961.77,,False,initial,2026-01-31 15:48:08
BKG_001796,USR_001532,10232.77,,False,initial,2026-01-16 19:40:27
BKG_001797,USR_001532,9428.89,,False,initial,2026-03-04 21:01:32
BKG_001798,USR_001533,3479.91,,False,initial,2026-02-13 12:53:41
BKG_001799,USR_001534,10829.43,,False,initial,2026-04-29 11:24:17
BKG_001800,USR_001536,11204.16,,False,initial,2026-05-11 05:31:17
BKG_001801,USR_001537,10742.57,,False,initial,2026-03-24 12:43:10
BKG_001802,USR_001537,11334.36,,False,initial,2026-06-14 05:02:08
BKG_001803,USR_001538,8205.71,,False,initial,2026-06-03 14:27:20
BKG_001804,USR_001538,9052.49,,False,initial,2026-01-31 12:14:12
BKG_001805,USR_001538,5390.75,3480.12,True,initial,2026-01-29 16:09:12
BKG_001806,USR_001539,8870.66,,False,initial,2026-03-27 21:48:21
BKG_001807,USR_001539,2815.75,,False,initial,2026-03-12 19:27:07
BKG_001808,USR_001539,3115.85,,False,initial,2026-03-30 01:35:40
BKG_001809,USR_001540,4631.75,,False,initial,2026-01-21 17:52:29
BKG_001810,USR_001541,2523.96,13579.56,True,initial,2026-06-08 03:01:59
BKG_001811,USR_001541,2816.72,,False,initial,2026-05-14 17:01:43
BKG_001812,USR_001542,7010.63,7142.42,True,initial,2026-03-24 13:16:05
BKG_001813,USR_001543,2745.01,,False,initial,2026-03-03 20:25:28
BKG_001814,USR_001543,2941.42,,False,initial,2026-04-13 15:45:51
BKG_001815,USR_001544,8008.61,,False,initial,2026-02-25 23:07:59
BKG_001816,USR_001546,2822.21,,False,initial,2026-05-06 19:51:01
BKG_001817,USR_001547,5446.61,,False,initial,2026-04-25 00:53:06
BKG_001818,USR_001548,7102.88,,False,initial,2026-02-13 18:08:27
BKG_001819,USR_001549,5085.4,,False,initial,2026-02-12 22:06:49
BKG_001820,USR_001549,5891.18,,False,initial,2026-05-04 12:31:53
BKG_001821,USR_001550,7210.24,,False,initial,2026-05-18 21:38:47
BKG_001822,USR_001550,7268.64,8097.71,True,initial,2026-02-02 04:42:46
BKG_001823,USR_001552,7720.4,,False,initial,2026-04-14 13:39:38
BKG_001824,USR_001553,6012.08,,False,initial,2026-01-20 15:38:00
BKG_001825,USR_001554,9817.63,,False,initial,2026-01-31 01:38:44
BKG_001826,USR_001556,3637.46,,False,initial,2026-05-05 01:49:34
BKG_001827,USR_001556,4138.65,14222.78,True,initial,2026-06-25 12:04:53
BKG_001828,USR_001556,4993.68,,False,initial,2026-06-10 14:27:59
BKG_001829,USR_001557,9516.13,,False,initial,2026-02-06 00:19:03
BKG_001830,USR_001558,10434.63,,False,initial,2026-03-13 16:30:47
BKG_001831,USR_001559,10200.55,,False,initial,2026-06-08 19:34:46
BKG_001832,USR_001559,10259.15,,False,initial,2026-06-06 21:50:01
BKG_001833,USR_001559,2532.32,,False,initial,2026-05-11 03:26:24
BKG_001834,USR_001559,3319.98,,False,initial,2026-02-03 02:20:15
BKG_001835,USR_001560,5774.44,,False,initial,2026-06-08 17:17:05
BKG_001836,USR_001561,10729.58,,False,initial,2026-04-22 18:53:28
BKG_001837,USR_001561,9122.68,,False,initial,2026-03-07 21:27:20
BKG_001838,USR_001561,8737.46,,False,initial,2026-03-27 04:17:56
BKG_001839,USR_001562,3691.05,8089.46,True,initial,2026-04-13 19:59:20
BKG_001840,USR_001566,11143.34,,False,initial,2026-04-05 23:07:46
BKG_001841,USR_001568,5744.66,,False,initial,2026-02-10 15:17:00
BKG_001842,USR_001569,5155.7,,False,initial,2026-04-14 17:01:29
BKG_001843,USR_001572,2704.14,,False,initial,2026-02-16 19:13:59
BKG_001844,USR_001572,5855.55,,False,initial,2026-03-15 08:04:01
BKG_001845,USR_001574,11635.83,,False,initial,2026-04-28 12:35:07
BKG_001846,USR_001574,10521.34,13625.1,True,initial,2026-01-20 07:05:07
BKG_001847,USR_001575,4247.39,,False,initial,2026-05-07 13:27:32
BKG_001848,USR_001575,7792.95,12619.05,True,initial,2026-03-24 02:11:00
BKG_001849,USR_001576,9667.07,9732.05,True,initial,2026-01-23 02:16:48
BKG_001850,USR_001576,4182.28,,False,initial,2026-02-07 21:11:00
BKG_001851,USR_001576,10981.72,,False,initial,2026-06-04 14:33:17
BKG_001852,USR_001576,3950.42,,False,initial,2026-03-29 04:16:03
BKG_001853,USR_001577,3565.27,,False,initial,2026-02-10 05:57:58
BKG_001854,USR_001577,5270.59,,False,initial,2026-04-26 02:30:26
BKG_001855,USR_001577,3045.59,,False,initial,2026-05-05 11:01:07
BKG_001856,USR_001578,7669.47,,False,initial,2026-06-12 07:41:54
BKG_001857,USR_001578,11708.41,,False,initial,2026-04-15 19:21:34
BKG_001858,USR_001579,5186.15,,False,initial,2026-01-11 12:58:40
BKG_001859,USR_001579,2963.23,,False,initial,2026-02-10 16:40:14
BKG_001860,USR_001581,10189.8,,False,initial,2026-06-28 21:41:55
BKG_001861,USR_001581,6286.77,,False,initial,2026-03-16 10:21:12
BKG_001862,USR_001582,3106.16,,False,initial,2026-02-14 21:17:01
BKG_001863,USR_001582,5677.27,,False,initial,2026-01-17 15:50:40
BKG_001864,USR_001582,8558.03,,False,initial,2026-01-22 09:37:45
BKG_001865,USR_001583,10159.72,,False,initial,2026-03-13 16:26:19
BKG_001866,USR_001584,8020.64,14585.77,True,initial,2026-06-02 03:09:43
BKG_001867,USR_001584,3936.01,,False,initial,2026-03-13 03:39:58
BKG_001868,USR_001584,6309.92,,False,initial,2026-05-02 04:39:35
BKG_001869,USR_001585,3602.09,6159.53,True,initial,2026-06-17 08:50:25
BKG_001870,USR_001586,11009.17,,False,initial,2026-03-22 21:25:06
BKG_001871,USR_001586,8719.21,,False,initial,2026-06-21 19:43:18
BKG_001872,USR_001586,6331.51,,False,initial,2026-04-16 10:03:31
BKG_001873,USR_001587,8814.33,,False,initial,2026-03-31 15:02:32
BKG_001874,USR_001587,11333.92,13886.73,True,initial,2026-04-02 07:35:29
BKG_001875,USR_001588,10592.1,,False,initial,2026-01-26 05:39:08
BKG_001876,USR_001589,10444.05,,False,initial,2026-03-23 19:04:53
BKG_001877,USR_001592,8327.13,,False,initial,2026-03-24 02:28:39
BKG_001878,USR_001593,3436.22,,False,initial,2026-03-03 21:17:36
BKG_001879,USR_001594,3482.3,,False,initial,2026-06-18 05:07:39
BKG_001880,USR_001596,7661.56,,False,initial,2026-02-26 10:52:51
BKG_001881,USR_001596,7795.57,,False,initial,2026-06-14 15:31:22
BKG_001882,USR_001597,4784.23,,False,initial,2026-02-14 04:27:43
BKG_001883,USR_001597,3984.25,,False,initial,2026-04-02 01:13:17
BKG_001884,USR_001598,2963.42,,False,initial,2026-06-12 11:42:32
BKG_001885,USR_001598,8403.1,,False,initial,2026-01-01 19:23:36
BKG_001886,USR_001598,2808.84,,False,initial,2026-04-19 04:11:57
BKG_001887,USR_001599,5236.19,,False,initial,2026-01-14 02:35:14
BKG_001888,USR_001600,4186.27,,False,initial,2026-05-04 09:48:02
BKG_001889,USR_001601,6240.65,,False,initial,2026-05-06 11:13:17
BKG_001890,USR_001601,10842.87,,False,initial,2026-06-05 04:06:12
BKG_001891,USR_001602,10333.36,,False,initial,2026-06-10 09:37:53
BKG_001892,USR_001603,5153.05,,False,initial,2026-06-23 04:54:51
BKG_001893,USR_001604,4209.03,,False,initial,2026-05-07 18:12:55
BKG_001894,USR_001605,4978.59,7120.2,True,initial,2026-05-12 07:51:44
BKG_001895,USR_001605,4649.14,,False,initial,2026-04-09 16:54:48
BKG_001896,USR_001606,5306.14,,False,initial,2026-03-11 17:05:01
BKG_001897,USR_001606,6511.62,,False,initial,2026-06-02 04:40:07
BKG_001898,USR_001607,2981.89,2867.26,True,initial,2026-06-25 15:24:42
BKG_001899,USR_001607,11569.45,,False,initial,2026-03-05 17:52:53
BKG_001900,USR_001608,10632.97,,False,initial,2026-06-07 18:49:58
BKG_001901,USR_001609,11847.82,,False,initial,2026-05-20 17:37:42
BKG_001902,USR_001609,8670.27,8948.3,True,initial,2026-02-09 20:11:38
BKG_001903,USR_001610,7632.97,,False,initial,2026-06-07 05:59:48
BKG_001904,USR_001610,6731.18,,False,initial,2026-02-08 08:05:54
BKG_001905,USR_001611,6676.4,,False,initial,2026-04-22 15:14:19
BKG_001906,USR_001611,10613.53,,False,initial,2026-04-05 19:46:19
BKG_001907,USR_001612,7416.01,,False,initial,2026-04-18 03:56:59
BKG_001908,USR_001612,7396.73,,False,initial,2026-01-27 11:33:03
BKG_001909,USR_001613,6739.36,2701.71,True,initial,2026-02-12 13:43:40
BKG_001910,USR_001613,9993.29,3363.6,True,initial,2026-03-21 19:42:16
BKG_001911,USR_001615,4688.48,,False,initial,2026-03-07 10:32:40
BKG_001912,USR_001617,3075.89,,False,initial,2026-03-29 03:51:02
BKG_001913,USR_001618,10237.23,,False,initial,2026-04-28 15:57:11
BKG_001914,USR_001620,10331.53,,False,initial,2026-02-21 02:09:09
BKG_001915,USR_001621,2836.63,,False,initial,2026-02-24 12:03:43
BKG_001916,USR_001622,10507.59,12292.85,True,initial,2026-06-17 19:16:32
BKG_001917,USR_001622,9275.5,5685.88,True,initial,2026-02-22 18:54:07
BKG_001918,USR_001623,6265.0,,False,initial,2026-03-10 04:09:37
BKG_001919,USR_001623,9515.55,,False,initial,2026-01-27 03:22:16
BKG_001920,USR_001623,3068.84,,False,initial,2026-01-18 07:58:40
BKG_001921,USR_001624,9870.88,,False,initial,2026-03-13 11:54:09
BKG_001922,USR_001625,9155.59,,False,initial,2026-06-11 19:09:08
BKG_001923,USR_001626,8140.29,,False,initial,2026-03-31 01:38:30
BKG_001924,USR_001627,10633.67,,False,initial,2026-05-28 19:20:23
BKG_001925,USR_001628,9790.53,,False,initial,2026-06-17 18:35:58
BKG_001926,USR_001631,6274.32,,False,initial,2026-04-08 17:19:28
BKG_001927,USR_001631,6801.26,,False,initial,2026-05-05 00:22:24
BKG_001928,USR_001635,8749.3,10140.18,True,initial,2026-05-15 09:47:25
BKG_001929,USR_001635,5526.31,,False,initial,2026-01-23 00:10:42
BKG_001930,USR_001635,7106.9,,False,initial,2026-01-23 16:47:55
BKG_001931,USR_001637,3780.31,,False,initial,2026-02-22 18:25:31
BKG_001932,USR_001637,9073.73,13475.73,True,initial,2026-03-12 22:20:26
BKG_001933,USR_001637,5890.9,,False,initial,2026-01-26 16:29:43
BKG_001934,USR_001638,4799.25,,False,initial,2026-05-18 19:01:49
BKG_001935,USR_001640,7010.63,,False,initial,2026-05-14 04:37:47
BKG_001936,USR_001640,9486.12,,False,initial,2026-04-22 01:07:33
BKG_001937,USR_001643,7042.89,,False,initial,2026-05-15 09:12:06
BKG_001938,USR_001644,6201.12,,False,initial,2026-04-01 16:52:17
BKG_001939,USR_001644,5759.52,,False,initial,2026-05-13 02:52:43
BKG_001940,USR_001644,7063.4,,False,initial,2026-02-04 04:11:08
BKG_001941,USR_001645,10335.86,,False,initial,2026-02-10 10:22:40
BKG_001942,USR_001646,3620.84,,False,initial,2026-02-24 03:06:28
BKG_001943,USR_001647,11938.22,,False,initial,2026-04-22 03:50:18
BKG_001944,USR_001647,10192.35,,False,initial,2026-06-25 20:59:28
BKG_001945,USR_001648,7797.43,,False,initial,2026-05-13 01:17:06
BKG_001946,USR_001650,3010.25,,False,initial,2026-04-13 21:57:06
BKG_001947,USR_001654,8917.95,,False,initial,2026-02-08 10:35:50
BKG_001948,USR_001655,10675.84,,False,initial,2026-02-17 19:16:18
BKG_001949,USR_001656,5298.36,,False,initial,2026-03-27 22:16:07
BKG_001950,USR_001656,5478.21,,False,initial,2026-03-28 01:40:31
BKG_001951,USR_001656,5213.78,,False,initial,2026-06-12 02:54:08
BKG_001952,USR_001656,4868.85,,False,initial,2026-02-21 06:00:06
BKG_001953,USR_001657,4609.17,,False,initial,2026-02-04 23:27:42
BKG_001954,USR_001658,9333.12,,False,initial,2026-01-06 19:54:35
BKG_001955,USR_001659,7032.92,,False,initial,2026-03-13 17:42:43
BKG_001956,USR_001659,5914.88,,False,initial,2026-05-15 20:45:55
BKG_001957,USR_001660,3428.21,13514.19,True,initial,2026-05-18 00:45:09
BKG_001958,USR_001661,11302.12,,False,initial,2026-05-12 12:39:38
BKG_001959,USR_001663,11942.07,,False,initial,2026-02-22 14:34:52
BKG_001960,USR_001663,9223.45,,False,initial,2026-01-07 07:49:48
BKG_001961,USR_001663,8204.04,,False,initial,2026-04-22 03:04:36
BKG_001962,USR_001664,5509.83,,False,initial,2026-04-07 00:31:46
BKG_001963,USR_001665,7237.11,,False,initial,2026-05-28 14:30:10
BKG_001964,USR_001665,7891.46,,False,initial,2026-02-28 06:50:38
BKG_001965,USR_001666,8429.25,,False,initial,2026-06-22 08:51:52
BKG_001966,USR_001667,10556.47,,False,initial,2026-05-29 17:06:09
BKG_001967,USR_001667,2908.5,,False,initial,2026-02-14 03:59:15
BKG_001968,USR_001668,6671.82,,False,initial,2026-01-13 04:54:19
BKG_001969,USR_001670,10722.69,,False,initial,2026-03-11 21:47:33
BKG_001970,USR_001671,11169.6,,False,initial,2026-03-09 13:38:37
BKG_001971,USR_001671,3475.14,,False,initial,2026-04-18 12:20:56
BKG_001972,USR_001672,7755.72,,False,initial,2026-06-28 20:21:51
BKG_001973,USR_001672,3552.08,,False,initial,2026-02-15 04:00:30
BKG_001974,USR_001673,9958.88,,False,initial,2026-02-04 07:57:29
BKG_001975,USR_001674,9036.7,,False,initial,2026-04-12 17:59:44
BKG_001976,USR_001675,10077.17,,False,initial,2026-05-31 04:17:09
BKG_001977,USR_001675,10326.12,,False,initial,2026-01-12 20:06:46
BKG_001978,USR_001677,5521.38,,False,initial,2026-01-10 04:36:22
BKG_001979,USR_001680,10630.87,,False,initial,2026-06-06 08:54:41
BKG_001980,USR_001681,5599.16,,False,initial,2026-06-01 14:09:08
BKG_001981,USR_001683,8577.36,,False,initial,2026-06-08 16:44:21
BKG_001982,USR_001683,11569.23,,False,initial,2026-03-26 20:58:58
BKG_001983,USR_001684,5185.2,,False,initial,2026-03-16 13:14:54
BKG_001984,USR_001685,4018.16,,False,initial,2026-01-10 21:49:32
BKG_001985,USR_001685,5546.1,,False,initial,2026-03-30 10:40:40
BKG_001986,USR_001688,6721.92,,False,initial,2026-01-01 01:19:27
BKG_001987,USR_001688,10501.01,,False,initial,2026-03-08 21:41:00
BKG_001988,USR_001689,8888.62,,False,initial,2026-01-23 18:01:07
BKG_001989,USR_001689,3334.04,,False,initial,2026-05-31 10:39:14
BKG_001990,USR_001689,11786.58,,False,initial,2026-01-05 18:38:17
BKG_001991,USR_001690,6368.08,,False,initial,2026-03-14 14:02:00
BKG_001992,USR_001691,8906.66,,False,initial,2026-04-22 00:55:28
BKG_001993,USR_001692,3912.76,,False,initial,2026-02-09 13:17:03
BKG_001994,USR_001693,7584.42,,False,initial,2026-06-14 14:44:49
BKG_001995,USR_001693,11695.25,,False,initial,2026-06-08 02:21:16
BKG_001996,USR_001694,11926.21,,False,initial,2026-04-26 18:48:10
BKG_001997,USR_001694,10835.37,,False,initial,2026-06-27 21:59:13
BKG_001998,USR_001695,3484.63,,False,initial,2026-02-16 14:07:53
BKG_001999,USR_001695,2653.47,,False,initial,2026-04-21 16:51:48
BKG_002000,USR_001697,11547.46,,False,initial,2026-02-28 21:38:21
BKG_002001,USR_001698,4411.85,,False,initial,2026-04-08 18:38:10
BKG_002002,USR_001699,2978.57,,False,initial,2026-01-09 09:44:55
BKG_002003,USR_001699,10475.21,,False,initial,2026-05-14 12:09:11
BKG_002004,USR_001699,2607.1,,False,initial,2026-03-20 10:10:52
BKG_002005,USR_001701,6085.61,,False,initial,2026-02-01 00:16:33
BKG_002006,USR_001702,8825.35,,False,initial,2026-01-05 12:33:38
BKG_002007,USR_001703,10907.8,,False,initial,2026-02-12 03:22:52
BKG_002008,USR_001704,11025.12,,False,initial,2026-06-26 09:22:05
BKG_002009,USR_001705,6175.45,,False,initial,2026-02-07 09:05:14
BKG_002010,USR_001705,9180.71,,False,initial,2026-02-05 12:24:01
BKG_002011,USR_001706,8583.28,,False,initial,2026-03-22 14:37:33
BKG_002012,USR_001706,11262.29,,False,initial,2026-04-14 03:47:29
BKG_002013,USR_001707,10486.95,,False,initial,2026-03-06 19:16:45
BKG_002014,USR_001708,6629.65,,False,initial,2026-04-07 11:43:54
BKG_002015,USR_001710,3819.69,,False,initial,2026-02-23 06:25:33
BKG_002016,USR_001711,5502.91,,False,initial,2026-05-16 13:02:53
BKG_002017,USR_001711,11942.77,,False,initial,2026-03-08 17:38:19
BKG_002018,USR_001712,4054.59,11465.87,True,initial,2026-05-20 13:21:49
BKG_002019,USR_001713,10987.68,,False,initial,2026-06-12 00:48:41
BKG_002020,USR_001713,4407.33,,False,initial,2026-01-17 21:17:27
BKG_002021,USR_001714,3912.14,7849.45,True,initial,2026-04-23 13:36:10
BKG_002022,USR_001715,2560.37,,False,initial,2026-06-16 02:36:49
BKG_002023,USR_001715,5434.6,,False,initial,2026-04-26 23:56:53
BKG_002024,USR_001716,4218.53,,False,initial,2026-05-23 18:46:53
BKG_002025,USR_001717,6410.83,,False,initial,2026-03-08 00:22:53
BKG_002026,USR_001718,10713.04,,False,initial,2026-04-21 14:38:48
BKG_002027,USR_001718,5897.2,,False,initial,2026-06-08 00:46:03
BKG_002028,USR_001719,8883.16,,False,initial,2026-05-11 20:08:20
BKG_002029,USR_001719,4326.34,,False,initial,2026-02-21 03:56:22
BKG_002030,USR_001720,3063.68,,False,initial,2026-06-25 09:44:13
BKG_002031,USR_001720,8458.19,,False,initial,2026-02-02 00:00:26
BKG_002032,USR_001721,8134.86,,False,initial,2026-04-28 02:55:42
BKG_002033,USR_001721,5301.88,,False,initial,2026-03-02 00:45:44
BKG_002034,USR_001721,8784.22,,False,initial,2026-01-26 03:52:52
BKG_002035,USR_001722,2706.94,,False,initial,2026-04-20 07:42:57
BKG_002036,USR_001723,8542.52,,False,initial,2026-03-27 21:36:57
BKG_002037,USR_001723,11691.36,,False,initial,2026-01-26 11:22:51
BKG_002038,USR_001724,5935.78,,False,initial,2026-02-04 22:46:19
BKG_002039,USR_001724,9071.88,,False,initial,2026-03-10 00:59:50
BKG_002040,USR_001726,4488.08,,False,initial,2026-03-05 20:45:12
BKG_002041,USR_001727,8555.18,,False,initial,2026-06-11 17:11:58
BKG_002042,USR_001727,2992.57,,False,initial,2026-01-19 09:43:09
BKG_002043,USR_001729,3735.02,,False,initial,2026-02-12 05:00:05
BKG_002044,USR_001731,6688.83,,False,initial,2026-04-13 00:23:46
BKG_002045,USR_001731,6193.63,,False,initial,2026-06-29 13:19:38
BKG_002046,USR_001732,8231.13,,False,initial,2026-03-29 20:47:58
BKG_002047,USR_001733,7954.25,,False,initial,2026-03-12 03:19:42
BKG_002048,USR_001733,10858.66,,False,initial,2026-05-31 07:55:41
BKG_002049,USR_001733,10116.83,,False,initial,2026-04-30 16:22:00
BKG_002050,USR_001733,3035.81,,False,initial,2026-06-02 15:06:23
BKG_002051,USR_001736,5226.35,,False,initial,2026-03-16 09:50:54
BKG_002052,USR_001737,7621.06,,False,initial,2026-06-26 21:02:57
BKG_002053,USR_001738,8714.33,,False,initial,2026-05-08 11:06:05
BKG_002054,USR_001739,4170.2,,False,initial,2026-06-02 01:33:17
BKG_002055,USR_001740,9785.7,,False,initial,2026-02-09 08:05:20
BKG_002056,USR_001742,11009.14,,False,initial,2026-06-29 07:53:52
BKG_002057,USR_001742,7030.19,,False,initial,2026-01-31 07:35:05
BKG_002058,USR_001743,11701.98,,False,initial,2026-03-14 11:50:05
BKG_002059,USR_001744,5750.57,,False,initial,2026-01-11 14:44:05
BKG_002060,USR_001745,3294.1,,False,initial,2026-03-18 16:20:46
BKG_002061,USR_001745,9178.25,,False,initial,2026-01-30 12:20:45
BKG_002062,USR_001749,10742.73,,False,initial,2026-01-14 16:03:49
BKG_002063,USR_001750,3636.44,10711.49,True,initial,2026-03-19 07:30:00
BKG_002064,USR_001752,10570.37,,False,initial,2026-01-30 01:40:03
BKG_002065,USR_001752,7609.97,,False,initial,2026-04-15 17:06:39
BKG_002066,USR_001752,2616.0,,False,initial,2026-03-25 15:59:50
BKG_002067,USR_001753,10217.92,,False,initial,2026-01-07 22:55:44
BKG_002068,USR_001753,5131.72,,False,initial,2026-02-07 18:26:57
BKG_002069,USR_001754,10025.2,,False,initial,2026-02-27 01:35:47
BKG_002070,USR_001755,6957.24,,False,initial,2026-02-24 02:36:36
BKG_002071,USR_001756,7370.25,,False,initial,2026-06-04 15:23:30
BKG_002072,USR_001756,5386.71,,False,initial,2026-01-15 11:46:43
BKG_002073,USR_001757,11123.96,,False,initial,2026-02-24 15:58:20
BKG_002074,USR_001758,8584.67,,False,initial,2026-01-15 03:03:53
BKG_002075,USR_001759,4050.33,,False,initial,2026-03-01 21:24:07
BKG_002076,USR_001759,5161.24,,False,initial,2026-04-02 00:59:06
BKG_002077,USR_001760,2818.08,,False,initial,2026-02-19 12:27:51
BKG_002078,USR_001760,8100.05,,False,initial,2026-01-12 10:03:15
BKG_002079,USR_001761,8295.2,,False,initial,2026-02-04 14:15:54
BKG_002080,USR_001762,11356.51,12938.26,True,initial,2026-02-05 04:38:07
BKG_002081,USR_001762,9543.25,,False,initial,2026-04-05 10:51:52
BKG_002082,USR_001762,8655.56,,False,initial,2026-02-21 06:29:11
BKG_002083,USR_001765,10250.2,,False,initial,2026-03-12 05:32:07
BKG_002084,USR_001766,10020.21,,False,initial,2026-05-20 07:41:44
BKG_002085,USR_001767,10638.51,,False,initial,2026-03-05 07:04:07
BKG_002086,USR_001767,8324.45,,False,initial,2026-03-05 06:03:11
BKG_002087,USR_001767,7454.89,,False,initial,2026-02-26 20:11:33
BKG_002088,USR_001768,10754.87,,False,initial,2026-05-26 11:42:41
BKG_002089,USR_001769,11939.36,,False,initial,2026-01-27 09:38:37
BKG_002090,USR_001769,11887.95,,False,initial,2026-03-14 11:49:24
BKG_002091,USR_001771,2575.06,,False,initial,2026-05-16 06:54:55
BKG_002092,USR_001773,11664.68,10710.03,True,initial,2026-06-06 14:36:50
BKG_002093,USR_001775,11536.09,,False,initial,2026-06-27 20:29:07
BKG_002094,USR_001776,9626.9,,False,initial,2026-04-11 06:33:00
BKG_002095,USR_001777,11172.7,,False,initial,2026-05-07 10:00:47
BKG_002096,USR_001778,8934.93,,False,initial,2026-01-07 17:24:13
BKG_002097,USR_001779,9187.91,,False,initial,2026-04-13 00:16:17
BKG_002098,USR_001779,4980.17,,False,initial,2026-03-22 09:42:39
BKG_002099,USR_001780,11939.01,,False,initial,2026-02-10 16:21:07
BKG_002100,USR_001780,8997.51,,False,initial,2026-06-15 18:44:44
BKG_002101,USR_001781,4177.48,,False,initial,2026-06-23 05:02:22
BKG_002102,USR_001782,4078.25,,False,initial,2026-04-19 00:16:50
BKG_002103,USR_001782,5437.11,,False,initial,2026-01-18 18:47:09
BKG_002104,USR_001783,9180.88,,False,initial,2026-01-12 03:16:34
BKG_002105,USR_001784,2729.67,,False,initial,2026-04-06 22:13:50
BKG_002106,USR_001784,5769.18,3710.8,True,initial,2026-01-23 14:53:24
BKG_002107,USR_001785,4642.27,,False,initial,2026-06-24 13:21:04
BKG_002108,USR_001787,7205.65,,False,initial,2026-01-15 12:50:24
BKG_002109,USR_001788,9053.99,,False,initial,2026-01-31 10:43:56
BKG_002110,USR_001788,3754.44,,False,initial,2026-06-22 08:04:26
BKG_002111,USR_001788,10845.62,,False,initial,2026-01-14 06:24:52
BKG_002112,USR_001789,10717.02,,False,initial,2026-01-15 11:56:46
BKG_002113,USR_001790,6441.3,,False,initial,2026-06-12 03:17:26
BKG_002114,USR_001790,7064.89,,False,initial,2026-02-16 09:32:59
BKG_002115,USR_001790,5335.22,7398.1,True,initial,2026-02-08 23:22:21
BKG_002116,USR_001790,2551.67,,False,initial,2026-05-13 09:12:14
BKG_002117,USR_001791,6190.85,,False,initial,2026-01-04 11:25:52
BKG_002118,USR_001791,9569.23,,False,initial,2026-01-05 03:34:45
BKG_002119,USR_001792,10911.27,,False,initial,2026-01-24 07:30:02
BKG_002120,USR_001793,5784.88,,False,initial,2026-05-09 13:05:06
BKG_002121,USR_001794,10369.85,,False,initial,2026-01-28 14:52:12
BKG_002122,USR_001795,3592.48,,False,initial,2026-05-11 19:56:30
BKG_002123,USR_001796,5873.74,,False,initial,2026-03-27 00:47:44
BKG_002124,USR_001796,5397.6,,False,initial,2026-04-19 17:57:33
BKG_002125,USR_001796,6421.9,,False,initial,2026-02-08 00:50:28
BKG_002126,USR_001797,8817.63,,False,initial,2026-06-02 02:56:32
BKG_002127,USR_001798,5948.55,6695.33,True,initial,2026-01-30 07:29:54
BKG_002128,USR_001799,11121.07,,False,initial,2026-02-09 06:28:18
BKG_002129,USR_001799,5834.46,,False,initial,2026-04-06 12:03:27
BKG_002130,USR_001800,2749.85,,False,initial,2026-04-18 16:29:20
BKG_002131,USR_001803,10886.48,,False,initial,2026-01-12 06:39:14
BKG_002132,USR_001803,7522.77,,False,initial,2026-06-21 00:28:00
BKG_002133,USR_001803,7598.86,,False,initial,2026-06-16 16:30:09
BKG_002134,USR_001804,4656.47,,False,initial,2026-03-07 19:27:45
BKG_002135,USR_001805,8025.92,,False,initial,2026-02-26 05:31:37
BKG_002136,USR_001805,8217.83,,False,initial,2026-05-06 14:04:49
BKG_002137,USR_001806,10085.57,,False,initial,2026-03-09 15:53:38
BKG_002138,USR_001806,6533.8,,False,initial,2026-04-02 10:41:01
BKG_002139,USR_001806,11503.82,8612.84,True,initial,2026-03-03 01:59:26
BKG_002140,USR_001807,11277.24,,False,initial,2026-05-12 08:26:12
BKG_002141,USR_001808,3927.97,,False,initial,2026-05-14 01:37:37
BKG_002142,USR_001809,6972.52,,False,initial,2026-04-09 11:22:39
BKG_002143,USR_001809,6693.65,,False,initial,2026-01-02 10:54:39
BKG_002144,USR_001810,3213.17,,False,initial,2026-02-11 18:21:11
BKG_002145,USR_001810,6882.03,14065.02,True,initial,2026-03-08 21:44:29
BKG_002146,USR_001811,10335.76,,False,initial,2026-03-28 11:21:30
BKG_002147,USR_001813,4698.24,,False,initial,2026-02-07 16:40:46
BKG_002148,USR_001813,3683.47,,False,initial,2026-05-04 17:28:43
BKG_002149,USR_001815,3123.22,,False,initial,2026-05-11 07:31:21
BKG_002150,USR_001816,3242.83,,False,initial,2026-05-15 11:38:52
BKG_002151,USR_001817,7440.93,,False,initial,2026-05-14 21:49:26
BKG_002152,USR_001817,8718.05,,False,initial,2026-01-02 08:38:12
BKG_002153,USR_001819,7803.52,,False,initial,2026-06-29 19:08:59
BKG_002154,USR_001820,3339.54,,False,initial,2026-06-24 09:38:25
BKG_002155,USR_001821,3968.13,,False,initial,2026-01-13 08:05:36
BKG_002156,USR_001822,2536.11,,False,initial,2026-04-27 02:25:22
BKG_002157,USR_001822,8216.5,,False,initial,2026-05-15 22:38:47
BKG_002158,USR_001824,4828.32,,False,initial,2026-06-02 20:51:18
BKG_002159,USR_001825,6164.3,,False,initial,2026-03-25 20:43:14
BKG_002160,USR_001826,4925.57,,False,initial,2026-01-17 10:38:29
BKG_002161,USR_001827,4265.29,,False,initial,2026-06-22 06:15:13
BKG_002162,USR_001828,8585.91,,False,initial,2026-01-26 05:59:10
BKG_002163,USR_001828,9839.75,,False,initial,2026-05-18 02:10:19
BKG_002164,USR_001829,7018.46,,False,initial,2026-05-16 13:27:34
BKG_002165,USR_001830,3200.25,,False,initial,2026-03-12 08:20:06
BKG_002166,USR_001831,2856.55,,False,initial,2026-06-06 06:28:53
BKG_002167,USR_001831,11867.9,,False,initial,2026-01-26 08:31:59
BKG_002168,USR_001831,11174.82,,False,initial,2026-06-07 16:36:01
BKG_002169,USR_001831,2524.26,,False,initial,2026-05-28 09:41:28
BKG_002170,USR_001832,11220.45,,False,initial,2026-04-17 14:44:59
BKG_002171,USR_001833,5910.17,,False,initial,2026-02-10 05:01:18
BKG_002172,USR_001835,11317.03,,False,initial,2026-03-07 13:00:23
BKG_002173,USR_001836,2698.05,,False,initial,2026-03-21 05:52:43
BKG_002174,USR_001836,5286.84,,False,initial,2026-05-15 13:37:36
BKG_002175,USR_001837,5049.06,,False,initial,2026-03-05 17:43:47
BKG_002176,USR_001837,8089.66,,False,initial,2026-02-05 02:28:44
BKG_002177,USR_001837,7381.99,,False,initial,2026-03-15 06:05:26
BKG_002178,USR_001837,11407.93,,False,initial,2026-05-28 03:52:47
BKG_002179,USR_001838,5295.91,,False,initial,2026-06-18 07:07:00
BKG_002180,USR_001839,11237.11,,False,initial,2026-01-14 15:09:50
BKG_002181,USR_001839,8649.83,,False,initial,2026-01-12 03:50:31
BKG_002182,USR_001840,9562.13,,False,initial,2026-01-20 05:58:35
BKG_002183,USR_001841,10186.05,,False,initial,2026-03-16 09:18:04
BKG_002184,USR_001842,11070.49,,False,initial,2026-04-28 10:58:55
BKG_002185,USR_001843,6175.38,5869.2,True,initial,2026-06-29 18:48:43
BKG_002186,USR_001844,11875.57,,False,initial,2026-03-24 19:32:28
BKG_002187,USR_001846,7826.84,,False,initial,2026-02-24 04:00:35
BKG_002188,USR_001848,11435.97,2887.38,True,initial,2026-01-18 13:34:30
BKG_002189,USR_001848,7581.94,,False,initial,2026-03-03 00:29:37
BKG_002190,USR_001850,9888.21,,False,initial,2026-03-29 18:16:27
BKG_002191,USR_001851,10057.54,,False,initial,2026-03-20 07:48:20
BKG_002192,USR_001852,6322.8,,False,initial,2026-01-24 04:53:05
BKG_002193,USR_001853,9155.99,,False,initial,2026-02-19 20:36:35
BKG_002194,USR_001854,10655.68,,False,initial,2026-06-28 05:59:03
BKG_002195,USR_001854,11310.18,,False,initial,2026-03-04 09:51:45
BKG_002196,USR_001855,2638.52,,False,initial,2026-06-20 05:30:25
BKG_002197,USR_001856,10234.64,,False,initial,2026-03-05 12:40:58
BKG_002198,USR_001857,6240.51,,False,initial,2026-06-11 00:00:24
BKG_002199,USR_001859,10933.57,,False,initial,2026-06-27 11:52:17
BKG_002200,USR_001859,6009.82,,False,initial,2026-05-10 19:13:40
BKG_002201,USR_001860,9200.93,,False,initial,2026-02-03 17:07:48
BKG_002202,USR_001862,9088.86,,False,initial,2026-05-19 21:05:23
BKG_002203,USR_001864,7278.41,,False,initial,2026-03-06 16:41:25
BKG_002204,USR_001866,3532.17,,False,initial,2026-03-03 05:41:18
BKG_002205,USR_001867,5078.92,,False,initial,2026-05-05 03:15:52
BKG_002206,USR_001867,3520.93,,False,initial,2026-06-11 22:50:28
BKG_002207,USR_001869,11483.14,,False,initial,2026-03-08 11:34:35
BKG_002208,USR_001871,7293.55,6918.62,True,initial,2026-04-26 10:08:52
BKG_002209,USR_001871,7081.82,,False,initial,2026-03-28 09:52:37
BKG_002210,USR_001872,8496.04,,False,initial,2026-06-11 06:14:14
BKG_002211,USR_001872,10756.51,,False,initial,2026-04-25 07:10:13
BKG_002212,USR_001874,8813.04,,False,initial,2026-04-14 18:13:29
BKG_002213,USR_001876,2893.62,6223.4,True,initial,2026-02-10 10:36:57
BKG_002214,USR_001876,3647.53,,False,initial,2026-06-01 06:51:19
BKG_002215,USR_001877,10985.47,,False,initial,2026-04-05 20:02:48
BKG_002216,USR_001877,5792.39,,False,initial,2026-01-17 01:04:50
BKG_002217,USR_001877,3510.77,,False,initial,2026-03-28 00:38:43
BKG_002218,USR_001878,5640.03,14864.63,True,initial,2026-06-23 19:30:18
BKG_002219,USR_001879,3416.02,,False,initial,2026-05-19 03:20:38
BKG_002220,USR_001881,7519.45,,False,initial,2026-02-24 13:08:40
BKG_002221,USR_001882,4943.53,10258.17,True,initial,2026-02-01 23:16:13
BKG_002222,USR_001882,6917.03,,False,initial,2026-06-11 12:27:55
BKG_002223,USR_001882,10920.8,,False,initial,2026-06-18 22:19:22
BKG_002224,USR_001884,4563.52,,False,initial,2026-05-20 01:48:07
BKG_002225,USR_001884,2747.38,,False,initial,2026-01-09 08:47:01
BKG_002226,USR_001884,4422.05,,False,initial,2026-03-31 22:10:36
BKG_002227,USR_001886,3000.63,,False,initial,2026-01-28 02:27:30
BKG_002228,USR_001888,9831.84,,False,initial,2026-02-20 03:54:43
BKG_002229,USR_001888,8973.47,,False,initial,2026-04-08 12:30:14
BKG_002230,USR_001889,7864.33,,False,initial,2026-06-29 03:44:30
BKG_002231,USR_001890,6794.0,2582.13,True,initial,2026-02-15 06:06:40
BKG_002232,USR_001890,6563.45,,False,initial,2026-03-18 17:05:11
BKG_002233,USR_001891,2823.06,,False,initial,2026-06-12 02:06:32
BKG_002234,USR_001892,8949.41,,False,initial,2026-05-08 12:04:04
BKG_002235,USR_001892,3837.92,,False,initial,2026-06-04 14:14:49
BKG_002236,USR_001894,4685.99,,False,initial,2026-05-20 09:12:26
BKG_002237,USR_001895,2753.77,,False,initial,2026-06-08 12:52:19
BKG_002238,USR_001895,6370.42,,False,initial,2026-04-22 19:09:59
BKG_002239,USR_001896,5201.56,,False,initial,2026-04-13 10:32:21
BKG_002240,USR_001897,8363.72,,False,initial,2026-06-25 04:31:52
BKG_002241,USR_001898,2729.72,,False,initial,2026-02-28 13:13:30
BKG_002242,USR_001899,5810.27,,False,initial,2026-05-04 23:30:31
BKG_002243,USR_001899,6236.82,,False,initial,2026-04-13 04:52:57
BKG_002244,USR_001902,3132.04,,False,initial,2026-03-19 20:46:40
BKG_002245,USR_001903,2567.5,,False,initial,2026-03-31 14:47:47
BKG_002246,USR_001904,7417.74,,False,initial,2026-06-06 10:42:33
BKG_002247,USR_001905,8263.15,,False,initial,2026-04-16 23:16:32
BKG_002248,USR_001907,10170.41,,False,initial,2026-03-02 01:24:10
BKG_002249,USR_001907,10711.5,,False,initial,2026-01-20 04:31:19
BKG_002250,USR_001907,5176.44,,False,initial,2026-04-21 08:22:32
BKG_002251,USR_001908,6159.17,,False,initial,2026-05-18 21:27:02
BKG_002252,USR_001908,2633.09,,False,initial,2026-04-08 11:42:54
BKG_002253,USR_001908,10691.03,,False,initial,2026-04-13 04:18:14
BKG_002254,USR_001908,6913.54,,False,initial,2026-02-20 18:50:39
BKG_002255,USR_001909,5542.34,4730.25,True,initial,2026-01-25 15:04:17
BKG_002256,USR_001910,2565.81,,False,initial,2026-01-03 14:36:53
BKG_002257,USR_001912,3083.43,13233.8,True,initial,2026-05-23 23:09:13
BKG_002258,USR_001913,6095.39,,False,initial,2026-05-29 06:59:10
BKG_002259,USR_001914,10402.3,,False,initial,2026-01-12 13:45:57
BKG_002260,USR_001915,9183.14,,False,initial,2026-03-01 20:56:56
BKG_002261,USR_001916,11431.39,,False,initial,2026-05-08 04:53:42
BKG_002262,USR_001917,3275.62,,False,initial,2026-05-07 03:16:53
BKG_002263,USR_001918,11816.72,,False,initial,2026-04-18 19:03:46
BKG_002264,USR_001919,5110.97,,False,initial,2026-06-16 16:11:50
BKG_002265,USR_001919,7376.57,,False,initial,2026-01-16 17:15:54
BKG_002266,USR_001920,7749.96,,False,initial,2026-04-11 05:30:50
BKG_002267,USR_001921,5209.63,,False,initial,2026-06-10 20:26:44
BKG_002268,USR_001922,2513.64,,False,initial,2026-06-19 13:57:33
BKG_002269,USR_001922,9954.86,,False,initial,2026-03-07 22:21:01
BKG_002270,USR_001922,5428.52,,False,initial,2026-05-12 17:46:54
BKG_002271,USR_001924,6674.96,,False,initial,2026-04-14 10:47:00
BKG_002272,USR_001924,5420.25,,False,initial,2026-01-19 08:53:26
BKG_002273,USR_001926,7795.76,,False,initial,2026-06-14 21:00:07
BKG_002274,USR_001926,8749.5,,False,initial,2026-03-16 14:43:47
BKG_002275,USR_001926,5735.43,,False,initial,2026-03-02 04:25:41
BKG_002276,USR_001928,4514.08,,False,initial,2026-03-30 09:24:08
BKG_002277,USR_001929,10627.3,,False,initial,2026-01-08 20:45:48
BKG_002278,USR_001930,4838.43,,False,initial,2026-04-30 19:03:05
BKG_002279,USR_001931,10677.16,,False,initial,2026-01-30 11:36:11
BKG_002280,USR_001931,6968.12,,False,initial,2026-04-11 22:42:31
BKG_002281,USR_001932,10149.15,,False,initial,2026-03-17 20:02:43
BKG_002282,USR_001932,11099.29,,False,initial,2026-03-03 10:46:03
BKG_002283,USR_001933,3774.56,,False,initial,2026-04-20 14:22:30
BKG_002284,USR_001935,8583.64,,False,initial,2026-02-28 15:45:22
BKG_002285,USR_001935,5811.26,,False,initial,2026-03-22 18:00:04
BKG_002286,USR_001936,4176.19,,False,initial,2026-01-22 04:58:14
BKG_002287,USR_001937,6914.38,,False,initial,2026-02-24 23:10:49
BKG_002288,USR_001939,2858.43,,False,initial,2026-02-10 10:09:46
BKG_002289,USR_001939,11497.53,,False,initial,2026-02-03 05:30:30
BKG_002290,USR_001940,7591.85,,False,initial,2026-01-19 12:37:13
BKG_002291,USR_001940,10833.84,,False,initial,2026-02-02 22:12:52
BKG_002292,USR_001941,2989.29,,False,initial,2026-02-13 20:17:33
BKG_002293,USR_001942,8105.63,,False,initial,2026-06-04 07:59:38
BKG_002294,USR_001943,9307.42,,False,initial,2026-05-30 13:38:03
BKG_002295,USR_001944,2509.21,,False,initial,2026-01-01 15:52:09
BKG_002296,USR_001945,8954.37,,False,initial,2026-01-02 23:16:38
BKG_002297,USR_001946,4056.15,,False,initial,2026-05-29 15:01:29
BKG_002298,USR_001946,10740.33,,False,initial,2026-02-02 20:57:58
BKG_002299,USR_001947,10528.75,,False,initial,2026-01-20 13:39:10
BKG_002300,USR_001948,5060.91,,False,initial,2026-01-30 22:02:40
BKG_002301,USR_001948,4778.65,4358.29,True,initial,2026-05-20 00:09:25
BKG_002302,USR_001948,5015.19,,False,initial,2026-01-11 20:02:02
BKG_002303,USR_001949,8239.58,,False,initial,2026-01-12 22:23:49
BKG_002304,USR_001950,2502.54,,False,initial,2026-04-26 18:15:22
BKG_002305,USR_001951,9352.55,,False,initial,2026-04-27 00:24:17
BKG_002306,USR_001952,10717.1,,False,initial,2026-03-25 09:17:02
BKG_002307,USR_001952,6605.68,,False,initial,2026-02-07 23:18:51
BKG_002308,USR_001953,8975.52,,False,initial,2026-05-20 23:27:03
BKG_002309,USR_001955,7965.18,,False,initial,2026-02-03 08:54:22
BKG_002310,USR_001956,4367.85,,False,initial,2026-06-19 19:42:11
BKG_002311,USR_001957,4468.62,,False,initial,2026-02-24 01:25:00
BKG_002312,USR_001957,9743.22,9741.32,True,initial,2026-04-12 10:33:15
BKG_002313,USR_001958,4097.78,,False,initial,2026-03-26 15:05:24
BKG_002314,USR_001959,6851.71,,False,initial,2026-02-22 05:34:30
BKG_002315,USR_001959,10976.95,,False,initial,2026-06-17 21:20:23
BKG_002316,USR_001961,6734.13,,False,initial,2026-03-10 23:13:24
BKG_002317,USR_001962,10502.7,,False,initial,2026-04-21 09:22:55
BKG_002318,USR_001963,11891.17,,False,initial,2026-03-25 13:14:46
BKG_002319,USR_001964,5683.92,,False,initial,2026-01-12 09:38:48
BKG_002320,USR_001965,4052.61,,False,initial,2026-03-21 21:00:09
BKG_002321,USR_001965,5259.48,,False,initial,2026-06-17 00:06:11
BKG_002322,USR_001965,7479.91,,False,initial,2026-02-01 17:47:10
BKG_002323,USR_001966,8257.01,,False,initial,2026-05-23 02:31:26
BKG_002324,USR_001966,5154.92,,False,initial,2026-02-27 17:55:12
BKG_002325,USR_001967,9453.67,,False,initial,2026-06-10 12:46:23
BKG_002326,USR_001968,3060.46,3001.26,True,initial,2026-01-06 23:40:04
BKG_002327,USR_001969,7721.53,,False,initial,2026-05-14 01:10:05
BKG_002328,USR_001969,7462.67,,False,initial,2026-01-08 13:46:19
BKG_002329,USR_001969,7004.23,,False,initial,2026-03-09 02:48:27
BKG_002330,USR_001970,10537.66,,False,initial,2026-04-15 20:30:14
BKG_002331,USR_001971,11560.88,,False,initial,2026-05-26 22:17:59
BKG_002332,USR_001972,7243.0,,False,initial,2026-02-06 06:40:03
BKG_002333,USR_001972,5356.09,,False,initial,2026-01-15 11:03:38
BKG_002334,USR_001972,10219.38,,False,initial,2026-01-04 21:30:38
BKG_002335,USR_001976,9463.33,,False,initial,2026-06-03 16:24:24
BKG_002336,USR_001977,3912.17,,False,initial,2026-04-25 19:21:28
BKG_002337,USR_001978,10478.55,,False,initial,2026-05-06 05:19:14
BKG_002338,USR_001979,4295.74,,False,initial,2026-01-08 07:21:55
BKG_002339,USR_001979,2609.94,,False,initial,2026-05-23 21:58:17
BKG_002340,USR_001980,4314.46,,False,initial,2026-05-15 05:19:57
BKG_002341,USR_001981,8607.85,,False,initial,2026-03-11 00:56:13
BKG_002342,USR_001981,8621.91,,False,initial,2026-01-04 03:40:17
BKG_002343,USR_001981,11786.74,,False,initial,2026-06-19 16:55:16
BKG_002344,USR_001982,6215.26,,False,initial,2026-01-04 21:14:44
BKG_002345,USR_001983,8661.75,,False,initial,2026-03-17 22:40:41
BKG_002346,USR_001984,2955.58,,False,initial,2026-06-28 22:37:20
BKG_002347,USR_001985,3125.41,,False,initial,2026-03-02 12:49:53
BKG_002348,USR_001986,6682.07,,False,initial,2026-01-03 12:13:32
BKG_002349,USR_001987,8294.18,,False,initial,2026-01-23 20:41:31
BKG_002350,USR_001988,6669.42,,False,initial,2026-06-12 15:50:49
BKG_002351,USR_001989,5866.95,,False,initial,2026-05-15 14:40:48
BKG_002352,USR_001990,6983.83,,False,initial,2026-04-24 06:34:51
BKG_002353,USR_001991,4122.41,,False,initial,2026-01-15 14:08:33
BKG_002354,USR_001992,10120.93,,False,initial,2026-01-09 16:57:09
BKG_002355,USR_001993,3580.82,,False,initial,2026-01-19 19:50:34
BKG_002356,USR_001994,9948.73,,False,initial,2026-01-17 09:33:53
BKG_002357,USR_001995,11859.31,,False,initial,2026-05-11 09:13:16
BKG_002358,USR_001996,4109.05,,False,initial,2026-06-21 04:30:05
BKG_002359,USR_001996,8054.89,,False,initial,2026-03-16 02:35:17
BKG_002360,USR_001997,10573.2,,False,initial,2026-05-18 08:36:47
BKG_002361,USR_001998,5384.78,,False,initial,2026-04-14 08:53:32
BKG_002362,USR_001998,8394.56,,False,initial,2026-02-13 11:37:07
BKG_002363,USR_001998,3494.53,,False,initial,2026-06-14 05:38:08
BKG_002364,USR_001998,7603.59,,False,initial,2026-05-19 22:09:47
BKG_002365,USR_001999,10000.18,,False,initial,2026-01-31 12:19:54
BKG_002366,USR_001999,7269.35,,False,initial,2026-04-29 04:22:57
BKG_002367,USR_002000,4880.16,10482.72,True,initial,2026-03-02 07:20:31
BKG_002368,USR_002001,7506.55,,False,initial,2026-05-08 23:43:04
BKG_002369,USR_002003,10061.32,,False,initial,2026-03-08 21:57:05
BKG_002370,USR_002003,11164.26,,False,initial,2026-05-17 23:57:16
BKG_002371,USR_002004,4393.37,,False,initial,2026-04-28 17:25:55
BKG_002372,USR_002005,4612.55,13052.0,True,initial,2026-04-12 03:51:32
BKG_002373,USR_002006,10656.97,,False,initial,2026-01-07 17:39:29
BKG_002374,USR_002007,10394.26,,False,initial,2026-03-17 13:20:34
BKG_002375,USR_002008,11627.03,,False,initial,2026-01-30 02:41:49
BKG_002376,USR_002008,9573.51,,False,initial,2026-02-21 08:49:06
BKG_002377,USR_002009,8862.14,,False,initial,2026-01-12 17:00:38
BKG_002378,USR_002009,8927.73,12375.89,True,initial,2026-05-29 17:43:15
BKG_002379,USR_002010,4631.91,,False,initial,2026-03-28 15:24:09
BKG_002380,USR_002011,9905.78,,False,initial,2026-04-02 11:36:44
BKG_002381,USR_002011,11174.32,,False,initial,2026-04-14 06:17:46
BKG_002382,USR_002012,10632.36,,False,initial,2026-04-10 01:54:03
BKG_002383,USR_002012,5901.48,,False,initial,2026-02-20 21:24:32
BKG_002384,USR_002013,10430.8,,False,initial,2026-05-16 14:53:15
BKG_002385,USR_002014,4634.75,,False,initial,2026-06-19 01:41:46
BKG_002386,USR_002016,5364.66,,False,initial,2026-03-03 18:09:52
BKG_002387,USR_002017,6305.4,,False,initial,2026-04-13 00:00:47
BKG_002388,USR_002018,5743.08,,False,initial,2026-02-03 19:46:35
BKG_002389,USR_002019,4376.14,,False,initial,2026-01-13 15:18:04
BKG_002390,USR_002021,4111.35,,False,initial,2026-06-13 19:20:02
BKG_002391,USR_002021,4136.78,,False,initial,2026-05-26 00:33:28
BKG_002392,USR_002022,6679.62,,False,initial,2026-04-08 12:56:38
BKG_002393,USR_002022,8292.0,,False,initial,2026-05-14 10:01:16
BKG_002394,USR_002028,11066.56,6221.7,True,initial,2026-03-29 13:57:52
BKG_002395,USR_002028,4024.71,,False,initial,2026-03-12 01:34:26
BKG_002396,USR_002028,10566.21,,False,initial,2026-02-28 06:10:55
BKG_002397,USR_002029,7742.66,,False,initial,2026-05-27 22:25:47
BKG_002398,USR_002029,9963.22,,False,initial,2026-02-06 05:59:03
BKG_002399,USR_002029,8510.71,,False,initial,2026-06-19 21:19:12
BKG_002400,USR_002030,9947.86,,False,initial,2026-05-10 22:30:00
BKG_002401,USR_002030,3835.74,,False,initial,2026-04-20 15:17:02
BKG_002402,USR_002031,8601.81,,False,initial,2026-02-27 05:05:46
BKG_002403,USR_002031,7275.08,,False,initial,2026-06-03 17:40:36
BKG_002404,USR_002031,8081.47,,False,initial,2026-01-27 02:33:12
BKG_002405,USR_002032,7447.7,,False,initial,2026-01-08 10:15:39
BKG_002406,USR_002033,6454.73,,False,initial,2026-05-17 02:07:28
BKG_002407,USR_002034,7990.29,,False,initial,2026-04-06 20:39:41
BKG_002408,USR_002034,4731.96,,False,initial,2026-05-28 07:28:39
BKG_002409,USR_002037,11852.43,12387.83,True,initial,2026-01-25 12:09:45
BKG_002410,USR_002039,9688.83,,False,initial,2026-03-20 13:40:34
BKG_002411,USR_002040,4727.24,,False,initial,2026-06-01 19:25:30
BKG_002412,USR_002040,3974.15,,False,initial,2026-05-06 01:35:32
BKG_002413,USR_002041,4981.03,,False,initial,2026-06-27 11:17:34
BKG_002414,USR_002041,5602.34,,False,initial,2026-02-06 17:42:03
BKG_002415,USR_002041,6979.18,11894.04,True,initial,2026-06-27 01:10:03
BKG_002416,USR_002041,4449.9,,False,initial,2026-01-30 19:24:58
BKG_002417,USR_002044,7195.53,,False,initial,2026-01-03 18:38:43
BKG_002418,USR_002045,8979.18,,False,initial,2026-01-08 05:40:00
BKG_002419,USR_002046,3888.02,,False,initial,2026-04-09 08:20:54
BKG_002420,USR_002046,3081.83,,False,initial,2026-06-13 11:50:24
BKG_002421,USR_002047,10905.8,,False,initial,2026-01-12 09:17:30
BKG_002422,USR_002047,10227.0,,False,initial,2026-03-01 19:39:07
BKG_002423,USR_002048,5703.97,,False,initial,2026-01-15 23:18:18
BKG_002424,USR_002050,4164.55,,False,initial,2026-04-17 11:48:24
BKG_002425,USR_002051,5756.02,,False,initial,2026-05-26 15:24:57
BKG_002426,USR_002051,4037.2,,False,initial,2026-04-30 04:39:01
BKG_002427,USR_002052,2749.65,,False,initial,2026-03-26 16:06:31
BKG_002428,USR_002052,10410.44,,False,initial,2026-04-08 11:20:20
BKG_002429,USR_002053,8133.08,,False,initial,2026-01-16 11:18:45
BKG_002430,USR_002054,3718.04,,False,initial,2026-06-03 10:17:27
BKG_002431,USR_002054,2713.7,,False,initial,2026-03-01 08:01:55
BKG_002432,USR_002056,11881.61,,False,initial,2026-05-31 11:47:56
BKG_002433,USR_002058,2644.48,,False,initial,2026-01-27 15:32:00
BKG_002434,USR_002058,8600.84,,False,initial,2026-01-22 23:41:00
BKG_002435,USR_002059,6560.51,,False,initial,2026-05-09 21:47:19
BKG_002436,USR_002060,9110.4,,False,initial,2026-04-20 10:03:47
BKG_002437,USR_002061,7307.28,,False,initial,2026-06-02 16:44:32
BKG_002438,USR_002061,8532.48,,False,initial,2026-01-08 19:03:27
BKG_002439,USR_002063,10177.87,,False,initial,2026-03-13 17:34:30
BKG_002440,USR_002065,11156.55,,False,initial,2026-03-25 18:47:47
BKG_002441,USR_002065,10022.17,,False,initial,2026-03-22 06:26:59
BKG_002442,USR_002065,11389.92,,False,initial,2026-01-23 21:06:25
BKG_002443,USR_002065,5719.72,,False,initial,2026-04-11 04:06:39
BKG_002444,USR_002066,3141.24,,False,initial,2026-03-31 15:46:52
BKG_002445,USR_002067,4114.86,,False,initial,2026-06-14 02:35:51
BKG_002446,USR_002067,7617.96,,False,initial,2026-03-01 14:31:37
BKG_002447,USR_002067,5310.55,,False,initial,2026-03-19 03:45:23
BKG_002448,USR_002067,6896.72,,False,initial,2026-03-28 12:05:01
BKG_002449,USR_002069,8173.14,,False,initial,2026-02-11 12:06:16
BKG_002450,USR_002070,3491.13,8384.45,True,initial,2026-05-03 12:31:57
BKG_002451,USR_002071,4954.16,,False,initial,2026-04-25 03:24:59
BKG_002452,USR_002071,7231.64,,False,initial,2026-03-13 05:24:44
BKG_002453,USR_002071,9713.34,,False,initial,2026-02-26 01:44:19
BKG_002454,USR_002071,2987.24,,False,initial,2026-05-26 10:12:06
BKG_002455,USR_002073,2947.44,,False,initial,2026-03-30 20:59:51
BKG_002456,USR_002075,10989.07,,False,initial,2026-03-08 12:32:56
BKG_002457,USR_002076,2815.28,,False,initial,2026-02-22 22:27:02
BKG_002458,USR_002076,11483.04,,False,initial,2026-04-21 15:33:15
BKG_002459,USR_002077,10960.45,,False,initial,2026-03-12 10:09:55
BKG_002460,USR_002078,5069.59,,False,initial,2026-03-07 12:16:30
BKG_002461,USR_002081,3621.8,,False,initial,2026-05-15 04:22:29
BKG_002462,USR_002082,5959.04,,False,initial,2026-02-10 03:14:07
BKG_002463,USR_002083,5148.03,,False,initial,2026-03-19 04:55:16
BKG_002464,USR_002083,8062.65,,False,initial,2026-01-22 07:28:48
BKG_002465,USR_002083,3235.29,,False,initial,2026-02-08 03:33:58
BKG_002466,USR_002084,5003.61,,False,initial,2026-06-11 01:17:32
BKG_002467,USR_002087,4757.8,,False,initial,2026-05-09 05:09:02
BKG_002468,USR_002088,8896.23,,False,initial,2026-06-19 09:51:36
BKG_002469,USR_002089,10066.9,,False,initial,2026-01-14 20:42:04
BKG_002470,USR_002089,10863.21,,False,initial,2026-04-23 23:15:40
BKG_002471,USR_002091,5840.99,,False,initial,2026-02-24 21:33:13
BKG_002472,USR_002092,4766.53,,False,initial,2026-03-20 19:31:22
BKG_002473,USR_002093,5168.68,,False,initial,2026-02-06 04:59:36
BKG_002474,USR_002094,5016.21,,False,initial,2026-05-01 03:58:44
BKG_002475,USR_002094,8493.17,,False,initial,2026-05-13 11:42:07
BKG_002476,USR_002095,11428.94,,False,initial,2026-03-05 15:48:29
BKG_002477,USR_002096,8100.48,,False,initial,2026-01-17 14:31:48
BKG_002478,USR_002097,6657.12,14940.97,True,initial,2026-05-26 21:01:00
BKG_002479,USR_002097,4709.41,,False,initial,2026-06-01 00:50:22
BKG_002480,USR_002098,2976.75,,False,initial,2026-05-17 16:01:15
BKG_002481,USR_002100,6509.79,,False,initial,2026-06-26 05:57:18
BKG_002482,USR_002102,8593.38,,False,initial,2026-04-23 20:21:35
BKG_002483,USR_002104,6808.01,,False,initial,2026-05-13 02:06:59
BKG_002484,USR_002104,6610.0,,False,initial,2026-02-07 13:16:58
BKG_002485,USR_002106,11982.79,,False,initial,2026-05-24 05:05:00
BKG_002486,USR_002107,10930.0,,False,initial,2026-04-22 08:30:39
BKG_002487,USR_002107,3636.59,,False,initial,2026-02-18 22:21:59
BKG_002488,USR_002108,10195.79,,False,initial,2026-05-29 08:34:56
BKG_002489,USR_002108,5603.3,,False,initial,2026-06-04 04:44:53
BKG_002490,USR_002109,7002.57,,False,initial,2026-02-04 07:40:49
BKG_002491,USR_002110,11854.68,,False,initial,2026-03-03 00:01:07
BKG_002492,USR_002111,9717.15,,False,initial,2026-02-13 17:37:54
BKG_002493,USR_002111,5574.64,,False,initial,2026-02-20 17:40:33
BKG_002494,USR_002112,8122.74,11572.9,True,initial,2026-06-05 12:30:20
BKG_002495,USR_002113,8905.67,,False,initial,2026-04-18 00:24:28
BKG_002496,USR_002115,5561.31,,False,initial,2026-04-10 20:49:09
BKG_002497,USR_002115,6435.6,,False,initial,2026-05-22 16:47:11
BKG_002498,USR_002116,8978.55,,False,initial,2026-06-14 19:37:31
BKG_002499,USR_002116,11650.97,,False,initial,2026-04-05 00:26:06
BKG_002500,USR_002117,3834.05,,False,initial,2026-02-03 19:51:12
BKG_002501,USR_002117,4112.18,,False,initial,2026-04-26 08:59:06
BKG_002502,USR_002117,9057.37,,False,initial,2026-02-07 23:03:25
BKG_002503,USR_002118,4974.72,,False,initial,2026-06-21 13:41:31
BKG_002504,USR_002119,7029.28,,False,initial,2026-03-26 09:17:48
BKG_002505,USR_002119,8356.87,,False,initial,2026-02-24 15:32:49
BKG_002506,USR_002119,4267.41,3948.58,True,initial,2026-03-18 04:53:48
BKG_002507,USR_002121,6388.29,,False,initial,2026-03-11 17:06:48
BKG_002508,USR_002122,4652.53,,False,initial,2026-04-10 09:40:36
BKG_002509,USR_002124,7274.25,,False,initial,2026-05-28 02:02:48
BKG_002510,USR_002125,7444.84,,False,initial,2026-04-28 20:41:08
BKG_002511,USR_002125,9195.73,5791.36,True,initial,2026-03-05 04:23:21
BKG_002512,USR_002126,6894.81,,False,initial,2026-03-11 04:39:11
BKG_002513,USR_002126,11510.53,,False,initial,2026-03-17 14:49:26
BKG_002514,USR_002126,5997.71,,False,initial,2026-03-13 21:03:06
BKG_002515,USR_002127,3230.72,,False,initial,2026-06-05 08:10:36
BKG_002516,USR_002129,7377.05,,False,initial,2026-06-06 06:43:16
BKG_002517,USR_002130,2925.24,,False,initial,2026-01-28 01:04:28
BKG_002518,USR_002131,5776.85,,False,initial,2026-04-30 19:30:54
BKG_002519,USR_002132,10321.76,,False,initial,2026-02-26 21:40:05
BKG_002520,USR_002133,5298.59,,False,initial,2026-03-08 13:05:47
BKG_002521,USR_002133,4412.79,,False,initial,2026-02-10 11:50:51
BKG_002522,USR_002136,10107.98,,False,initial,2026-01-09 06:17:02
BKG_002523,USR_002137,7668.26,,False,initial,2026-01-14 00:40:33
BKG_002524,USR_002139,11083.42,,False,initial,2026-03-11 02:47:45
BKG_002525,USR_002139,4044.14,,False,initial,2026-04-28 15:25:43
BKG_002526,USR_002140,8519.92,,False,initial,2026-05-09 21:03:26
BKG_002527,USR_002140,9787.5,,False,initial,2026-05-01 23:57:39
BKG_002528,USR_002140,2733.31,,False,initial,2026-01-27 21:33:33
BKG_002529,USR_002141,11506.34,,False,initial,2026-04-04 09:14:46
BKG_002530,USR_002141,7704.5,,False,initial,2026-05-15 10:37:00
BKG_002531,USR_002142,8946.26,,False,initial,2026-05-24 12:40:23
BKG_002532,USR_002142,10086.11,12795.36,True,initial,2026-02-28 19:07:21
BKG_002533,USR_002143,5771.76,,False,initial,2026-05-12 18:34:38
BKG_002534,USR_002144,9065.8,,False,initial,2026-06-24 03:54:15
BKG_002535,USR_002147,4474.56,,False,initial,2026-01-23 05:36:11
BKG_002536,USR_002147,3621.76,,False,initial,2026-01-05 11:55:07
BKG_002537,USR_002147,7836.31,,False,initial,2026-02-01 21:44:42
BKG_002538,USR_002148,10810.69,,False,initial,2026-03-19 06:03:06
BKG_002539,USR_002149,5814.08,,False,initial,2026-02-27 23:40:04
BKG_002540,USR_002150,11037.21,,False,initial,2026-02-26 17:42:23
BKG_002541,USR_002153,10789.53,,False,initial,2026-01-13 23:05:26
BKG_002542,USR_002153,9042.1,7590.4,True,initial,2026-03-24 11:58:02
BKG_002543,USR_002153,9748.74,,False,initial,2026-01-02 07:46:17
BKG_002544,USR_002155,11585.19,,False,initial,2026-02-03 22:02:00
BKG_002545,USR_002155,3749.76,,False,initial,2026-01-19 15:20:17
BKG_002546,USR_002156,11026.88,,False,initial,2026-03-05 20:48:51
BKG_002547,USR_002157,3859.95,,False,initial,2026-06-13 18:37:57
BKG_002548,USR_002157,7217.13,,False,initial,2026-04-17 20:00:57
BKG_002549,USR_002158,6524.49,,False,initial,2026-04-22 16:44:58
BKG_002550,USR_002160,11048.77,,False,initial,2026-05-11 00:29:01
BKG_002551,USR_002161,9302.81,4536.37,True,initial,2026-03-12 08:03:57
BKG_002552,USR_002161,2830.88,,False,initial,2026-06-20 04:59:28
BKG_002553,USR_002164,11127.79,,False,initial,2026-06-10 20:46:09
BKG_002554,USR_002164,6108.83,,False,initial,2026-03-24 07:19:22
BKG_002555,USR_002165,10918.87,,False,initial,2026-04-25 04:21:37
BKG_002556,USR_002166,2757.69,,False,initial,2026-04-07 13:56:49
BKG_002557,USR_002166,4452.2,,False,initial,2026-05-02 04:12:54
BKG_002558,USR_002167,8126.44,,False,initial,2026-02-20 18:32:51
BKG_002559,USR_002169,8296.0,,False,initial,2026-06-19 02:18:24
BKG_002560,USR_002169,2618.29,,False,initial,2026-06-20 09:26:20
BKG_002561,USR_002170,9714.89,,False,initial,2026-05-28 07:12:12
BKG_002562,USR_002171,7391.62,,False,initial,2026-02-05 04:17:04
BKG_002563,USR_002172,4058.59,,False,initial,2026-04-25 19:40:36
BKG_002564,USR_002173,7197.03,,False,initial,2026-01-19 22:39:12
BKG_002565,USR_002174,7952.75,,False,initial,2026-02-10 17:13:56
BKG_002566,USR_002174,9720.56,,False,initial,2026-03-06 11:58:05
BKG_002567,USR_002176,11554.15,,False,initial,2026-05-14 18:55:03
BKG_002568,USR_002176,10477.81,,False,initial,2026-01-02 16:52:20
BKG_002569,USR_002179,5881.73,,False,initial,2026-06-21 06:17:35
BKG_002570,USR_002179,7150.21,,False,initial,2026-05-10 20:23:31
BKG_002571,USR_002180,9522.81,,False,initial,2026-06-19 12:50:10
BKG_002572,USR_002182,4626.19,,False,initial,2026-06-23 19:35:06
BKG_002573,USR_002182,9609.84,,False,initial,2026-03-26 20:17:37
BKG_002574,USR_002183,11180.67,,False,initial,2026-05-12 13:20:43
BKG_002575,USR_002184,8159.73,,False,initial,2026-02-27 18:57:14
BKG_002576,USR_002186,11469.78,,False,initial,2026-03-31 08:24:25
BKG_002577,USR_002188,7513.81,,False,initial,2026-03-13 18:38:02
BKG_002578,USR_002188,6411.51,,False,initial,2026-04-27 20:03:45
BKG_002579,USR_002189,9802.21,,False,initial,2026-05-08 19:00:34
BKG_002580,USR_002190,4259.82,,False,initial,2026-05-02 11:13:14
BKG_002581,USR_002192,8655.45,,False,initial,2026-04-30 00:50:42
BKG_002582,USR_002195,9769.74,,False,initial,2026-01-10 16:47:06
BKG_002583,USR_002195,5903.63,13926.69,True,initial,2026-04-15 23:08:11
BKG_002584,USR_002196,3061.41,,False,initial,2026-06-20 17:53:53
BKG_002585,USR_002196,2683.81,,False,initial,2026-05-10 05:09:01
BKG_002586,USR_002200,3387.03,,False,initial,2026-04-26 00:20:06
BKG_002587,USR_002201,3965.19,,False,initial,2026-04-12 05:35:34
BKG_002588,USR_002201,8926.64,,False,initial,2026-01-30 16:50:48
BKG_002589,USR_002202,7195.96,,False,initial,2026-01-30 14:43:57
BKG_002590,USR_002203,5714.11,,False,initial,2026-01-15 22:42:56
BKG_002591,USR_002204,4089.95,,False,initial,2026-05-26 05:45:41
BKG_002592,USR_002205,9683.22,,False,initial,2026-04-04 13:58:13
BKG_002593,USR_002205,6066.69,,False,initial,2026-02-27 03:36:58
BKG_002594,USR_002205,2880.02,,False,initial,2026-02-14 13:40:06
BKG_002595,USR_002206,4258.73,,False,initial,2026-02-13 03:29:45
BKG_002596,USR_002207,6920.45,14696.62,True,initial,2026-05-30 23:15:44
BKG_002597,USR_002209,6558.01,,False,initial,2026-06-06 06:09:33
BKG_002598,USR_002210,3763.37,,False,initial,2026-05-04 01:29:45
BKG_002599,USR_002211,4523.46,,False,initial,2026-06-29 01:09:02
BKG_002600,USR_002212,10164.59,,False,initial,2026-04-11 00:56:10
BKG_002601,USR_002214,6044.76,,False,initial,2026-04-13 22:02:53
BKG_002602,USR_002215,6909.53,,False,initial,2026-06-23 20:30:43
BKG_002603,USR_002216,4310.07,,False,initial,2026-03-27 06:46:30
BKG_002604,USR_002217,3118.46,,False,initial,2026-05-29 19:46:33
BKG_002605,USR_002219,4507.61,,False,initial,2026-04-04 16:25:33
BKG_002606,USR_002220,2878.12,,False,initial,2026-04-14 01:11:38
BKG_002607,USR_002220,2765.59,,False,initial,2026-01-18 18:20:27
BKG_002608,USR_002221,7020.09,,False,initial,2026-04-13 17:52:39
BKG_002609,USR_002222,2654.13,,False,initial,2026-06-04 07:41:32
BKG_002610,USR_002222,8482.34,11113.27,True,initial,2026-03-19 15:10:14
BKG_002611,USR_002222,2889.64,,False,initial,2026-03-19 08:27:33
BKG_002612,USR_002223,7816.23,,False,initial,2026-06-11 01:25:10
BKG_002613,USR_002224,11200.99,,False,initial,2026-06-23 11:05:29
BKG_002614,USR_002224,3564.7,,False,initial,2026-01-08 17:20:26
BKG_002615,USR_002226,10221.06,,False,initial,2026-03-05 23:13:45
BKG_002616,USR_002226,11059.97,,False,initial,2026-04-26 13:24:35
BKG_002617,USR_002228,2518.75,,False,initial,2026-02-21 03:48:51
BKG_002618,USR_002228,4204.66,,False,initial,2026-06-20 22:07:29
BKG_002619,USR_002229,4733.51,,False,initial,2026-01-30 20:13:59
BKG_002620,USR_002229,7769.07,,False,initial,2026-06-01 03:13:41
BKG_002621,USR_002231,9311.18,,False,initial,2026-02-19 22:28:15
BKG_002622,USR_002232,7450.68,13111.36,True,initial,2026-05-14 14:04:21
BKG_002623,USR_002233,9800.56,,False,initial,2026-05-30 01:17:28
BKG_002624,USR_002234,3975.57,,False,initial,2026-03-08 13:33:10
BKG_002625,USR_002237,10251.7,,False,initial,2026-02-17 12:50:01
BKG_002626,USR_002238,11051.87,,False,initial,2026-06-13 08:53:42
BKG_002627,USR_002238,5883.29,,False,initial,2026-05-11 11:54:10
BKG_002628,USR_002239,6006.68,,False,initial,2026-06-28 13:27:55
BKG_002629,USR_002240,3090.14,,False,initial,2026-05-25 04:00:33
BKG_002630,USR_002241,8934.68,,False,initial,2026-06-16 00:34:50
BKG_002631,USR_002241,6135.16,,False,initial,2026-03-07 05:41:55
BKG_002632,USR_002243,11928.77,,False,initial,2026-02-13 23:11:32
BKG_002633,USR_002245,6423.78,,False,initial,2026-06-22 13:27:23
BKG_002634,USR_002246,10110.71,,False,initial,2026-02-25 05:53:07
BKG_002635,USR_002248,3938.09,,False,initial,2026-04-20 12:33:51
BKG_002636,USR_002248,6031.77,,False,initial,2026-01-05 04:01:05
BKG_002637,USR_002250,8151.04,,False,initial,2026-05-22 23:02:18
BKG_002638,USR_002250,3502.35,,False,initial,2026-03-13 17:04:53
BKG_002639,USR_002251,6406.93,,False,initial,2026-05-24 08:04:49
BKG_002640,USR_002252,11182.83,,False,initial,2026-04-03 08:49:33
BKG_002641,USR_002252,9967.48,,False,initial,2026-06-02 03:47:59
BKG_002642,USR_002254,7804.37,,False,initial,2026-05-30 00:13:12
BKG_002643,USR_002255,9083.5,,False,initial,2026-05-15 21:29:16
BKG_002644,USR_002256,7420.88,,False,initial,2026-05-26 09:25:16
BKG_002645,USR_002257,9775.63,,False,initial,2026-02-23 11:10:53
BKG_002646,USR_002258,4873.32,,False,initial,2026-05-26 08:41:45
BKG_002647,USR_002259,6290.28,,False,initial,2026-03-13 17:46:58
BKG_002648,USR_002261,9511.82,,False,initial,2026-03-01 19:31:53
BKG_002649,USR_002263,9205.01,,False,initial,2026-01-19 20:57:44
BKG_002650,USR_002263,6805.54,,False,initial,2026-02-08 05:48:04
BKG_002651,USR_002264,11395.26,,False,initial,2026-06-10 15:46:07
BKG_002652,USR_002265,5788.34,,False,initial,2026-05-11 20:31:04
BKG_002653,USR_002265,8660.84,,False,initial,2026-06-14 13:27:53
BKG_002654,USR_002266,7443.67,,False,initial,2026-02-05 02:21:26
BKG_002655,USR_002267,11065.91,,False,initial,2026-02-10 20:40:09
BKG_002656,USR_002267,7029.17,,False,initial,2026-04-05 19:49:03
BKG_002657,USR_002268,6837.7,,False,initial,2026-01-25 23:35:17
BKG_002658,USR_002269,5671.02,,False,initial,2026-03-25 17:03:44
BKG_002659,USR_002270,9793.65,8261.13,True,initial,2026-03-20 09:55:37
BKG_002660,USR_002271,9942.48,,False,initial,2026-02-17 18:38:10
BKG_002661,USR_002273,8447.4,,False,initial,2026-03-13 20:17:56
BKG_002662,USR_002274,6427.38,,False,initial,2026-03-16 10:59:48
BKG_002663,USR_002275,9279.27,,False,initial,2026-06-18 15:26:37
BKG_002664,USR_002276,7619.03,,False,initial,2026-03-27 15:35:25
BKG_002665,USR_002276,11048.73,,False,initial,2026-06-25 20:10:06
BKG_002666,USR_002276,3011.92,,False,initial,2026-03-10 05:48:43
BKG_002667,USR_002277,9997.43,,False,initial,2026-03-22 18:17:50
BKG_002668,USR_002279,6505.02,,False,initial,2026-01-17 23:18:10
BKG_002669,USR_002279,10270.94,,False,initial,2026-03-16 06:40:53
BKG_002670,USR_002281,4428.24,,False,initial,2026-05-13 01:48:50
BKG_002671,USR_002282,5685.65,11941.21,True,initial,2026-01-24 16:58:41
BKG_002672,USR_002282,10247.59,,False,initial,2026-02-05 13:51:55
BKG_002673,USR_002283,10504.19,,False,initial,2026-02-11 00:25:03
BKG_002674,USR_002283,5821.73,,False,initial,2026-04-08 09:59:20
BKG_002675,USR_002283,6851.99,,False,initial,2026-04-08 05:08:37
BKG_002676,USR_002284,8094.61,,False,initial,2026-06-13 15:21:53
BKG_002677,USR_002285,2698.31,,False,initial,2026-05-11 05:41:04
BKG_002678,USR_002287,4188.92,,False,initial,2026-03-28 00:44:15
BKG_002679,USR_002288,9674.09,,False,initial,2026-04-27 13:24:00
BKG_002680,USR_002288,3163.67,,False,initial,2026-04-25 16:56:19
BKG_002681,USR_002289,9630.87,,False,initial,2026-04-21 06:34:56
BKG_002682,USR_002291,4827.74,,False,initial,2026-05-02 18:09:39
BKG_002683,USR_002292,10083.08,,False,initial,2026-02-04 01:43:01
BKG_002684,USR_002293,7937.27,8529.34,True,initial,2026-02-12 07:17:29
BKG_002685,USR_002294,7648.83,,False,initial,2026-05-22 05:22:58
BKG_002686,USR_002294,9454.38,,False,initial,2026-01-26 21:44:04
BKG_002687,USR_002294,8074.43,,False,initial,2026-04-06 05:27:04
BKG_002688,USR_002295,5125.34,,False,initial,2026-05-01 20:36:28
BKG_002689,USR_002296,3668.29,,False,initial,2026-06-12 08:02:26
BKG_002690,USR_002298,8550.87,,False,initial,2026-04-28 12:18:30
BKG_002691,USR_002298,5699.92,,False,initial,2026-01-01 07:10:50
BKG_002692,USR_002300,6524.52,,False,initial,2026-01-03 01:55:54
BKG_002693,USR_002301,8210.0,,False,initial,2026-06-11 20:43:57
BKG_002694,USR_002301,7752.63,14143.48,True,initial,2026-04-10 06:53:36
BKG_002695,USR_002301,10924.84,,False,initial,2026-06-03 22:00:06
BKG_002696,USR_002302,3925.91,,False,initial,2026-04-23 15:14:45
BKG_002697,USR_002303,7933.95,,False,initial,2026-03-31 10:19:41
BKG_002698,USR_002304,3882.14,,False,initial,2026-05-06 14:55:16
BKG_002699,USR_002304,3078.19,4306.1,True,initial,2026-05-08 17:28:02
BKG_002700,USR_002305,8319.78,,False,initial,2026-05-31 00:49:10
BKG_002701,USR_002306,7741.15,,False,initial,2026-04-30 00:15:32
BKG_002702,USR_002307,11684.26,,False,initial,2026-04-12 09:03:51
BKG_002703,USR_002307,7059.26,,False,initial,2026-01-20 22:18:01
BKG_002704,USR_002307,11274.03,,False,initial,2026-04-06 06:15:28
BKG_002705,USR_002309,6840.63,,False,initial,2026-05-09 16:36:52
BKG_002706,USR_002310,5015.31,,False,initial,2026-05-11 06:07:08
BKG_002707,USR_002310,3832.72,3966.86,True,initial,2026-03-25 13:17:48
BKG_002708,USR_002310,4284.15,,False,initial,2026-05-18 17:28:39
BKG_002709,USR_002315,10513.16,,False,initial,2026-06-06 21:58:23
BKG_002710,USR_002316,8626.29,,False,initial,2026-06-27 07:09:22
BKG_002711,USR_002317,6059.72,,False,initial,2026-01-13 14:28:16
BKG_002712,USR_002318,6836.98,,False,initial,2026-03-16 03:19:56
BKG_002713,USR_002319,4750.96,,False,initial,2026-01-28 11:15:17
BKG_002714,USR_002320,10146.86,,False,initial,2026-01-29 17:04:35
BKG_002715,USR_002321,3528.57,,False,initial,2026-05-15 13:21:01
BKG_002716,USR_002325,5156.58,,False,initial,2026-02-19 18:05:14
BKG_002717,USR_002325,7075.43,,False,initial,2026-03-20 01:43:43
BKG_002718,USR_002326,8682.51,,False,initial,2026-05-09 00:57:57
BKG_002719,USR_002327,10411.79,,False,initial,2026-01-28 05:46:49
BKG_002720,USR_002329,7748.71,,False,initial,2026-05-28 03:32:17
BKG_002721,USR_002329,9568.45,,False,initial,2026-01-11 23:16:46
BKG_002722,USR_002330,5596.51,,False,initial,2026-01-30 02:32:37
BKG_002723,USR_002330,5855.48,,False,initial,2026-04-30 02:24:55
BKG_002724,USR_002332,10420.0,,False,initial,2026-01-11 00:10:43
BKG_002725,USR_002332,3816.02,,False,initial,2026-03-18 05:28:03
BKG_002726,USR_002333,10541.18,,False,initial,2026-01-11 05:30:51
BKG_002727,USR_002333,6567.89,,False,initial,2026-06-11 04:28:10
BKG_002728,USR_002334,9196.95,,False,initial,2026-04-03 12:02:14
BKG_002729,USR_002335,2755.61,,False,initial,2026-01-30 14:41:51
BKG_002730,USR_002336,3205.56,10404.32,True,initial,2026-06-26 01:04:58
BKG_002731,USR_002336,11352.15,3863.34,True,initial,2026-01-10 13:42:18
BKG_002732,USR_002337,7573.11,,False,initial,2026-06-16 07:02:27
BKG_002733,USR_002338,10129.66,,False,initial,2026-01-03 13:08:37
BKG_002734,USR_002338,9297.53,,False,initial,2026-03-22 23:05:36
BKG_002735,USR_002339,6813.9,,False,initial,2026-02-22 08:52:06
BKG_002736,USR_002340,5801.75,,False,initial,2026-05-19 08:29:09
BKG_002737,USR_002340,10742.93,7583.41,True,initial,2026-02-22 15:49:01
BKG_002738,USR_002341,4588.4,,False,initial,2026-03-17 22:07:22
BKG_002739,USR_002341,5117.55,,False,initial,2026-06-05 21:05:29
BKG_002740,USR_002341,7348.54,,False,initial,2026-06-29 04:51:24
BKG_002741,USR_002342,6337.01,,False,initial,2026-05-06 12:01:51
BKG_002742,USR_002343,3233.71,,False,initial,2026-04-15 09:20:54
BKG_002743,USR_002343,7010.8,,False,initial,2026-02-08 06:31:05
BKG_002744,USR_002344,9754.72,,False,initial,2026-03-30 14:52:05
BKG_002745,USR_002346,2643.51,,False,initial,2026-06-08 01:31:10
BKG_002746,USR_002346,3939.08,,False,initial,2026-03-28 21:31:49
BKG_002747,USR_002346,8174.54,5758.76,True,initial,2026-03-16 17:48:11
BKG_002748,USR_002347,4750.49,,False,initial,2026-04-24 14:50:39
BKG_002749,USR_002348,4893.24,,False,initial,2026-06-14 01:49:23
BKG_002750,USR_002349,6121.11,,False,initial,2026-03-01 02:28:37
BKG_002751,USR_002349,4665.05,,False,initial,2026-01-19 14:14:23
BKG_002752,USR_002350,7951.53,8524.03,True,initial,2026-01-02 09:55:51
BKG_002753,USR_002351,7556.06,,False,initial,2026-04-24 04:49:35
BKG_002754,USR_002352,6550.23,,False,initial,2026-04-05 10:48:31
BKG_002755,USR_002353,6134.88,,False,initial,2026-06-18 17:46:07
BKG_002756,USR_002355,8798.47,7220.75,True,initial,2026-01-05 12:20:21
BKG_002757,USR_002355,4692.33,,False,initial,2026-01-01 12:39:32
BKG_002758,USR_002356,4463.92,,False,initial,2026-02-04 10:50:43
BKG_002759,USR_002357,4973.48,,False,initial,2026-06-11 17:09:04
BKG_002760,USR_002357,4971.67,,False,initial,2026-02-15 10:16:54
BKG_002761,USR_002359,8517.83,,False,initial,2026-01-19 18:15:16
BKG_002762,USR_002359,4954.47,,False,initial,2026-06-10 00:25:20
BKG_002763,USR_002360,5988.28,,False,initial,2026-01-23 06:00:42
BKG_002764,USR_002361,4088.92,,False,initial,2026-06-21 21:42:20
BKG_002765,USR_002361,11276.05,,False,initial,2026-04-12 02:58:53
BKG_002766,USR_002362,6854.99,,False,initial,2026-02-02 11:54:13
BKG_002767,USR_002362,11954.79,,False,initial,2026-03-19 07:54:34
BKG_002768,USR_002363,8460.38,,False,initial,2026-02-06 13:10:00
BKG_002769,USR_002364,5240.96,,False,initial,2026-05-06 01:45:56
BKG_002770,USR_002365,11413.22,,False,initial,2026-02-08 21:17:06
BKG_002771,USR_002366,11433.1,,False,initial,2026-01-13 10:47:03
BKG_002772,USR_002368,10282.9,,False,initial,2026-01-20 19:43:04
BKG_002773,USR_002369,3795.78,,False,initial,2026-06-22 20:47:18
BKG_002774,USR_002370,8465.14,,False,initial,2026-03-10 23:06:14
BKG_002775,USR_002371,7140.75,,False,initial,2026-05-25 23:33:14
BKG_002776,USR_002372,4359.07,,False,initial,2026-01-16 06:02:25
BKG_002777,USR_002372,9314.02,,False,initial,2026-02-03 23:25:41
BKG_002778,USR_002373,9180.44,,False,initial,2026-04-20 06:29:49
BKG_002779,USR_002373,8485.02,,False,initial,2026-01-20 11:19:02
BKG_002780,USR_002376,3618.24,,False,initial,2026-06-23 17:52:09
BKG_002781,USR_002377,7197.18,,False,initial,2026-05-09 01:34:31
BKG_002782,USR_002378,6379.81,,False,initial,2026-06-24 12:35:10
BKG_002783,USR_002379,9473.56,,False,initial,2026-01-17 08:55:17
BKG_002784,USR_002379,11356.33,,False,initial,2026-05-13 21:47:03
BKG_002785,USR_002380,8293.33,,False,initial,2026-03-31 12:34:38
BKG_002786,USR_002380,9546.98,,False,initial,2026-06-18 11:49:25
BKG_002787,USR_002382,5511.17,,False,initial,2026-01-09 15:44:50
BKG_002788,USR_002383,8907.75,,False,initial,2026-02-28 15:44:41
BKG_002789,USR_002383,4131.71,,False,initial,2026-04-04 01:36:44
BKG_002790,USR_002383,5211.11,,False,initial,2026-03-22 00:03:23
BKG_002791,USR_002384,9224.45,,False,initial,2026-05-21 13:57:44
BKG_002792,USR_002388,3210.61,,False,initial,2026-04-24 23:34:23
BKG_002793,USR_002388,2516.19,,False,initial,2026-03-08 08:23:46
BKG_002794,USR_002389,9802.12,,False,initial,2026-03-01 21:28:15
BKG_002795,USR_002390,11287.11,,False,initial,2026-01-17 19:08:50
BKG_002796,USR_002392,3839.65,,False,initial,2026-01-20 12:25:14
BKG_002797,USR_002393,9068.5,,False,initial,2026-02-08 08:52:18
BKG_002798,USR_002394,5585.8,,False,initial,2026-04-07 08:32:37
BKG_002799,USR_002395,10326.76,,False,initial,2026-05-27 14:16:02
BKG_002800,USR_002396,6832.72,,False,initial,2026-05-29 00:50:02
BKG_002801,USR_002399,10893.4,,False,initial,2026-05-24 07:52:43
BKG_002802,USR_002399,4409.56,,False,initial,2026-05-07 09:04:29
BKG_002803,USR_002399,9000.02,,False,initial,2026-03-22 06:57:23
BKG_002804,USR_002400,6203.76,,False,initial,2026-02-09 09:06:47
BKG_002805,USR_002400,7137.77,,False,initial,2026-05-03 06:25:27
BKG_002806,USR_002400,3645.94,,False,initial,2026-06-11 03:58:06
BKG_002807,USR_002402,7674.87,,False,initial,2026-03-01 20:31:37
BKG_002808,USR_002403,6134.09,,False,initial,2026-03-31 00:44:22
BKG_002809,USR_002404,11155.46,,False,initial,2026-03-13 14:04:48
BKG_002810,USR_002406,11824.74,,False,initial,2026-05-02 10:38:36
BKG_002811,USR_002406,4614.59,,False,initial,2026-01-07 20:16:36
BKG_002812,USR_002407,4835.71,,False,initial,2026-02-17 07:51:25
BKG_002813,USR_002408,10064.35,,False,initial,2026-04-18 01:59:21
BKG_002814,USR_002409,10190.14,,False,initial,2026-03-31 05:51:05
BKG_002815,USR_002410,4480.62,,False,initial,2026-01-24 23:05:18
BKG_002816,USR_002410,11996.94,,False,initial,2026-05-28 10:21:06
BKG_002817,USR_002411,11959.22,,False,initial,2026-01-15 16:00:47
BKG_002818,USR_002412,11776.4,,False,initial,2026-01-19 19:37:19
BKG_002819,USR_002413,7436.44,,False,initial,2026-03-21 12:06:03
BKG_002820,USR_002415,4725.55,,False,initial,2026-03-06 23:51:37
BKG_002821,USR_002416,3510.7,,False,initial,2026-01-15 06:06:07
BKG_002822,USR_002417,6147.83,,False,initial,2026-04-12 06:32:13
BKG_002823,USR_002418,3425.06,,False,initial,2026-06-22 19:57:07
BKG_002824,USR_002420,6271.91,,False,initial,2026-03-07 08:54:15
BKG_002825,USR_002420,11604.12,,False,initial,2026-04-24 05:34:50
BKG_002826,USR_002421,11760.96,,False,initial,2026-04-14 06:45:52
BKG_002827,USR_002422,11979.68,,False,initial,2026-06-08 20:36:42
BKG_002828,USR_002423,10394.58,,False,initial,2026-01-19 08:01:29
BKG_002829,USR_002424,3893.5,,False,initial,2026-02-15 11:14:00
BKG_002830,USR_002425,7496.57,,False,initial,2026-03-22 03:52:54
BKG_002831,USR_002426,4382.03,,False,initial,2026-02-13 21:46:03
BKG_002832,USR_002427,10061.18,,False,initial,2026-05-21 11:13:46
BKG_002833,USR_002428,8241.49,,False,initial,2026-04-27 09:24:26
BKG_002834,USR_002431,7379.17,,False,initial,2026-02-17 03:59:13
BKG_002835,USR_002431,10356.13,,False,initial,2026-03-01 04:29:24
BKG_002836,USR_002432,3403.71,,False,initial,2026-06-11 12:36:45
BKG_002837,USR_002432,8447.04,,False,initial,2026-06-09 16:07:08
BKG_002838,USR_002433,4281.56,,False,initial,2026-02-05 10:31:33
BKG_002839,USR_002433,9642.47,,False,initial,2026-06-19 07:06:54
BKG_002840,USR_002434,4580.49,,False,initial,2026-02-01 06:51:12
BKG_002841,USR_002434,3507.34,,False,initial,2026-04-24 04:56:36
BKG_002842,USR_002435,2941.21,6561.32,True,initial,2026-06-20 01:21:09
BKG_002843,USR_002436,9888.54,,False,initial,2026-05-13 11:37:50
BKG_002844,USR_002437,6113.73,,False,initial,2026-06-26 19:04:37
BKG_002845,USR_002437,6826.46,,False,initial,2026-03-21 08:28:14
BKG_002846,USR_002438,11288.79,,False,initial,2026-05-14 19:06:38
BKG_002847,USR_002439,6698.09,,False,initial,2026-06-06 06:26:16
BKG_002848,USR_002440,2708.54,,False,initial,2026-01-22 22:23:29
BKG_002849,USR_002441,6208.91,,False,initial,2026-06-03 08:55:04
BKG_002850,USR_002441,5525.81,,False,initial,2026-02-05 22:28:31
BKG_002851,USR_002444,9927.29,,False,initial,2026-01-09 04:11:41
BKG_002852,USR_002444,9647.36,,False,initial,2026-05-03 23:05:45
BKG_002853,USR_002444,3853.66,,False,initial,2026-02-11 20:01:21
BKG_002854,USR_002445,10588.74,,False,initial,2026-03-30 02:27:40
BKG_002855,USR_002446,2706.55,,False,initial,2026-03-16 05:40:02
BKG_002856,USR_002446,4341.9,,False,initial,2026-01-23 01:59:36
BKG_002857,USR_002446,4255.0,,False,initial,2026-01-06 16:50:33
BKG_002858,USR_002449,10931.33,,False,initial,2026-03-17 08:16:37
BKG_002859,USR_002450,5983.52,,False,initial,2026-04-03 11:55:39
BKG_002860,USR_002451,3366.41,,False,initial,2026-04-23 23:43:03
BKG_002861,USR_002451,7065.16,,False,initial,2026-03-09 04:23:48
BKG_002862,USR_002451,6692.53,,False,initial,2026-03-18 09:31:17
BKG_002863,USR_002452,10599.37,,False,initial,2026-03-21 04:01:55
BKG_002864,USR_002453,8814.45,,False,initial,2026-05-10 14:29:02
BKG_002865,USR_002453,9830.48,,False,initial,2026-06-13 09:19:32
BKG_002866,USR_002453,4710.81,,False,initial,2026-03-06 04:27:07
BKG_002867,USR_002454,8423.5,,False,initial,2026-02-26 22:16:17
BKG_002868,USR_002455,10173.83,,False,initial,2026-06-11 08:28:52
BKG_002869,USR_002455,2851.44,,False,initial,2026-06-02 03:12:09
BKG_002870,USR_002456,5681.06,,False,initial,2026-06-08 06:01:42
BKG_002871,USR_002456,3825.95,,False,initial,2026-05-14 16:00:52
BKG_002872,USR_002456,9593.83,,False,initial,2026-06-08 12:12:59
BKG_002873,USR_002456,10247.64,,False,initial,2026-04-27 16:13:36
BKG_002874,USR_002457,4288.23,,False,initial,2026-03-28 17:53:04
BKG_002875,USR_002458,4459.99,,False,initial,2026-02-21 00:33:04
BKG_002876,USR_002460,8218.03,,False,initial,2026-01-11 08:48:45
BKG_002877,USR_002461,5264.64,,False,initial,2026-06-07 22:48:20
BKG_002878,USR_002462,9001.04,12458.64,True,initial,2026-03-06 09:44:38
BKG_002879,USR_002462,9011.62,,False,initial,2026-05-14 11:37:56
BKG_002880,USR_002465,9780.79,,False,initial,2026-05-19 20:39:54
BKG_002881,USR_002466,2752.55,,False,initial,2026-03-29 18:56:41
BKG_002882,USR_002466,11967.13,,False,initial,2026-04-01 04:10:03
BKG_002883,USR_002468,8399.22,,False,initial,2026-02-17 03:24:33
BKG_002884,USR_002469,3917.93,,False,initial,2026-04-29 23:54:11
BKG_002885,USR_002469,3712.26,,False,initial,2026-03-13 00:27:09
BKG_002886,USR_002471,10476.67,,False,initial,2026-02-28 08:33:16
BKG_002887,USR_002471,10917.35,,False,initial,2026-06-11 22:32:09
BKG_002888,USR_002473,10233.91,,False,initial,2026-04-06 08:06:48
BKG_002889,USR_002474,9417.41,,False,initial,2026-06-22 23:58:48
BKG_002890,USR_002474,9987.97,,False,initial,2026-05-13 16:46:36
BKG_002891,USR_002476,4198.42,,False,initial,2026-04-09 19:14:54
BKG_002892,USR_002476,6143.07,,False,initial,2026-01-11 17:09:34
BKG_002893,USR_002476,10712.64,6075.11,True,initial,2026-05-29 19:47:36
BKG_002894,USR_002478,4236.69,,False,initial,2026-03-23 07:40:01
BKG_002895,USR_002478,10312.0,,False,initial,2026-06-28 14:33:16
BKG_002896,USR_002479,8279.96,,False,initial,2026-01-12 19:44:50
BKG_002897,USR_002479,6411.48,,False,initial,2026-02-19 22:51:02
BKG_002898,USR_002479,4999.38,,False,initial,2026-06-16 10:05:27
BKG_002899,USR_002480,3899.06,,False,initial,2026-02-22 16:12:51
BKG_002900,USR_002481,9346.44,,False,initial,2026-05-09 18:16:04
BKG_002901,USR_002481,11987.55,,False,initial,2026-02-22 04:06:52
BKG_002902,USR_002481,7531.87,,False,initial,2026-03-26 21:20:13
BKG_002903,USR_002482,7327.92,,False,initial,2026-05-06 02:19:15
BKG_002904,USR_002484,11495.86,,False,initial,2026-03-10 04:03:51
BKG_002905,USR_002485,5108.85,,False,initial,2026-04-09 20:22:20
BKG_002906,USR_002487,11912.66,,False,initial,2026-06-15 13:48:38
BKG_002907,USR_002488,3287.73,,False,initial,2026-01-08 09:37:42
BKG_002908,USR_002488,5478.73,,False,initial,2026-04-02 20:40:15
BKG_002909,USR_002489,7731.19,,False,initial,2026-01-03 02:12:48
BKG_002910,USR_002489,2712.43,,False,initial,2026-01-26 04:41:24
BKG_002911,USR_002491,8766.03,,False,initial,2026-05-14 05:39:38
BKG_002912,USR_002492,5714.15,,False,initial,2026-03-16 04:45:06
BKG_002913,USR_002492,5998.27,,False,initial,2026-03-08 15:32:08
BKG_002914,USR_002492,5257.48,,False,initial,2026-05-02 15:30:51
BKG_002915,USR_002494,3344.88,10776.85,True,initial,2026-03-27 22:38:15
BKG_002916,USR_002494,10781.37,7959.42,True,initial,2026-01-17 17:11:46
BKG_002917,USR_002494,7268.72,,False,initial,2026-04-07 17:41:29
BKG_002918,USR_002497,10429.28,,False,initial,2026-02-02 17:44:22
BKG_002919,USR_002497,11420.87,,False,initial,2026-05-30 16:44:35
BKG_002920,USR_002499,11468.1,,False,initial,2026-03-02 06:17:21
BKG_002921,USR_002499,5269.26,,False,initial,2026-05-01 14:24:49
BKG_002922,USR_002499,11459.58,,False,initial,2026-03-31 14:38:50
BKG_002923,USR_002500,7662.79,,False,initial,2026-06-13 16:13:52
BKG_002924,USR_002500,9422.71,,False,initial,2026-01-14 16:51:00
BKG_002925,USR_002501,6702.0,,False,initial,2026-06-02 09:48:56
BKG_002926,USR_002502,7482.54,,False,initial,2026-04-27 15:01:40
BKG_002927,USR_002502,4984.42,,False,initial,2026-05-20 14:47:05
BKG_002928,USR_002504,11839.8,,False,initial,2026-02-18 06:34:09
BKG_002929,USR_002505,7364.64,,False,initial,2026-05-31 15:34:37
BKG_002930,USR_002505,6465.6,,False,initial,2026-04-15 09:12:12
BKG_002931,USR_002505,5447.68,,False,initial,2026-02-06 14:35:59
BKG_002932,USR_002505,7135.91,,False,initial,2026-06-15 02:00:55
BKG_002933,USR_002506,6049.76,,False,initial,2026-03-27 10:22:44
BKG_002934,USR_002507,7301.75,,False,initial,2026-02-18 16:09:03
BKG_002935,USR_002508,9967.34,,False,initial,2026-01-13 00:46:51
BKG_002936,USR_002509,2832.0,,False,initial,2026-04-17 21:03:59
BKG_002937,USR_002510,5148.84,,False,initial,2026-05-04 02:53:55
BKG_002938,USR_002511,6358.65,,False,initial,2026-03-08 02:14:02
BKG_002939,USR_002511,6741.32,,False,initial,2026-01-05 13:46:52
BKG_002940,USR_002511,3110.86,,False,initial,2026-02-27 04:53:40
BKG_002941,USR_002511,7111.73,,False,initial,2026-04-21 01:25:06
BKG_002942,USR_002512,9008.23,,False,initial,2026-06-09 16:20:13
BKG_002943,USR_002512,2873.13,,False,initial,2026-03-03 10:41:08
BKG_002944,USR_002513,3875.43,,False,initial,2026-02-10 12:47:33
BKG_002945,USR_002515,10658.83,5489.19,True,initial,2026-05-23 07:54:20
BKG_002946,USR_002515,8034.06,,False,initial,2026-05-12 07:32:45
BKG_002947,USR_002518,2574.77,,False,initial,2026-05-08 08:05:26
BKG_002948,USR_002519,4091.9,,False,initial,2026-04-20 17:29:35
BKG_002949,USR_002519,9328.07,,False,initial,2026-05-27 12:11:48
BKG_002950,USR_002520,7730.81,,False,initial,2026-05-15 09:38:08
BKG_002951,USR_002520,6301.68,,False,initial,2026-04-14 07:01:27
BKG_002952,USR_002520,10842.42,,False,initial,2026-03-14 21:52:57
BKG_002953,USR_002520,4399.54,,False,initial,2026-01-28 11:51:16
BKG_002954,USR_002521,11371.71,,False,initial,2026-04-19 00:33:29
BKG_002955,USR_002521,6530.46,,False,initial,2026-04-16 04:07:07
BKG_002956,USR_002521,9068.28,,False,initial,2026-02-11 17:34:47
BKG_002957,USR_002522,5138.7,,False,initial,2026-03-09 22:29:14
BKG_002958,USR_002523,7193.95,,False,initial,2026-04-23 00:12:59
BKG_002959,USR_002524,3483.55,,False,initial,2026-06-02 06:54:28
BKG_002960,USR_002524,7705.46,,False,initial,2026-03-25 06:45:13
BKG_002961,USR_002525,2555.16,,False,initial,2026-02-24 17:31:29
BKG_002962,USR_002525,9383.39,,False,initial,2026-05-26 22:31:03
BKG_002963,USR_002526,8012.59,,False,initial,2026-06-15 18:46:28
BKG_002964,USR_002526,8947.99,,False,initial,2026-01-26 03:19:54
BKG_002965,USR_002527,10517.43,,False,initial,2026-04-23 16:10:42
BKG_002966,USR_002528,4704.31,,False,initial,2026-04-22 02:51:59
BKG_002967,USR_002528,7071.12,,False,initial,2026-06-13 06:33:47
BKG_002968,USR_002528,2628.28,,False,initial,2026-04-14 17:55:08
BKG_002969,USR_002529,3832.75,,False,initial,2026-02-01 09:33:51
BKG_002970,USR_002531,10411.83,,False,initial,2026-03-27 20:28:10
BKG_002971,USR_002532,7308.33,,False,initial,2026-04-05 20:24:08
BKG_002972,USR_002532,8472.73,,False,initial,2026-04-12 05:08:48
BKG_002973,USR_002534,6673.51,,False,initial,2026-04-21 02:48:23
BKG_002974,USR_002534,9546.27,,False,initial,2026-06-18 20:36:32
BKG_002975,USR_002535,8442.4,,False,initial,2026-06-28 20:45:45
BKG_002976,USR_002535,6042.1,,False,initial,2026-04-02 07:28:27
BKG_002977,USR_002537,5589.8,,False,initial,2026-01-22 20:25:40
BKG_002978,USR_002537,3337.83,12362.74,True,initial,2026-04-23 18:26:48
BKG_002979,USR_002537,3262.78,,False,initial,2026-01-01 22:51:11
BKG_002980,USR_002538,8182.09,,False,initial,2026-05-02 10:58:40
BKG_002981,USR_002540,8227.34,,False,initial,2026-02-25 01:59:35
BKG_002982,USR_002540,10092.7,,False,initial,2026-05-17 05:45:02
BKG_002983,USR_002541,8727.07,,False,initial,2026-05-29 00:38:06
BKG_002984,USR_002542,8250.44,,False,initial,2026-01-05 00:33:25
BKG_002985,USR_002543,8142.52,,False,initial,2026-01-05 23:13:07
BKG_002986,USR_002543,11576.86,,False,initial,2026-05-22 22:26:27
BKG_002987,USR_002545,8461.15,,False,initial,2026-05-17 22:07:27
BKG_002988,USR_002546,8644.82,,False,initial,2026-04-01 03:52:44
BKG_002989,USR_002547,3080.43,,False,initial,2026-03-29 08:40:38
BKG_002990,USR_002548,10075.54,,False,initial,2026-03-28 04:25:19
BKG_002991,USR_002549,11870.42,,False,initial,2026-05-10 01:30:25
BKG_002992,USR_002550,5456.98,,False,initial,2026-02-21 09:41:54
BKG_002993,USR_002550,6499.54,,False,initial,2026-04-21 23:34:10
BKG_002994,USR_002552,8620.51,,False,initial,2026-06-21 20:04:12
BKG_002995,USR_002553,6657.79,,False,initial,2026-04-04 09:17:01
BKG_002996,USR_002553,7903.79,,False,initial,2026-02-15 09:45:47
BKG_002997,USR_002554,5761.46,,False,initial,2026-01-01 06:11:57
BKG_002998,USR_002555,10338.22,,False,initial,2026-06-12 17:05:25
BKG_002999,USR_002555,8614.61,,False,initial,2026-06-28 17:55:02
BKG_003000,USR_002556,4590.77,,False,initial,2026-03-19 12:03:18
BKG_003001,USR_002556,5725.1,,False,initial,2026-01-22 23:58:01
BKG_003002,USR_002557,3926.07,,False,initial,2026-05-31 20:01:46
BKG_003003,USR_002557,9327.24,,False,initial,2026-05-17 15:38:29
BKG_003004,USR_002558,6930.34,,False,initial,2026-01-26 18:10:11
BKG_003005,USR_002560,2644.56,,False,initial,2026-05-27 07:30:58
BKG_003006,USR_002562,9073.6,,False,initial,2026-01-24 20:54:50
BKG_003007,USR_002563,4256.7,14725.4,True,initial,2026-03-28 07:15:02
BKG_003008,USR_002564,11203.06,,False,initial,2026-03-29 10:04:00
BKG_003009,USR_002565,3768.11,,False,initial,2026-05-01 21:41:15
BKG_003010,USR_002565,6505.89,,False,initial,2026-04-30 04:03:10
BKG_003011,USR_002565,3214.02,,False,initial,2026-04-02 12:02:48
BKG_003012,USR_002566,5457.73,6755.12,True,initial,2026-04-29 23:06:02
BKG_003013,USR_002567,9013.63,,False,initial,2026-03-23 02:37:11
BKG_003014,USR_002569,7171.3,,False,initial,2026-05-24 06:51:47
BKG_003015,USR_002569,7764.23,,False,initial,2026-03-21 11:26:19
BKG_003016,USR_002569,4985.54,,False,initial,2026-01-20 10:41:47
BKG_003017,USR_002571,6813.94,,False,initial,2026-01-29 04:13:41
BKG_003018,USR_002571,5361.53,,False,initial,2026-06-06 04:55:36
BKG_003019,USR_002572,3758.82,,False,initial,2026-05-16 21:02:41
BKG_003020,USR_002573,9964.78,10789.07,True,initial,2026-04-04 03:53:34
BKG_003021,USR_002574,8566.2,,False,initial,2026-01-29 15:02:12
BKG_003022,USR_002574,4791.37,,False,initial,2026-05-10 13:40:30
BKG_003023,USR_002575,7850.07,,False,initial,2026-05-21 18:19:16
BKG_003024,USR_002576,10891.86,,False,initial,2026-04-24 01:33:33
BKG_003025,USR_002576,6255.16,,False,initial,2026-03-07 23:42:08
BKG_003026,USR_002577,5758.06,,False,initial,2026-03-21 13:08:12
BKG_003027,USR_002578,10097.29,,False,initial,2026-01-14 13:19:37
BKG_003028,USR_002578,7818.51,,False,initial,2026-01-18 08:21:32
BKG_003029,USR_002580,3939.61,,False,initial,2026-02-17 14:31:49
BKG_003030,USR_002581,8829.21,,False,initial,2026-02-09 02:30:45
BKG_003031,USR_002582,8824.45,,False,initial,2026-05-09 19:16:09
BKG_003032,USR_002582,2992.07,,False,initial,2026-04-27 01:51:29
BKG_003033,USR_002583,3084.59,,False,initial,2026-02-13 01:52:05
BKG_003034,USR_002584,8385.84,5754.58,True,initial,2026-03-05 17:57:11
BKG_003035,USR_002585,10199.46,,False,initial,2026-04-06 21:46:28
BKG_003036,USR_002585,2630.56,,False,initial,2026-03-10 07:52:08
BKG_003037,USR_002586,11628.1,,False,initial,2026-06-08 12:55:54
BKG_003038,USR_002587,10747.28,,False,initial,2026-04-13 23:28:36
BKG_003039,USR_002587,2669.68,,False,initial,2026-05-29 15:25:27
BKG_003040,USR_002588,7916.18,,False,initial,2026-04-07 10:53:50
BKG_003041,USR_002588,9836.8,,False,initial,2026-02-14 01:27:48
BKG_003042,USR_002589,11694.41,,False,initial,2026-03-11 16:42:09
BKG_003043,USR_002591,8471.25,,False,initial,2026-06-11 04:38:31
BKG_003044,USR_002591,6974.0,,False,initial,2026-03-19 07:03:01
BKG_003045,USR_002592,7158.16,,False,initial,2026-01-20 10:56:38
BKG_003046,USR_002592,7780.21,,False,initial,2026-06-13 11:24:22
BKG_003047,USR_002593,11595.05,,False,initial,2026-02-10 00:10:03
BKG_003048,USR_002593,11102.76,,False,initial,2026-06-06 08:21:29
BKG_003049,USR_002593,5584.15,,False,initial,2026-01-23 20:44:39
BKG_003050,USR_002599,5057.64,,False,initial,2026-01-02 17:11:23
BKG_003051,USR_002599,11499.61,,False,initial,2026-02-07 12:00:02
BKG_003052,USR_002600,11257.54,,False,initial,2026-06-20 11:56:03
BKG_003053,USR_002601,11775.34,,False,initial,2026-05-31 12:39:44
BKG_003054,USR_002602,10804.25,,False,initial,2026-03-21 16:17:32
BKG_003055,USR_002602,6199.14,,False,initial,2026-01-10 02:34:39
BKG_003056,USR_002603,7745.72,,False,initial,2026-04-19 04:46:20
BKG_003057,USR_002603,5007.75,,False,initial,2026-06-26 06:07:56
BKG_003058,USR_002604,2700.12,,False,initial,2026-01-16 22:22:36
BKG_003059,USR_002604,8559.71,,False,initial,2026-04-15 20:29:36
BKG_003060,USR_002605,11549.62,4011.79,True,initial,2026-04-18 06:10:23
BKG_003061,USR_002606,10571.76,,False,initial,2026-06-25 18:38:44
BKG_003062,USR_002606,7648.46,,False,initial,2026-04-11 04:02:21
BKG_003063,USR_002607,3634.88,,False,initial,2026-05-14 04:20:30
BKG_003064,USR_002608,4778.93,,False,initial,2026-03-28 08:55:04
BKG_003065,USR_002609,3966.16,,False,initial,2026-05-19 23:36:55
BKG_003066,USR_002610,4574.59,,False,initial,2026-05-30 23:17:48
BKG_003067,USR_002611,7131.36,,False,initial,2026-01-11 03:58:47
BKG_003068,USR_002611,11095.73,,False,initial,2026-03-26 10:19:37
BKG_003069,USR_002611,9775.71,,False,initial,2026-01-19 04:48:02
BKG_003070,USR_002612,9922.62,,False,initial,2026-01-08 06:09:35
BKG_003071,USR_002612,6901.68,,False,initial,2026-01-11 21:30:56
BKG_003072,USR_002613,3970.07,,False,initial,2026-04-12 20:47:35
BKG_003073,USR_002614,3936.66,,False,initial,2026-03-10 14:31:37
BKG_003074,USR_002615,9962.15,,False,initial,2026-03-13 13:01:35
BKG_003075,USR_002615,4732.9,,False,initial,2026-04-06 08:20:58
BKG_003076,USR_002616,11033.89,,False,initial,2026-02-25 14:54:55
BKG_003077,USR_002618,3538.66,,False,initial,2026-05-26 22:30:15
BKG_003078,USR_002619,4668.61,,False,initial,2026-01-06 15:07:47
BKG_003079,USR_002619,8408.39,,False,initial,2026-05-15 19:22:50
BKG_003080,USR_002620,10389.6,,False,initial,2026-04-22 16:24:14
BKG_003081,USR_002621,7056.92,,False,initial,2026-05-30 05:27:31
BKG_003082,USR_002621,3277.63,,False,initial,2026-04-01 20:10:27
BKG_003083,USR_002623,7105.55,,False,initial,2026-04-13 01:05:31
BKG_003084,USR_002624,6145.22,,False,initial,2026-06-22 23:28:32
BKG_003085,USR_002624,6687.13,,False,initial,2026-06-17 17:23:48
BKG_003086,USR_002624,9061.34,,False,initial,2026-03-06 08:47:26
BKG_003087,USR_002625,9751.18,,False,initial,2026-03-26 19:20:46
BKG_003088,USR_002625,2721.69,,False,initial,2026-04-04 06:39:07
BKG_003089,USR_002626,9458.26,,False,initial,2026-05-17 12:01:07
BKG_003090,USR_002626,4266.71,,False,initial,2026-02-09 12:00:44
BKG_003091,USR_002629,7900.29,,False,initial,2026-01-15 17:48:44
BKG_003092,USR_002630,11163.76,,False,initial,2026-02-07 02:56:29
BKG_003093,USR_002630,4173.7,,False,initial,2026-04-16 18:24:40
BKG_003094,USR_002631,9239.13,,False,initial,2026-06-04 23:24:03
BKG_003095,USR_002632,5260.78,,False,initial,2026-05-23 22:52:59
BKG_003096,USR_002632,3054.52,,False,initial,2026-02-05 15:49:33
BKG_003097,USR_002633,7073.99,,False,initial,2026-02-06 04:07:25
BKG_003098,USR_002634,2976.93,,False,initial,2026-05-08 21:31:06
BKG_003099,USR_002635,9273.38,,False,initial,2026-01-16 14:56:22
BKG_003100,USR_002636,4872.51,,False,initial,2026-06-07 21:56:56
BKG_003101,USR_002636,8521.34,,False,initial,2026-04-10 14:30:18
BKG_003102,USR_002637,5953.99,,False,initial,2026-06-14 13:52:43
BKG_003103,USR_002637,2949.48,,False,initial,2026-02-03 22:14:03
BKG_003104,USR_002639,3910.85,,False,initial,2026-02-18 00:51:36
BKG_003105,USR_002639,7663.0,,False,initial,2026-05-01 04:03:38
BKG_003106,USR_002641,4566.3,,False,initial,2026-03-31 03:11:40
BKG_003107,USR_002643,7921.01,,False,initial,2026-03-16 06:20:11
BKG_003108,USR_002643,4723.95,6956.39,True,initial,2026-06-06 21:31:11
BKG_003109,USR_002645,6220.81,,False,initial,2026-04-10 06:11:48
BKG_003110,USR_002645,7125.85,,False,initial,2026-01-07 11:24:52
BKG_003111,USR_002645,5602.73,,False,initial,2026-04-28 17:32:43
BKG_003112,USR_002647,5921.53,,False,initial,2026-05-13 11:33:49
BKG_003113,USR_002649,5215.4,,False,initial,2026-03-24 17:11:39
BKG_003114,USR_002649,5521.45,,False,initial,2026-02-28 19:15:45
BKG_003115,USR_002650,5464.59,,False,initial,2026-03-19 01:46:32
BKG_003116,USR_002652,2987.03,,False,initial,2026-05-18 02:44:26
BKG_003117,USR_002652,2751.87,,False,initial,2026-03-16 08:31:34
BKG_003118,USR_002657,11203.09,,False,initial,2026-04-08 10:42:13
BKG_003119,USR_002657,4449.64,,False,initial,2026-05-30 07:24:08
BKG_003120,USR_002658,10063.49,,False,initial,2026-03-23 04:59:46
BKG_003121,USR_002659,5784.02,,False,initial,2026-05-02 08:49:38
BKG_003122,USR_002661,6000.04,,False,initial,2026-01-13 03:22:17
BKG_003123,USR_002663,2960.29,11889.36,True,initial,2026-06-26 08:09:45
BKG_003124,USR_002663,5312.18,,False,initial,2026-06-21 10:07:18
BKG_003125,USR_002664,11624.16,5282.87,True,initial,2026-03-14 21:07:39
BKG_003126,USR_002665,10477.19,,False,initial,2026-04-27 05:33:26
BKG_003127,USR_002666,11228.77,,False,initial,2026-02-12 23:40:36
BKG_003128,USR_002666,2805.29,,False,initial,2026-02-06 19:57:49
BKG_003129,USR_002666,3146.24,,False,initial,2026-06-07 17:43:25
BKG_003130,USR_002666,7978.57,5457.83,True,initial,2026-01-13 21:52:16
BKG_003131,USR_002668,2542.97,,False,initial,2026-02-19 18:16:12
BKG_003132,USR_002668,11453.18,3333.62,True,initial,2026-01-08 07:35:47
BKG_003133,USR_002669,5346.04,,False,initial,2026-02-25 14:44:37
BKG_003134,USR_002671,6869.89,,False,initial,2026-06-07 20:05:10
BKG_003135,USR_002672,6923.46,,False,initial,2026-02-11 17:24:36
BKG_003136,USR_002673,11496.39,,False,initial,2026-03-15 18:49:58
BKG_003137,USR_002674,5408.6,,False,initial,2026-04-22 19:34:07
BKG_003138,USR_002675,5704.36,,False,initial,2026-02-11 10:30:19
BKG_003139,USR_002676,3177.44,,False,initial,2026-06-02 07:31:58
BKG_003140,USR_002678,5124.38,,False,initial,2026-03-03 06:00:16
BKG_003141,USR_002679,10289.5,,False,initial,2026-02-12 07:20:34
BKG_003142,USR_002680,8836.02,,False,initial,2026-04-23 14:51:37
BKG_003143,USR_002681,5687.92,,False,initial,2026-03-05 14:05:12
BKG_003144,USR_002682,3891.07,,False,initial,2026-06-13 09:48:44
BKG_003145,USR_002683,6837.14,,False,initial,2026-04-29 06:53:31
BKG_003146,USR_002683,6062.65,,False,initial,2026-04-07 20:36:50
BKG_003147,USR_002684,11836.4,,False,initial,2026-01-14 05:21:36
BKG_003148,USR_002684,6813.37,,False,initial,2026-05-07 06:31:08
BKG_003149,USR_002686,8535.97,,False,initial,2026-04-24 22:59:11
BKG_003150,USR_002686,6378.23,,False,initial,2026-06-28 14:39:43
BKG_003151,USR_002687,2912.0,,False,initial,2026-01-23 05:42:08
BKG_003152,USR_002688,10324.7,,False,initial,2026-04-18 17:47:57
BKG_003153,USR_002689,2961.37,10487.53,True,initial,2026-06-21 07:52:50
BKG_003154,USR_002689,5761.32,,False,initial,2026-01-14 10:37:07
BKG_003155,USR_002691,9078.18,,False,initial,2026-06-02 21:09:32
BKG_003156,USR_002691,5971.79,,False,initial,2026-05-10 09:00:35
BKG_003157,USR_002691,7332.79,,False,initial,2026-06-11 12:43:21
BKG_003158,USR_002695,11259.61,,False,initial,2026-05-07 14:43:12
BKG_003159,USR_002696,11069.76,,False,initial,2026-02-06 19:42:54
BKG_003160,USR_002698,8484.41,,False,initial,2026-02-24 01:35:17
BKG_003161,USR_002698,6713.09,,False,initial,2026-03-27 14:03:32
BKG_003162,USR_002699,10805.14,,False,initial,2026-03-15 14:04:57
BKG_003163,USR_002700,8987.47,,False,initial,2026-02-07 08:22:01
BKG_003164,USR_002701,11864.34,,False,initial,2026-02-05 23:55:12
BKG_003165,USR_002704,4587.4,,False,initial,2026-03-28 14:37:21
BKG_003166,USR_002705,3833.65,,False,initial,2026-01-02 20:42:30
BKG_003167,USR_002706,4283.55,10973.69,True,initial,2026-06-26 05:39:44
BKG_003168,USR_002706,3690.1,,False,initial,2026-04-16 20:09:31
BKG_003169,USR_002707,6367.43,,False,initial,2026-05-22 07:04:16
BKG_003170,USR_002708,10476.39,,False,initial,2026-03-14 21:12:53
BKG_003171,USR_002709,7224.58,,False,initial,2026-06-24 00:55:03
BKG_003172,USR_002709,7283.05,,False,initial,2026-04-06 11:23:52
BKG_003173,USR_002710,8230.6,,False,initial,2026-05-08 15:42:06
BKG_003174,USR_002710,2554.07,,False,initial,2026-01-19 22:19:51
BKG_003175,USR_002711,11464.17,,False,initial,2026-02-20 08:02:46
BKG_003176,USR_002715,10535.87,9924.05,True,initial,2026-02-11 23:52:25
BKG_003177,USR_002716,4953.29,,False,initial,2026-05-11 02:49:51
BKG_003178,USR_002716,7337.87,,False,initial,2026-03-02 15:35:58
BKG_003179,USR_002716,11579.06,,False,initial,2026-01-30 02:25:23
BKG_003180,USR_002717,9167.06,,False,initial,2026-05-05 03:03:07
BKG_003181,USR_002717,7479.64,,False,initial,2026-05-14 16:36:07
BKG_003182,USR_002717,8800.06,,False,initial,2026-03-26 20:03:46
BKG_003183,USR_002718,5047.26,,False,initial,2026-05-10 23:33:45
BKG_003184,USR_002718,11193.82,,False,initial,2026-04-24 18:28:52
BKG_003185,USR_002719,5899.81,,False,initial,2026-03-17 20:03:04
BKG_003186,USR_002720,4625.91,,False,initial,2026-04-08 09:11:38
BKG_003187,USR_002720,10424.24,,False,initial,2026-01-17 23:14:26
BKG_003188,USR_002720,11060.4,,False,initial,2026-01-24 10:10:08
BKG_003189,USR_002722,11739.39,,False,initial,2026-05-12 06:32:13
BKG_003190,USR_002724,6284.84,,False,initial,2026-01-30 02:14:15
BKG_003191,USR_002725,3220.71,,False,initial,2026-01-16 07:13:11
BKG_003192,USR_002725,3889.04,,False,initial,2026-02-04 03:23:44
BKG_003193,USR_002726,3553.41,,False,initial,2026-03-06 21:15:08
BKG_003194,USR_002727,7226.21,,False,initial,2026-04-11 15:43:08
BKG_003195,USR_002727,5035.75,,False,initial,2026-03-14 13:53:24
BKG_003196,USR_002727,10158.25,,False,initial,2026-04-22 08:33:44
BKG_003197,USR_002728,8372.03,,False,initial,2026-04-18 13:54:27
BKG_003198,USR_002729,3695.94,,False,initial,2026-01-09 00:14:09
BKG_003199,USR_002729,11851.19,,False,initial,2026-05-23 01:36:24
BKG_003200,USR_002731,5558.47,,False,initial,2026-04-14 22:03:26
BKG_003201,USR_002731,6623.99,,False,initial,2026-06-20 23:04:51
BKG_003202,USR_002732,10203.65,13556.79,True,initial,2026-03-16 21:02:35
BKG_003203,USR_002734,11085.39,,False,initial,2026-01-12 00:24:16
BKG_003204,USR_002736,9531.5,,False,initial,2026-02-15 00:21:41
BKG_003205,USR_002737,8381.34,,False,initial,2026-05-18 13:14:35
BKG_003206,USR_002737,9277.95,,False,initial,2026-06-22 10:42:20
BKG_003207,USR_002738,11289.44,,False,initial,2026-06-22 14:58:04
BKG_003208,USR_002738,7687.32,,False,initial,2026-01-16 17:07:32
BKG_003209,USR_002739,7839.79,,False,initial,2026-03-26 00:39:51
BKG_003210,USR_002740,9334.44,,False,initial,2026-06-28 05:52:30
BKG_003211,USR_002741,8783.89,,False,initial,2026-04-15 02:08:44
BKG_003212,USR_002741,9281.4,,False,initial,2026-01-30 08:43:16
BKG_003213,USR_002742,11226.26,,False,initial,2026-04-23 19:27:57
BKG_003214,USR_002742,10108.7,,False,initial,2026-04-04 09:04:18
BKG_003215,USR_002743,4878.53,,False,initial,2026-06-22 21:02:21
BKG_003216,USR_002744,7017.7,,False,initial,2026-04-05 08:12:49
BKG_003217,USR_002745,11171.33,9964.63,True,initial,2026-01-31 04:14:56
BKG_003218,USR_002745,11322.67,,False,initial,2026-01-19 05:04:22
BKG_003219,USR_002747,5175.33,,False,initial,2026-03-09 15:16:59
BKG_003220,USR_002749,9168.21,,False,initial,2026-03-25 21:20:20
BKG_003221,USR_002749,3051.44,,False,initial,2026-04-20 08:12:34
BKG_003222,USR_002750,4510.19,,False,initial,2026-06-22 23:06:26
BKG_003223,USR_002751,10976.39,,False,initial,2026-01-19 18:55:37
BKG_003224,USR_002752,8752.7,,False,initial,2026-06-10 01:31:37
BKG_003225,USR_002754,5648.9,,False,initial,2026-01-10 16:15:10
BKG_003226,USR_002755,5555.2,,False,initial,2026-02-13 14:00:01
BKG_003227,USR_002756,4767.72,,False,initial,2026-06-17 08:04:41
BKG_003228,USR_002756,9545.5,,False,initial,2026-02-11 16:01:51
BKG_003229,USR_002757,3449.24,,False,initial,2026-06-23 14:11:59
BKG_003230,USR_002759,3036.32,,False,initial,2026-05-10 00:18:09
BKG_003231,USR_002759,5923.05,,False,initial,2026-06-08 14:04:28
BKG_003232,USR_002759,5926.4,,False,initial,2026-04-10 17:20:07
BKG_003233,USR_002760,9540.52,,False,initial,2026-03-28 01:59:44
BKG_003234,USR_002761,11559.51,,False,initial,2026-06-23 02:56:20
BKG_003235,USR_002762,5590.29,,False,initial,2026-04-22 23:21:51
BKG_003236,USR_002762,2885.99,8167.85,True,initial,2026-04-17 01:38:17
BKG_003237,USR_002763,8496.71,,False,initial,2026-02-13 20:50:09
BKG_003238,USR_002763,5435.5,,False,initial,2026-01-20 10:27:59
BKG_003239,USR_002763,10705.21,,False,initial,2026-04-28 20:37:49
BKG_003240,USR_002765,11027.47,,False,initial,2026-06-10 05:01:40
BKG_003241,USR_002766,5764.75,,False,initial,2026-01-10 03:43:16
BKG_003242,USR_002766,11835.58,,False,initial,2026-05-05 02:51:18
BKG_003243,USR_002767,8541.67,,False,initial,2026-03-09 06:45:41
BKG_003244,USR_002768,7106.73,,False,initial,2026-06-19 06:36:31
BKG_003245,USR_002770,9061.04,,False,initial,2026-02-06 15:52:58
BKG_003246,USR_002770,8491.33,,False,initial,2026-04-11 07:25:33
BKG_003247,USR_002771,8268.63,,False,initial,2026-04-29 07:56:45
BKG_003248,USR_002772,3182.62,,False,initial,2026-05-05 20:27:43
BKG_003249,USR_002773,11347.05,,False,initial,2026-02-11 18:17:01
BKG_003250,USR_002776,10016.87,,False,initial,2026-04-23 21:02:23
BKG_003251,USR_002777,4539.72,,False,initial,2026-03-15 23:18:46
BKG_003252,USR_002778,9761.01,,False,initial,2026-05-19 16:51:34
BKG_003253,USR_002778,2769.92,,False,initial,2026-05-27 01:23:45
BKG_003254,USR_002778,3646.52,8846.6,True,initial,2026-03-15 18:02:51
BKG_003255,USR_002779,4738.64,,False,initial,2026-05-06 19:00:49
BKG_003256,USR_002779,8738.47,,False,initial,2026-04-11 06:06:17
BKG_003257,USR_002780,6361.16,,False,initial,2026-01-18 17:03:19
BKG_003258,USR_002780,6984.85,,False,initial,2026-06-21 14:03:26
BKG_003259,USR_002781,5262.52,,False,initial,2026-05-30 01:42:23
BKG_003260,USR_002783,8569.1,,False,initial,2026-01-28 23:29:29
BKG_003261,USR_002783,5141.99,,False,initial,2026-01-21 16:07:41
BKG_003262,USR_002784,11959.63,,False,initial,2026-02-23 10:42:28
BKG_003263,USR_002784,6447.02,,False,initial,2026-01-04 11:14:01
BKG_003264,USR_002785,7539.25,,False,initial,2026-02-14 19:01:35
BKG_003265,USR_002785,4777.41,,False,initial,2026-06-06 11:35:34
BKG_003266,USR_002786,6237.88,,False,initial,2026-03-20 09:22:01
BKG_003267,USR_002788,9547.74,,False,initial,2026-04-27 09:54:49
BKG_003268,USR_002789,11333.11,,False,initial,2026-05-17 21:39:39
BKG_003269,USR_002790,3643.25,,False,initial,2026-01-12 22:56:08
BKG_003270,USR_002790,5335.51,,False,initial,2026-05-24 00:09:24
BKG_003271,USR_002791,8093.53,,False,initial,2026-05-24 03:16:27
BKG_003272,USR_002791,8755.89,,False,initial,2026-03-30 15:14:01
BKG_003273,USR_002792,7001.94,,False,initial,2026-03-19 20:40:00
BKG_003274,USR_002793,9547.13,,False,initial,2026-02-12 22:14:27
BKG_003275,USR_002794,4515.9,,False,initial,2026-05-05 19:41:50
BKG_003276,USR_002795,6759.32,,False,initial,2026-06-24 17:51:27
BKG_003277,USR_002796,11123.34,,False,initial,2026-03-30 16:27:05
BKG_003278,USR_002796,7626.99,,False,initial,2026-05-17 09:23:09
BKG_003279,USR_002797,10704.19,,False,initial,2026-02-15 03:07:40
BKG_003280,USR_002797,8685.76,,False,initial,2026-01-25 21:06:19
BKG_003281,USR_002797,5515.08,,False,initial,2026-02-23 13:25:38
BKG_003282,USR_002798,3674.42,,False,initial,2026-04-16 15:52:46
BKG_003283,USR_002799,3745.49,,False,initial,2026-03-14 13:41:21
BKG_003284,USR_002799,5594.64,,False,initial,2026-06-29 05:43:56
BKG_003285,USR_002800,10236.4,,False,initial,2026-06-10 17:20:34
BKG_003286,USR_002800,4278.8,,False,initial,2026-02-28 00:36:30
BKG_003287,USR_002801,4091.08,,False,initial,2026-04-27 07:06:46
BKG_003288,USR_002803,2956.74,,False,initial,2026-05-13 02:26:17
BKG_003289,USR_002803,8078.34,,False,initial,2026-05-01 11:16:32
BKG_003290,USR_002805,2772.99,,False,initial,2026-04-28 08:02:19
BKG_003291,USR_002806,4021.45,,False,initial,2026-03-28 23:39:50
BKG_003292,USR_002807,5764.76,,False,initial,2026-06-28 13:41:14
BKG_003293,USR_002808,4266.43,,False,initial,2026-01-06 18:21:03
BKG_003294,USR_002809,7981.71,,False,initial,2026-01-29 17:18:13
BKG_003295,USR_002810,6507.24,,False,initial,2026-03-20 05:15:46
BKG_003296,USR_002811,10624.17,,False,initial,2026-04-06 08:51:55
BKG_003297,USR_002813,7744.01,,False,initial,2026-03-13 02:55:45
BKG_003298,USR_002814,10827.59,,False,initial,2026-01-12 15:17:52
BKG_003299,USR_002814,3851.27,,False,initial,2026-03-16 18:30:18
BKG_003300,USR_002815,4516.54,,False,initial,2026-06-04 14:02:45
BKG_003301,USR_002815,4704.2,,False,initial,2026-06-12 13:12:57
BKG_003302,USR_002818,7476.85,,False,initial,2026-05-16 06:34:43
BKG_003303,USR_002818,6660.62,,False,initial,2026-04-30 12:42:12
BKG_003304,USR_002820,10713.14,,False,initial,2026-02-02 19:53:12
BKG_003305,USR_002820,11911.5,,False,initial,2026-02-04 11:46:52
BKG_003306,USR_002821,3675.95,,False,initial,2026-01-10 10:37:19
BKG_003307,USR_002821,4995.75,,False,initial,2026-03-29 04:40:54
BKG_003308,USR_002823,4465.34,,False,initial,2026-06-26 21:20:55
BKG_003309,USR_002823,9829.65,,False,initial,2026-03-21 13:32:04
BKG_003310,USR_002825,6104.46,,False,initial,2026-05-11 21:06:06
BKG_003311,USR_002825,7580.54,,False,initial,2026-06-19 21:45:09
BKG_003312,USR_002827,2581.54,,False,initial,2026-04-02 15:50:54
BKG_003313,USR_002828,5569.43,,False,initial,2026-02-11 06:29:33
BKG_003314,USR_002829,8404.92,,False,initial,2026-05-03 18:25:32
BKG_003315,USR_002830,8163.22,,False,initial,2026-06-14 01:45:08
BKG_003316,USR_002830,11190.26,,False,initial,2026-01-10 10:12:14
BKG_003317,USR_002831,4046.54,,False,initial,2026-04-07 12:35:58
BKG_003318,USR_002831,7993.57,6917.74,True,initial,2026-04-23 15:01:15
BKG_003319,USR_002831,3862.72,,False,initial,2026-04-16 00:33:36
BKG_003320,USR_002832,5386.38,,False,initial,2026-02-18 06:49:04
BKG_003321,USR_002833,2646.12,,False,initial,2026-02-03 13:45:58
BKG_003322,USR_002834,7200.19,,False,initial,2026-05-27 21:34:22
BKG_003323,USR_002834,11433.69,,False,initial,2026-02-17 22:26:40
BKG_003324,USR_002835,4307.84,,False,initial,2026-03-07 01:03:34
BKG_003325,USR_002835,5195.93,,False,initial,2026-04-06 19:38:07
BKG_003326,USR_002836,4886.99,,False,initial,2026-05-27 21:26:47
BKG_003327,USR_002837,6136.61,,False,initial,2026-01-31 23:32:16
BKG_003328,USR_002838,10897.46,,False,initial,2026-01-30 06:39:45
BKG_003329,USR_002839,9125.77,,False,initial,2026-01-14 01:53:08
BKG_003330,USR_002839,7327.6,,False,initial,2026-02-14 08:54:27
BKG_003331,USR_002840,11757.62,,False,initial,2026-02-04 03:28:52
BKG_003332,USR_002840,8242.3,,False,initial,2026-05-11 09:22:39
BKG_003333,USR_002841,9009.28,,False,initial,2026-02-17 23:12:32
BKG_003334,USR_002841,2756.4,,False,initial,2026-05-06 09:31:10
BKG_003335,USR_002842,11683.78,,False,initial,2026-05-17 09:40:18
BKG_003336,USR_002843,6703.22,8441.57,True,initial,2026-04-12 10:41:36
BKG_003337,USR_002843,3972.24,,False,initial,2026-01-10 05:54:16
BKG_003338,USR_002844,11732.09,,False,initial,2026-03-18 17:56:31
BKG_003339,USR_002846,10035.69,,False,initial,2026-06-13 04:56:12
BKG_003340,USR_002847,10998.38,,False,initial,2026-02-13 13:26:53
BKG_003341,USR_002847,9818.64,,False,initial,2026-02-02 19:34:40
BKG_003342,USR_002848,8036.87,,False,initial,2026-03-31 15:21:43
BKG_003343,USR_002848,7810.76,,False,initial,2026-05-15 14:05:43
BKG_003344,USR_002849,7446.03,,False,initial,2026-02-06 10:47:33
BKG_003345,USR_002852,11234.03,,False,initial,2026-05-29 19:17:40
BKG_003346,USR_002853,4479.99,,False,initial,2026-01-30 07:42:32
BKG_003347,USR_002854,4581.04,,False,initial,2026-06-17 12:43:51
BKG_003348,USR_002855,3043.14,,False,initial,2026-06-12 22:02:06
BKG_003349,USR_002856,7903.29,,False,initial,2026-01-05 06:42:24
BKG_003350,USR_002856,11947.38,,False,initial,2026-05-05 13:13:15
BKG_003351,USR_002857,3519.44,,False,initial,2026-02-17 19:28:45
BKG_003352,USR_002857,7484.29,,False,initial,2026-04-16 10:28:54
BKG_003353,USR_002860,9158.81,,False,initial,2026-05-24 19:01:38
BKG_003354,USR_002860,10992.92,,False,initial,2026-03-26 07:57:33
BKG_003355,USR_002861,9743.04,,False,initial,2026-04-26 18:56:46
BKG_003356,USR_002861,9615.49,,False,initial,2026-05-23 04:03:23
BKG_003357,USR_002861,6835.72,,False,initial,2026-04-02 11:36:03
BKG_003358,USR_002863,7780.94,,False,initial,2026-06-03 10:11:45
BKG_003359,USR_002865,8610.22,,False,initial,2026-05-21 04:06:55
BKG_003360,USR_002865,10638.45,,False,initial,2026-04-13 19:36:13
BKG_003361,USR_002866,6236.05,,False,initial,2026-04-26 12:40:59
BKG_003362,USR_002867,5028.97,,False,initial,2026-05-15 20:20:05
BKG_003363,USR_002867,3577.95,,False,initial,2026-04-23 19:57:22
BKG_003364,USR_002869,9987.54,,False,initial,2026-03-26 03:47:15
BKG_003365,USR_002869,9666.56,,False,initial,2026-02-08 17:54:20
BKG_003366,USR_002870,11668.23,,False,initial,2026-01-09 16:45:22
BKG_003367,USR_002870,9014.65,,False,initial,2026-04-24 14:19:55
BKG_003368,USR_002871,5798.94,,False,initial,2026-03-17 02:08:29
BKG_003369,USR_002872,7572.69,,False,initial,2026-03-06 09:57:21
BKG_003370,USR_002873,8643.73,,False,initial,2026-05-01 03:24:39
BKG_003371,USR_002873,11480.61,2515.94,True,initial,2026-03-01 09:17:24
BKG_003372,USR_002874,10094.52,,False,initial,2026-06-29 12:36:58
BKG_003373,USR_002875,11808.3,,False,initial,2026-01-28 12:37:38
BKG_003374,USR_002875,10401.14,,False,initial,2026-03-19 03:36:27
BKG_003375,USR_002877,10388.31,,False,initial,2026-03-15 01:22:09
BKG_003376,USR_002878,4970.66,,False,initial,2026-02-20 13:03:37
BKG_003377,USR_002878,10082.81,,False,initial,2026-03-28 05:19:19
BKG_003378,USR_002879,11884.66,,False,initial,2026-04-01 17:19:40
BKG_003379,USR_002879,9758.33,,False,initial,2026-02-15 19:15:22
BKG_003380,USR_002880,8854.7,,False,initial,2026-01-20 21:31:07
BKG_003381,USR_002881,8225.64,,False,initial,2026-06-19 11:15:12
BKG_003382,USR_002881,8207.05,,False,initial,2026-02-22 13:15:39
BKG_003383,USR_002883,5835.24,,False,initial,2026-04-20 00:39:34
BKG_003384,USR_002884,11626.59,,False,initial,2026-06-29 04:18:33
BKG_003385,USR_002885,4016.3,,False,initial,2026-01-25 06:20:17
BKG_003386,USR_002886,3125.72,,False,initial,2026-03-09 03:09:23
BKG_003387,USR_002887,10055.54,,False,initial,2026-04-19 21:49:50
BKG_003388,USR_002888,2863.46,7673.89,True,initial,2026-02-03 02:55:20
BKG_003389,USR_002889,10689.85,,False,initial,2026-04-07 00:35:27
BKG_003390,USR_002891,7178.71,,False,initial,2026-05-15 04:31:46
BKG_003391,USR_002892,7061.16,,False,initial,2026-06-22 13:23:33
BKG_003392,USR_002893,3877.02,,False,initial,2026-03-25 17:27:23
BKG_003393,USR_002894,5386.45,,False,initial,2026-01-08 08:42:02
BKG_003394,USR_002896,6895.21,9598.0,True,initial,2026-05-12 12:59:15
BKG_003395,USR_002897,7291.11,,False,initial,2026-03-31 14:24:40
BKG_003396,USR_002897,10824.09,,False,initial,2026-01-05 09:23:17
BKG_003397,USR_002898,4288.14,,False,initial,2026-04-28 17:55:38
BKG_003398,USR_002899,11481.8,,False,initial,2026-03-31 10:45:37
BKG_003399,USR_002899,10032.2,,False,initial,2026-05-11 07:57:41
BKG_003400,USR_002900,5230.47,,False,initial,2026-05-10 00:48:35
BKG_003401,USR_002900,10709.29,,False,initial,2026-06-10 00:21:21
BKG_003402,USR_002900,4303.82,,False,initial,2026-04-07 19:28:38
BKG_003403,USR_002903,8507.03,13797.97,True,initial,2026-06-19 06:59:39
BKG_003404,USR_002904,6113.76,,False,initial,2026-04-27 09:08:05
BKG_003405,USR_002905,9031.62,,False,initial,2026-06-13 18:22:45
BKG_003406,USR_002906,11655.05,,False,initial,2026-04-13 17:57:29
BKG_003407,USR_002908,7740.49,,False,initial,2026-02-08 03:38:08
BKG_003408,USR_002908,5426.18,,False,initial,2026-06-03 19:32:38
BKG_003409,USR_002909,9381.39,,False,initial,2026-04-07 15:58:18
BKG_003410,USR_002909,5347.95,,False,initial,2026-02-01 12:52:18
BKG_003411,USR_002910,4559.34,,False,initial,2026-02-21 17:51:12
BKG_003412,USR_002911,8652.62,,False,initial,2026-03-19 01:57:33
BKG_003413,USR_002911,2840.04,,False,initial,2026-06-12 07:12:24
BKG_003414,USR_002912,6375.95,,False,initial,2026-03-10 17:25:42
BKG_003415,USR_002913,8933.52,,False,initial,2026-04-16 20:34:29
BKG_003416,USR_002914,2940.94,,False,initial,2026-05-15 01:15:56
BKG_003417,USR_002914,3107.53,,False,initial,2026-02-16 21:08:57
BKG_003418,USR_002915,4619.14,,False,initial,2026-02-14 17:03:05
BKG_003419,USR_002915,4854.83,,False,initial,2026-01-29 12:29:38
BKG_003420,USR_002915,11984.18,10314.77,True,initial,2026-06-07 19:50:49
BKG_003421,USR_002916,6857.65,,False,initial,2026-01-10 23:17:09
BKG_003422,USR_002917,10087.17,,False,initial,2026-05-18 11:08:14
BKG_003423,USR_002917,4473.75,,False,initial,2026-06-10 21:27:17
BKG_003424,USR_002918,4737.9,,False,initial,2026-01-02 22:09:07
BKG_003425,USR_002919,3531.8,,False,initial,2026-06-26 11:47:33
BKG_003426,USR_002919,6170.98,,False,initial,2026-01-27 10:40:23
BKG_003427,USR_002919,8582.31,,False,initial,2026-03-22 19:32:56
BKG_003428,USR_002920,6176.56,,False,initial,2026-03-10 06:39:11
BKG_003429,USR_002922,5326.61,,False,initial,2026-04-23 02:04:56
BKG_003430,USR_002922,11107.49,,False,initial,2026-06-05 22:20:19
BKG_003431,USR_002923,3768.28,,False,initial,2026-03-12 00:51:02
BKG_003432,USR_002924,4121.3,,False,initial,2026-06-21 08:13:49
BKG_003433,USR_002924,4280.58,8972.6,True,initial,2026-01-20 02:10:42
BKG_003434,USR_002925,5243.72,,False,initial,2026-06-17 22:44:19
BKG_003435,USR_002926,6206.85,3358.68,True,initial,2026-02-16 12:13:56
BKG_003436,USR_002926,10748.39,,False,initial,2026-03-28 08:44:39
BKG_003437,USR_002927,7804.8,,False,initial,2026-02-26 02:49:03
BKG_003438,USR_002927,7893.89,,False,initial,2026-03-20 12:48:49
BKG_003439,USR_002928,11585.31,,False,initial,2026-04-23 10:45:50
BKG_003440,USR_002929,11705.37,,False,initial,2026-03-07 23:43:07
BKG_003441,USR_002930,9392.07,,False,initial,2026-03-08 19:37:34
BKG_003442,USR_002930,11143.51,,False,initial,2026-06-22 04:06:44
BKG_003443,USR_002931,3682.55,,False,initial,2026-01-19 23:49:38
BKG_003444,USR_002932,2837.29,,False,initial,2026-06-21 22:34:04
BKG_003445,USR_002933,11114.37,,False,initial,2026-01-24 22:42:36
BKG_003446,USR_002933,6444.94,,False,initial,2026-05-04 06:13:18
BKG_003447,USR_002933,5908.51,,False,initial,2026-06-18 04:08:50
BKG_003448,USR_002937,10659.22,,False,initial,2026-01-07 13:00:48
BKG_003449,USR_002939,3526.78,,False,initial,2026-03-26 04:51:01
BKG_003450,USR_002939,7045.31,,False,initial,2026-06-27 06:12:16
BKG_003451,USR_002940,3358.45,,False,initial,2026-06-20 01:19:51
BKG_003452,USR_002941,6106.44,,False,initial,2026-01-07 20:38:21
BKG_003453,USR_002941,5862.24,,False,initial,2026-04-15 01:59:55
BKG_003454,USR_002943,9740.73,,False,initial,2026-01-18 19:54:04
BKG_003455,USR_002943,8620.23,,False,initial,2026-01-01 14:50:56
BKG_003456,USR_002943,4957.21,,False,initial,2026-03-18 08:03:46
BKG_003457,USR_002946,2710.75,,False,initial,2026-04-17 03:54:47
BKG_003458,USR_002947,5310.53,,False,initial,2026-01-26 19:34:37
BKG_003459,USR_002947,11960.25,,False,initial,2026-01-22 14:31:18
BKG_003460,USR_002948,6609.16,,False,initial,2026-06-17 00:28:59
BKG_003461,USR_002950,5411.52,,False,initial,2026-01-15 15:22:27
BKG_003462,USR_002950,2941.18,,False,initial,2026-05-06 07:58:02
BKG_003463,USR_002951,8456.39,,False,initial,2026-04-10 19:57:40
BKG_003464,USR_002951,10156.47,,False,initial,2026-02-14 22:22:31
BKG_003465,USR_002951,3168.22,12221.83,True,initial,2026-02-27 04:56:21
BKG_003466,USR_002954,4140.24,,False,initial,2026-02-15 02:25:59
BKG_003467,USR_002955,10276.58,,False,initial,2026-04-22 17:38:51
BKG_003468,USR_002956,5279.09,,False,initial,2026-06-11 07:14:55
BKG_003469,USR_002957,9716.97,,False,initial,2026-03-27 02:52:20
BKG_003470,USR_002958,6762.79,,False,initial,2026-05-05 13:15:52
BKG_003471,USR_002959,10011.51,,False,initial,2026-06-12 00:33:49
BKG_003472,USR_002960,11156.16,,False,initial,2026-04-19 07:38:34
BKG_003473,USR_002962,2765.05,,False,initial,2026-05-18 03:15:15
BKG_003474,USR_002962,9728.86,7473.45,True,initial,2026-03-05 03:49:55
BKG_003475,USR_002964,7433.56,,False,initial,2026-04-25 19:06:47
BKG_003476,USR_002964,10871.79,,False,initial,2026-01-15 20:54:21
BKG_003477,USR_002965,9449.0,,False,initial,2026-01-10 13:18:07
BKG_003478,USR_002966,11505.15,6105.62,True,initial,2026-06-11 02:08:46
BKG_003479,USR_002967,5082.44,,False,initial,2026-03-19 11:48:54
BKG_003480,USR_002968,8759.1,,False,initial,2026-04-19 15:55:25
BKG_003481,USR_002968,9020.43,,False,initial,2026-05-16 03:09:16
BKG_003482,USR_002968,10225.1,,False,initial,2026-04-19 19:09:21
BKG_003483,USR_002968,4099.4,,False,initial,2026-05-04 07:56:54
BKG_003484,USR_002971,3930.9,,False,initial,2026-03-18 05:23:30
BKG_003485,USR_002971,4393.16,,False,initial,2026-06-01 14:35:00
BKG_003486,USR_002972,11412.04,,False,initial,2026-06-04 20:20:41
BKG_003487,USR_002973,11507.73,,False,initial,2026-01-04 05:27:10
BKG_003488,USR_002973,11269.92,,False,initial,2026-05-30 03:31:49
BKG_003489,USR_002974,6575.81,,False,initial,2026-04-23 10:23:40
BKG_003490,USR_002975,9081.69,9133.1,True,initial,2026-02-11 05:24:12
BKG_003491,USR_002975,11853.24,,False,initial,2026-03-27 12:21:56
BKG_003492,USR_002981,11358.13,,False,initial,2026-05-31 18:31:44
BKG_003493,USR_002982,7425.22,,False,initial,2026-03-01 16:08:59
BKG_003494,USR_002982,8727.12,,False,initial,2026-04-18 16:05:54
BKG_003495,USR_002983,2579.03,,False,initial,2026-06-20 21:45:59
BKG_003496,USR_002986,3001.4,,False,initial,2026-05-04 16:06:33
BKG_003497,USR_002987,7829.54,,False,initial,2026-05-24 17:54:54
BKG_003498,USR_002988,4536.42,,False,initial,2026-05-22 23:48:11
BKG_003499,USR_002989,10017.62,,False,initial,2026-06-07 00:10:17
BKG_003500,USR_002990,4502.36,,False,initial,2026-05-12 01:54:29
BKG_003501,USR_002990,10603.31,,False,initial,2026-02-24 17:06:10
BKG_003502,USR_002992,9408.51,,False,initial,2026-01-02 23:01:48
BKG_003503,USR_002992,10394.74,,False,initial,2026-01-28 18:38:43
BKG_003504,USR_002993,10313.12,,False,initial,2026-03-28 10:40:57
BKG_003505,USR_002994,6574.79,,False,initial,2026-02-21 16:34:47
BKG_003506,USR_002995,6163.8,,False,initial,2026-03-18 15:03:22
BKG_003507,USR_002996,6476.49,,False,initial,2026-04-06 23:16:45
BKG_003508,USR_002997,6233.51,,False,initial,2026-03-23 23:22:44
BKG_003509,USR_002998,4396.22,,False,initial,2026-02-11 06:44:51
BKG_003510,USR_002999,5198.52,8921.15,True,initial,2026-05-12 23:25:08
BKG_003511,USR_003002,7072.11,,False,initial,2026-02-07 07:00:38
BKG_003512,USR_003002,11990.02,,False,initial,2026-02-12 02:08:39
BKG_003513,USR_003002,4164.96,,False,initial,2026-02-22 21:46:39
BKG_003514,USR_003003,5918.83,,False,initial,2026-05-14 16:42:59
BKG_003515,USR_003003,11173.6,,False,initial,2026-06-26 19:18:39
BKG_003516,USR_003004,3537.16,,False,initial,2026-05-15 20:54:29
BKG_003517,USR_003005,6270.66,,False,initial,2026-01-01 01:35:33
BKG_003518,USR_003005,8716.09,6724.14,True,initial,2026-06-20 04:56:13
BKG_003519,USR_003008,5825.91,,False,initial,2026-04-07 20:14:11
BKG_003520,USR_003009,3942.27,,False,initial,2026-03-12 09:51:49
BKG_003521,USR_003009,11620.15,,False,initial,2026-06-24 07:10:30
BKG_003522,USR_003010,2521.01,,False,initial,2026-01-16 05:08:40
BKG_003523,USR_003013,5826.36,,False,initial,2026-02-06 16:43:16
BKG_003524,USR_003013,4978.65,,False,initial,2026-04-08 09:13:15
BKG_003525,USR_003013,8292.88,,False,initial,2026-05-24 07:43:19
BKG_003526,USR_003014,9053.57,,False,initial,2026-02-18 05:37:29
BKG_003527,USR_003015,8275.01,,False,initial,2026-02-09 16:20:17
BKG_003528,USR_003017,7658.16,,False,initial,2026-03-13 11:13:32
BKG_003529,USR_003017,5047.31,,False,initial,2026-02-09 22:38:56
BKG_003530,USR_003018,2751.84,,False,initial,2026-03-05 03:39:18
BKG_003531,USR_003019,5146.8,,False,initial,2026-06-19 09:18:46
BKG_003532,USR_003022,8240.7,,False,initial,2026-05-05 10:28:43
BKG_003533,USR_003023,7995.25,,False,initial,2026-01-24 15:21:07
BKG_003534,USR_003023,5852.37,,False,initial,2026-03-28 20:20:14
BKG_003535,USR_003024,5014.01,,False,initial,2026-01-26 22:43:07
BKG_003536,USR_003024,10202.57,,False,initial,2026-06-29 21:04:37
BKG_003537,USR_003025,2724.19,,False,initial,2026-03-24 07:02:35
BKG_003538,USR_003025,5946.35,,False,initial,2026-03-31 02:00:59
BKG_003539,USR_003027,8522.91,,False,initial,2026-03-06 07:21:07
BKG_003540,USR_003027,10295.41,,False,initial,2026-05-17 08:36:09
BKG_003541,USR_003029,5873.78,,False,initial,2026-06-14 21:15:28
BKG_003542,USR_003031,8923.5,,False,initial,2026-04-23 05:22:45
BKG_003543,USR_003031,6684.13,,False,initial,2026-05-14 09:09:20
BKG_003544,USR_003033,5064.51,,False,initial,2026-04-26 15:22:34
BKG_003545,USR_003034,4811.75,,False,initial,2026-03-15 02:53:36
BKG_003546,USR_003034,5668.93,,False,initial,2026-06-16 17:50:23
BKG_003547,USR_003035,6207.53,,False,initial,2026-06-26 07:45:46
BKG_003548,USR_003035,10837.17,,False,initial,2026-01-24 22:13:08
BKG_003549,USR_003037,8236.33,3121.62,True,initial,2026-03-14 10:47:29
BKG_003550,USR_003037,10098.25,,False,initial,2026-02-21 22:22:21
BKG_003551,USR_003038,8147.87,,False,initial,2026-03-27 07:28:42
BKG_003552,USR_003039,10025.29,,False,initial,2026-06-06 02:33:47
BKG_003553,USR_003040,7138.26,,False,initial,2026-06-08 05:01:18
BKG_003554,USR_003041,5252.76,,False,initial,2026-01-03 08:47:24
BKG_003555,USR_003041,6816.2,,False,initial,2026-03-10 21:45:53
BKG_003556,USR_003042,5257.9,,False,initial,2026-03-04 09:38:38
BKG_003557,USR_003042,9454.11,,False,initial,2026-05-18 18:23:24
BKG_003558,USR_003045,8146.58,,False,initial,2026-05-01 07:34:19
BKG_003559,USR_003046,4879.25,,False,initial,2026-05-31 08:15:16
BKG_003560,USR_003046,8728.42,12802.23,True,initial,2026-05-07 10:18:05
BKG_003561,USR_003046,10475.55,,False,initial,2026-06-28 18:53:13
BKG_003562,USR_003047,2531.05,10683.01,True,initial,2026-04-15 19:36:03
BKG_003563,USR_003048,3220.67,,False,initial,2026-03-20 20:19:07
BKG_003564,USR_003049,5743.61,,False,initial,2026-01-02 11:58:24
BKG_003565,USR_003050,4072.85,,False,initial,2026-04-10 12:19:01
BKG_003566,USR_003052,9361.22,,False,initial,2026-04-23 12:51:05
BKG_003567,USR_003053,10033.84,,False,initial,2026-06-15 07:02:34
BKG_003568,USR_003054,2873.59,,False,initial,2026-04-23 17:53:53
BKG_003569,USR_003057,6001.18,,False,initial,2026-03-12 14:21:40
BKG_003570,USR_003058,2785.98,,False,initial,2026-05-20 01:52:01
BKG_003571,USR_003059,5927.32,,False,initial,2026-04-05 08:35:35
BKG_003572,USR_003059,7037.04,,False,initial,2026-06-24 18:26:35
BKG_003573,USR_003060,6244.24,,False,initial,2026-04-12 16:19:33
BKG_003574,USR_003063,9606.68,,False,initial,2026-01-19 10:56:17
BKG_003575,USR_003064,3371.48,,False,initial,2026-03-22 13:05:47
BKG_003576,USR_003065,5024.73,,False,initial,2026-02-25 21:48:17
BKG_003577,USR_003066,9089.97,,False,initial,2026-01-26 18:41:48
BKG_003578,USR_003067,2995.24,,False,initial,2026-03-05 07:33:35
BKG_003579,USR_003067,10776.9,,False,initial,2026-06-20 22:33:26
BKG_003580,USR_003069,11751.01,,False,initial,2026-03-28 10:14:11
BKG_003581,USR_003069,5826.42,,False,initial,2026-01-18 08:46:28
BKG_003582,USR_003070,7375.61,,False,initial,2026-01-22 11:17:45
BKG_003583,USR_003070,9831.88,,False,initial,2026-04-02 08:13:39
BKG_003584,USR_003072,4667.13,,False,initial,2026-02-17 20:51:05
BKG_003585,USR_003073,7787.78,,False,initial,2026-05-05 15:46:10
BKG_003586,USR_003073,6090.62,,False,initial,2026-01-16 14:29:29
BKG_003587,USR_003073,9561.38,,False,initial,2026-01-06 09:38:43
BKG_003588,USR_003075,9699.91,,False,initial,2026-02-14 03:14:31
BKG_003589,USR_003075,10008.88,,False,initial,2026-06-28 16:00:30
BKG_003590,USR_003077,11809.29,,False,initial,2026-03-07 13:12:41
BKG_003591,USR_003078,10187.77,,False,initial,2026-04-26 04:58:53
BKG_003592,USR_003078,4734.35,,False,initial,2026-06-29 00:58:55
BKG_003593,USR_003079,8875.47,,False,initial,2026-03-09 13:08:13
BKG_003594,USR_003080,9397.72,,False,initial,2026-05-16 06:35:40
BKG_003595,USR_003082,8487.61,,False,initial,2026-05-09 16:37:49
BKG_003596,USR_003083,4744.1,,False,initial,2026-01-04 11:45:33
BKG_003597,USR_003084,11797.43,,False,initial,2026-06-29 05:16:14
BKG_003598,USR_003084,5155.01,,False,initial,2026-04-12 21:42:08
BKG_003599,USR_003085,2778.17,,False,initial,2026-02-22 19:11:35
BKG_003600,USR_003086,10335.97,,False,initial,2026-01-30 17:12:11
BKG_003601,USR_003086,5094.96,,False,initial,2026-02-06 22:55:23
BKG_003602,USR_003087,4305.56,,False,initial,2026-03-05 00:09:34
BKG_003603,USR_003088,6970.65,,False,initial,2026-02-26 14:22:58
BKG_003604,USR_003091,6606.56,,False,initial,2026-02-25 21:17:54
BKG_003605,USR_003093,10190.37,,False,initial,2026-01-10 04:50:18
BKG_003606,USR_003093,4462.7,,False,initial,2026-02-18 17:09:28
BKG_003607,USR_003095,9750.32,,False,initial,2026-02-26 01:46:21
BKG_003608,USR_003097,6962.03,,False,initial,2026-02-10 07:45:10
BKG_003609,USR_003098,3357.79,,False,initial,2026-04-17 10:08:14
BKG_003610,USR_003099,10199.95,,False,initial,2026-02-02 00:05:35
BKG_003611,USR_003100,6900.11,,False,initial,2026-02-19 17:50:37
BKG_003612,USR_003101,9136.9,,False,initial,2026-05-26 16:08:26
BKG_003613,USR_003102,5514.76,,False,initial,2026-06-04 11:16:56
BKG_003614,USR_003103,8156.91,,False,initial,2026-02-14 20:33:34
BKG_003615,USR_003104,9378.22,,False,initial,2026-06-20 02:11:07
BKG_003616,USR_003106,4879.61,,False,initial,2026-04-25 09:47:49
BKG_003617,USR_003107,6285.59,,False,initial,2026-06-28 03:16:11
BKG_003618,USR_003107,10507.43,,False,initial,2026-01-25 19:01:29
BKG_003619,USR_003109,9306.93,,False,initial,2026-04-26 22:18:20
BKG_003620,USR_003109,6191.81,,False,initial,2026-06-27 11:13:45
BKG_003621,USR_003110,10225.03,,False,initial,2026-06-24 16:54:12
BKG_003622,USR_003111,10007.27,,False,initial,2026-01-22 00:18:12
BKG_003623,USR_003112,9410.03,,False,initial,2026-05-18 06:31:21
BKG_003624,USR_003113,4632.38,,False,initial,2026-05-27 01:02:45
BKG_003625,USR_003114,10727.13,,False,initial,2026-06-15 05:28:48
BKG_003626,USR_003115,8265.78,,False,initial,2026-02-22 22:42:21
BKG_003627,USR_003117,5634.65,,False,initial,2026-01-30 07:57:29
BKG_003628,USR_003119,5138.71,,False,initial,2026-02-16 00:01:39
BKG_003629,USR_003119,2860.42,11344.94,True,initial,2026-01-29 20:11:11
BKG_003630,USR_003120,5518.62,,False,initial,2026-02-28 05:48:14
BKG_003631,USR_003121,4225.78,,False,initial,2026-02-23 05:45:59
BKG_003632,USR_003121,3086.47,,False,initial,2026-02-25 20:13:02
BKG_003633,USR_003122,11301.35,,False,initial,2026-02-17 13:05:25
BKG_003634,USR_003123,9924.81,12602.76,True,initial,2026-06-23 14:43:26
BKG_003635,USR_003124,10084.95,,False,initial,2026-04-29 14:12:59
BKG_003636,USR_003125,8435.97,,False,initial,2026-06-17 23:26:25
BKG_003637,USR_003125,3526.24,,False,initial,2026-06-03 01:22:00
BKG_003638,USR_003125,3542.02,,False,initial,2026-02-23 16:28:19
BKG_003639,USR_003126,6114.17,,False,initial,2026-06-29 14:56:32
BKG_003640,USR_003126,3878.33,,False,initial,2026-01-29 07:13:46
BKG_003641,USR_003126,8379.14,,False,initial,2026-05-14 22:16:20
BKG_003642,USR_003127,3420.75,,False,initial,2026-05-28 23:14:39
BKG_003643,USR_003128,2655.28,,False,initial,2026-04-22 23:24:34
BKG_003644,USR_003130,5046.99,,False,initial,2026-06-10 06:49:30
BKG_003645,USR_003131,10074.39,,False,initial,2026-03-17 18:41:00
BKG_003646,USR_003132,5190.42,,False,initial,2026-01-23 08:21:19
BKG_003647,USR_003133,4640.56,,False,initial,2026-01-29 06:58:02
BKG_003648,USR_003134,4488.91,,False,initial,2026-06-08 21:19:45
BKG_003649,USR_003135,9595.45,,False,initial,2026-02-20 04:07:30
BKG_003650,USR_003137,10158.88,13609.75,True,initial,2026-01-04 09:55:39
BKG_003651,USR_003139,10323.99,,False,initial,2026-03-27 02:56:02
BKG_003652,USR_003141,7309.29,,False,initial,2026-05-11 21:10:30
BKG_003653,USR_003141,5803.53,,False,initial,2026-06-28 07:07:48
BKG_003654,USR_003143,2504.35,,False,initial,2026-06-23 09:50:06
BKG_003655,USR_003144,6266.13,,False,initial,2026-02-27 09:08:45
BKG_003656,USR_003144,5014.05,,False,initial,2026-02-27 08:39:15
BKG_003657,USR_003144,10766.11,,False,initial,2026-03-08 01:58:22
BKG_003658,USR_003147,3600.09,,False,initial,2026-03-20 01:53:19
BKG_003659,USR_003147,5166.66,,False,initial,2026-01-11 19:50:42
BKG_003660,USR_003148,4458.92,8707.95,True,initial,2026-02-25 01:03:33
BKG_003661,USR_003149,11343.42,12995.02,True,initial,2026-04-15 10:42:44
BKG_003662,USR_003150,8462.79,,False,initial,2026-01-20 09:34:18
BKG_003663,USR_003150,11672.63,,False,initial,2026-03-18 06:40:21
BKG_003664,USR_003151,11198.65,,False,initial,2026-06-20 04:56:23
BKG_003665,USR_003152,11999.98,,False,initial,2026-01-28 12:53:19
BKG_003666,USR_003152,3214.21,,False,initial,2026-06-25 09:43:25
BKG_003667,USR_003153,11030.15,,False,initial,2026-05-16 14:43:16
BKG_003668,USR_003156,6515.52,,False,initial,2026-03-29 02:50:07
BKG_003669,USR_003157,7371.9,,False,initial,2026-04-13 00:39:00
BKG_003670,USR_003158,9612.88,,False,initial,2026-04-20 03:15:26
BKG_003671,USR_003160,7659.34,,False,initial,2026-02-07 13:13:33
BKG_003672,USR_003161,6458.59,,False,initial,2026-03-19 03:59:41
BKG_003673,USR_003164,5614.85,,False,initial,2026-03-17 11:46:40
BKG_003674,USR_003165,5487.58,,False,initial,2026-02-07 15:45:03
BKG_003675,USR_003166,4107.99,,False,initial,2026-05-13 01:04:57
BKG_003676,USR_003166,6855.35,,False,initial,2026-05-29 04:55:56
BKG_003677,USR_003166,5748.27,,False,initial,2026-05-14 16:38:09
BKG_003678,USR_003167,8580.78,,False,initial,2026-01-13 02:26:46
BKG_003679,USR_003168,11207.77,7640.16,True,initial,2026-02-27 07:32:57
BKG_003680,USR_003169,11941.76,,False,initial,2026-04-30 21:04:10
BKG_003681,USR_003169,9450.57,,False,initial,2026-04-19 17:37:16
BKG_003682,USR_003170,4411.01,,False,initial,2026-01-07 14:07:16
BKG_003683,USR_003172,4582.41,,False,initial,2026-02-07 18:09:03
BKG_003684,USR_003173,2815.68,,False,initial,2026-01-01 12:39:28
BKG_003685,USR_003173,6968.95,,False,initial,2026-02-19 00:07:41
BKG_003686,USR_003174,6916.25,,False,initial,2026-05-17 07:02:47
BKG_003687,USR_003174,5138.68,,False,initial,2026-02-21 06:07:29
BKG_003688,USR_003175,4463.52,,False,initial,2026-04-06 17:11:01
BKG_003689,USR_003175,3160.62,,False,initial,2026-03-17 14:36:31
BKG_003690,USR_003175,7653.63,7638.42,True,initial,2026-02-06 21:31:58
BKG_003691,USR_003175,7322.38,,False,initial,2026-01-09 05:08:48
BKG_003692,USR_003176,8470.58,,False,initial,2026-05-22 20:02:31
BKG_003693,USR_003176,7207.84,,False,initial,2026-05-09 00:44:20
BKG_003694,USR_003178,4780.59,,False,initial,2026-03-25 05:11:13
BKG_003695,USR_003178,2790.88,,False,initial,2026-02-22 04:59:48
BKG_003696,USR_003180,8023.37,,False,initial,2026-04-19 08:49:40
BKG_003697,USR_003181,9576.78,,False,initial,2026-04-16 15:19:34
BKG_003698,USR_003184,5271.02,,False,initial,2026-06-17 08:19:26
BKG_003699,USR_003184,4562.43,,False,initial,2026-06-10 11:18:50
BKG_003700,USR_003184,7276.57,,False,initial,2026-06-24 09:03:08
BKG_003701,USR_003184,4878.54,,False,initial,2026-02-20 01:20:44
BKG_003702,USR_003185,7690.57,,False,initial,2026-04-24 18:03:58
BKG_003703,USR_003185,5792.38,,False,initial,2026-04-19 10:50:50
BKG_003704,USR_003186,11666.04,,False,initial,2026-02-24 07:38:52
BKG_003705,USR_003187,6517.2,,False,initial,2026-05-20 04:53:55
BKG_003706,USR_003187,5684.56,,False,initial,2026-06-29 10:07:56
BKG_003707,USR_003187,4579.73,,False,initial,2026-04-18 03:04:36
BKG_003708,USR_003188,7083.69,,False,initial,2026-01-19 18:00:30
BKG_003709,USR_003189,11446.29,,False,initial,2026-05-14 21:09:28
BKG_003710,USR_003190,4374.64,11127.54,True,initial,2026-06-28 05:29:57
BKG_003711,USR_003190,9973.08,,False,initial,2026-04-09 23:25:17
BKG_003712,USR_003190,11620.57,,False,initial,2026-02-05 15:29:34
BKG_003713,USR_003191,11442.87,,False,initial,2026-05-20 11:31:56
BKG_003714,USR_003192,7358.72,,False,initial,2026-01-23 14:29:11
BKG_003715,USR_003193,2848.31,,False,initial,2026-06-01 15:43:45
BKG_003716,USR_003194,5179.88,,False,initial,2026-05-05 12:19:55
BKG_003717,USR_003195,10548.54,,False,initial,2026-03-14 18:41:34
BKG_003718,USR_003195,6618.05,,False,initial,2026-02-28 04:28:42
BKG_003719,USR_003196,8888.25,,False,initial,2026-05-26 15:49:01
BKG_003720,USR_003197,2727.02,,False,initial,2026-04-12 01:48:24
BKG_003721,USR_003198,11898.95,,False,initial,2026-06-04 15:21:37
BKG_003722,USR_003199,2619.72,,False,initial,2026-06-08 16:29:30
BKG_003723,USR_003199,11899.26,,False,initial,2026-03-02 19:38:37
BKG_003724,USR_003200,4898.04,,False,initial,2026-05-27 04:42:52
BKG_003725,USR_003202,7876.76,,False,initial,2026-03-23 16:04:55
BKG_003726,USR_003203,10504.93,,False,initial,2026-03-08 13:17:57
BKG_003727,USR_003204,10116.34,,False,initial,2026-05-16 06:43:08
BKG_003728,USR_003205,8219.22,,False,initial,2026-04-09 01:25:00
BKG_003729,USR_003205,11874.23,,False,initial,2026-04-01 14:36:13
BKG_003730,USR_003206,6625.02,,False,initial,2026-01-10 11:56:27
BKG_003731,USR_003210,3551.3,13344.47,True,initial,2026-03-31 07:39:26
BKG_003732,USR_003213,11861.33,,False,initial,2026-01-26 00:28:43
BKG_003733,USR_003213,3898.71,,False,initial,2026-02-15 01:54:08
BKG_003734,USR_003214,5964.81,,False,initial,2026-01-22 06:58:04
BKG_003735,USR_003217,7570.92,,False,initial,2026-01-28 11:58:36
BKG_003736,USR_003217,8609.37,,False,initial,2026-05-21 13:17:31
BKG_003737,USR_003218,2755.39,,False,initial,2026-02-05 13:43:28
BKG_003738,USR_003219,10717.07,,False,initial,2026-01-07 15:53:19
BKG_003739,USR_003220,2505.19,,False,initial,2026-04-18 00:06:10
BKG_003740,USR_003221,10565.27,,False,initial,2026-04-07 17:56:38
BKG_003741,USR_003222,6087.85,,False,initial,2026-06-19 17:06:39
BKG_003742,USR_003223,9876.93,,False,initial,2026-06-22 08:50:31
BKG_003743,USR_003224,7326.03,,False,initial,2026-05-20 12:35:17
BKG_003744,USR_003224,11905.36,,False,initial,2026-04-22 20:19:16
BKG_003745,USR_003224,6570.39,,False,initial,2026-04-06 22:50:10
BKG_003746,USR_003224,7684.81,,False,initial,2026-02-13 05:53:43
BKG_003747,USR_003226,5667.72,,False,initial,2026-01-05 23:53:44
BKG_003748,USR_003226,6882.36,,False,initial,2026-02-23 01:28:33
BKG_003749,USR_003227,4824.02,,False,initial,2026-03-16 19:52:17
BKG_003750,USR_003228,7985.7,,False,initial,2026-06-22 03:29:57
BKG_003751,USR_003230,7435.67,,False,initial,2026-03-12 10:02:23
BKG_003752,USR_003231,8082.17,,False,initial,2026-04-18 05:28:00
BKG_003753,USR_003232,2851.64,,False,initial,2026-03-21 00:25:15
BKG_003754,USR_003233,6459.03,,False,initial,2026-02-09 16:45:05
BKG_003755,USR_003233,8168.79,,False,initial,2026-01-17 12:02:43
BKG_003756,USR_003233,4693.66,,False,initial,2026-02-09 02:06:37
BKG_003757,USR_003234,5777.02,,False,initial,2026-05-03 00:20:59
BKG_003758,USR_003235,2961.95,,False,initial,2026-04-14 04:00:39
BKG_003759,USR_003237,5826.6,,False,initial,2026-01-15 20:43:45
BKG_003760,USR_003238,7292.26,,False,initial,2026-03-09 14:23:37
BKG_003761,USR_003239,9391.31,6794.71,True,initial,2026-03-14 03:37:40
BKG_003762,USR_003239,3069.72,,False,initial,2026-06-12 23:05:26
BKG_003763,USR_003240,7182.09,,False,initial,2026-02-07 21:39:50
BKG_003764,USR_003241,7624.75,,False,initial,2026-06-02 23:13:12
BKG_003765,USR_003242,11274.54,,False,initial,2026-01-31 22:12:35
BKG_003766,USR_003243,7026.5,,False,initial,2026-04-30 23:02:31
BKG_003767,USR_003244,11826.58,,False,initial,2026-05-03 14:50:03
BKG_003768,USR_003246,4723.23,7381.57,True,initial,2026-01-12 08:13:32
BKG_003769,USR_003246,9350.95,,False,initial,2026-01-28 23:10:14
BKG_003770,USR_003247,9284.26,,False,initial,2026-06-28 11:44:26
BKG_003771,USR_003247,5166.72,,False,initial,2026-03-05 13:42:30
BKG_003772,USR_003247,9288.49,,False,initial,2026-05-25 17:33:19
BKG_003773,USR_003248,5529.06,,False,initial,2026-06-20 22:15:22
BKG_003774,USR_003249,6010.35,,False,initial,2026-02-05 00:30:25
BKG_003775,USR_003250,8443.44,8769.47,True,initial,2026-06-10 14:40:19
BKG_003776,USR_003250,3055.12,,False,initial,2026-01-14 03:05:09
BKG_003777,USR_003254,8759.95,,False,initial,2026-05-24 21:55:11
BKG_003778,USR_003254,2805.62,,False,initial,2026-03-21 16:31:13
BKG_003779,USR_003255,5181.08,,False,initial,2026-02-07 19:50:06
BKG_003780,USR_003255,11717.28,11929.26,True,initial,2026-01-04 19:33:50
BKG_003781,USR_003257,6643.81,,False,initial,2026-02-12 09:33:52
BKG_003782,USR_003259,7939.38,,False,initial,2026-06-16 06:32:02
BKG_003783,USR_003260,3836.53,,False,initial,2026-04-06 15:09:17
BKG_003784,USR_003260,10125.74,,False,initial,2026-01-04 01:47:56
BKG_003785,USR_003261,8509.82,,False,initial,2026-04-24 04:14:50
BKG_003786,USR_003261,5634.71,,False,initial,2026-01-22 01:35:49
BKG_003787,USR_003262,5924.74,,False,initial,2026-06-26 00:37:51
BKG_003788,USR_003263,5769.9,,False,initial,2026-03-23 18:18:19
BKG_003789,USR_003263,5062.32,,False,initial,2026-02-21 14:29:27
BKG_003790,USR_003264,8139.04,,False,initial,2026-03-01 14:28:38
BKG_003791,USR_003264,5477.75,,False,initial,2026-01-17 12:04:47
BKG_003792,USR_003265,5624.89,,False,initial,2026-04-09 14:02:57
BKG_003793,USR_003267,7565.74,7846.68,True,initial,2026-06-01 09:05:48
BKG_003794,USR_003269,2808.78,,False,initial,2026-01-23 17:21:25
BKG_003795,USR_003269,4338.92,,False,initial,2026-02-05 16:07:55
BKG_003796,USR_003273,4197.73,,False,initial,2026-06-22 03:12:00
BKG_003797,USR_003275,10281.91,,False,initial,2026-02-11 20:06:45
BKG_003798,USR_003275,11596.28,,False,initial,2026-02-25 22:35:05
BKG_003799,USR_003277,11237.67,,False,initial,2026-04-20 20:23:06
BKG_003800,USR_003278,5081.03,,False,initial,2026-04-16 13:02:05
BKG_003801,USR_003279,2881.06,,False,initial,2026-04-19 22:49:43
BKG_003802,USR_003281,6116.1,,False,initial,2026-04-02 03:44:54
BKG_003803,USR_003281,11692.75,,False,initial,2026-04-19 21:22:00
BKG_003804,USR_003282,11443.08,,False,initial,2026-04-15 04:16:25
BKG_003805,USR_003284,7158.9,,False,initial,2026-03-19 22:45:02
BKG_003806,USR_003285,5178.16,,False,initial,2026-01-14 16:51:52
BKG_003807,USR_003287,3185.62,,False,initial,2026-05-27 16:06:39
BKG_003808,USR_003287,3937.41,,False,initial,2026-03-13 02:30:07
BKG_003809,USR_003288,11129.3,,False,initial,2026-04-07 02:35:46
BKG_003810,USR_003289,4894.25,11921.94,True,initial,2026-04-08 12:46:49
BKG_003811,USR_003289,5534.87,,False,initial,2026-03-17 02:29:24
BKG_003812,USR_003289,4136.24,,False,initial,2026-04-03 00:56:03
BKG_003813,USR_003290,4006.65,,False,initial,2026-06-25 07:46:16
BKG_003814,USR_003291,7512.87,,False,initial,2026-05-31 03:56:06
BKG_003815,USR_003294,5883.92,,False,initial,2026-06-26 17:46:11
BKG_003816,USR_003295,9799.16,10222.73,True,initial,2026-03-13 23:13:53
BKG_003817,USR_003296,9815.83,,False,initial,2026-04-29 15:52:50
BKG_003818,USR_003296,7147.94,,False,initial,2026-04-26 09:07:53
BKG_003819,USR_003298,7179.54,,False,initial,2026-06-05 13:25:36
BKG_003820,USR_003300,11148.74,,False,initial,2026-06-17 23:41:58
BKG_003821,USR_003301,8696.15,,False,initial,2026-01-07 19:06:54
BKG_003822,USR_003301,9741.15,,False,initial,2026-02-13 23:58:02
BKG_003823,USR_003303,10575.1,,False,initial,2026-05-09 12:40:34
BKG_003824,USR_003304,6501.4,,False,initial,2026-03-19 01:49:09
BKG_003825,USR_003305,11262.51,,False,initial,2026-04-04 08:14:09
BKG_003826,USR_003306,3320.91,,False,initial,2026-04-09 23:25:43
BKG_003827,USR_003307,4315.62,,False,initial,2026-03-28 02:19:56
BKG_003828,USR_003308,10551.37,,False,initial,2026-01-25 09:07:15
BKG_003829,USR_003310,5287.58,,False,initial,2026-01-14 18:17:42
BKG_003830,USR_003310,2529.52,,False,initial,2026-04-26 13:00:55
BKG_003831,USR_003312,3458.0,,False,initial,2026-04-20 09:04:39
BKG_003832,USR_003314,9267.98,,False,initial,2026-03-23 18:09:15
BKG_003833,USR_003316,8025.36,,False,initial,2026-02-28 17:51:54
BKG_003834,USR_003317,3826.3,,False,initial,2026-06-26 11:27:01
BKG_003835,USR_003318,2623.13,,False,initial,2026-03-16 12:27:52
BKG_003836,USR_003318,11119.6,,False,initial,2026-03-15 10:13:52
BKG_003837,USR_003320,4623.19,,False,initial,2026-01-16 21:14:56
BKG_003838,USR_003321,6035.74,,False,initial,2026-04-05 04:13:08
BKG_003839,USR_003322,2556.08,,False,initial,2026-02-16 19:22:56
BKG_003840,USR_003323,7532.88,,False,initial,2026-06-09 22:51:20
BKG_003841,USR_003323,3869.58,,False,initial,2026-01-27 11:32:49
BKG_003842,USR_003324,5951.15,,False,initial,2026-01-04 05:49:23
BKG_003843,USR_003325,4761.93,,False,initial,2026-03-29 18:55:45
BKG_003844,USR_003325,9131.74,,False,initial,2026-02-03 12:09:49
BKG_003845,USR_003326,10346.37,,False,initial,2026-02-18 08:27:11
BKG_003846,USR_003327,4238.33,,False,initial,2026-03-05 07:31:19
BKG_003847,USR_003328,9282.37,,False,initial,2026-04-02 21:23:45
BKG_003848,USR_003329,6485.57,,False,initial,2026-04-12 10:07:28
BKG_003849,USR_003330,10167.15,,False,initial,2026-01-13 22:20:14
BKG_003850,USR_003331,9361.68,,False,initial,2026-05-21 02:27:30
BKG_003851,USR_003332,5716.0,,False,initial,2026-06-21 04:50:36
BKG_003852,USR_003333,5206.58,,False,initial,2026-03-25 09:03:17
BKG_003853,USR_003333,3831.77,,False,initial,2026-05-25 20:15:55
BKG_003854,USR_003333,5532.55,13353.89,True,initial,2026-04-29 20:52:03
BKG_003855,USR_003334,4738.01,,False,initial,2026-06-13 08:45:38
BKG_003856,USR_003335,6285.49,,False,initial,2026-01-02 05:35:59
BKG_003857,USR_003336,6963.31,,False,initial,2026-01-31 00:42:36
BKG_003858,USR_003337,2654.31,,False,initial,2026-03-23 10:23:14
BKG_003859,USR_003337,8047.24,,False,initial,2026-05-19 18:50:24
BKG_003860,USR_003338,6456.83,,False,initial,2026-05-18 19:35:14
BKG_003861,USR_003341,10833.04,,False,initial,2026-03-16 13:15:07
BKG_003862,USR_003342,7573.87,,False,initial,2026-03-22 19:22:28
BKG_003863,USR_003343,8058.25,,False,initial,2026-02-12 15:53:04
BKG_003864,USR_003345,6420.48,,False,initial,2026-05-04 10:06:22
BKG_003865,USR_003345,6669.27,,False,initial,2026-02-28 14:11:34
BKG_003866,USR_003345,6676.67,,False,initial,2026-05-15 19:48:01
BKG_003867,USR_003346,3135.83,,False,initial,2026-01-06 23:21:10
BKG_003868,USR_003348,6411.41,,False,initial,2026-03-28 10:04:49
BKG_003869,USR_003349,6128.96,,False,initial,2026-01-28 08:12:11
BKG_003870,USR_003350,7453.91,,False,initial,2026-06-06 05:10:30
BKG_003871,USR_003351,10277.3,,False,initial,2026-04-15 19:03:16
BKG_003872,USR_003352,7459.41,,False,initial,2026-03-29 10:26:46
BKG_003873,USR_003353,6063.16,,False,initial,2026-04-08 18:03:17
BKG_003874,USR_003353,6528.11,,False,initial,2026-06-16 00:56:54
BKG_003875,USR_003353,4055.33,,False,initial,2026-04-01 12:53:48
BKG_003876,USR_003353,10788.14,,False,initial,2026-02-02 06:32:37
BKG_003877,USR_003354,3242.52,,False,initial,2026-06-08 19:13:53
BKG_003878,USR_003355,7589.58,,False,initial,2026-02-02 10:20:18
BKG_003879,USR_003356,6438.3,,False,initial,2026-06-28 19:25:34
BKG_003880,USR_003356,10414.86,,False,initial,2026-02-24 14:11:27
BKG_003881,USR_003357,9632.03,,False,initial,2026-04-20 01:08:10
BKG_003882,USR_003358,7636.47,,False,initial,2026-02-22 18:34:24
BKG_003883,USR_003359,10888.84,,False,initial,2026-06-21 04:14:16
BKG_003884,USR_003360,11112.19,,False,initial,2026-05-05 12:44:12
BKG_003885,USR_003361,4961.24,,False,initial,2026-01-10 18:23:16
BKG_003886,USR_003361,10895.37,,False,initial,2026-02-10 19:13:16
BKG_003887,USR_003361,10849.66,10950.43,True,initial,2026-05-31 21:12:41
BKG_003888,USR_003363,6902.01,,False,initial,2026-06-04 19:58:13
BKG_003889,USR_003365,7690.86,12650.06,True,initial,2026-04-02 22:19:09
BKG_003890,USR_003366,6283.99,,False,initial,2026-05-05 16:49:15
BKG_003891,USR_003366,2788.17,,False,initial,2026-02-07 03:53:25
BKG_003892,USR_003367,6818.61,,False,initial,2026-04-12 12:38:38
BKG_003893,USR_003368,8274.06,,False,initial,2026-01-18 22:26:27
BKG_003894,USR_003368,7694.97,,False,initial,2026-04-29 08:13:26
BKG_003895,USR_003369,2585.99,,False,initial,2026-03-23 01:09:27
BKG_003896,USR_003370,7202.72,,False,initial,2026-06-08 00:43:52
BKG_003897,USR_003373,4171.31,,False,initial,2026-04-19 11:58:07
BKG_003898,USR_003373,7891.17,,False,initial,2026-03-14 10:18:06
BKG_003899,USR_003373,7500.32,,False,initial,2026-02-23 12:45:22
BKG_003900,USR_003374,10477.37,,False,initial,2026-06-29 17:51:16
BKG_003901,USR_003374,3795.41,,False,initial,2026-05-21 13:42:11
BKG_003902,USR_003374,10464.7,,False,initial,2026-06-21 03:13:14
BKG_003903,USR_003375,10344.2,,False,initial,2026-04-22 00:33:24
BKG_003904,USR_003377,9651.18,,False,initial,2026-03-29 16:03:14
BKG_003905,USR_003378,3895.55,,False,initial,2026-06-27 16:47:22
BKG_003906,USR_003379,11521.65,,False,initial,2026-02-04 02:50:17
BKG_003907,USR_003379,11362.2,,False,initial,2026-03-18 10:24:14
BKG_003908,USR_003379,5478.3,,False,initial,2026-02-07 01:32:01
BKG_003909,USR_003380,11355.67,,False,initial,2026-02-23 05:53:40
BKG_003910,USR_003381,9230.5,,False,initial,2026-03-23 13:15:42
BKG_003911,USR_003382,9701.32,,False,initial,2026-01-01 18:13:36
BKG_003912,USR_003382,8525.38,,False,initial,2026-04-06 05:02:38
BKG_003913,USR_003383,7848.46,,False,initial,2026-02-07 16:25:10
BKG_003914,USR_003384,7994.68,,False,initial,2026-02-11 04:57:27
BKG_003915,USR_003384,6618.83,,False,initial,2026-04-26 08:27:56
BKG_003916,USR_003387,3873.0,,False,initial,2026-03-31 02:05:26
BKG_003917,USR_003387,6964.12,,False,initial,2026-05-07 07:07:15
BKG_003918,USR_003389,8161.2,,False,initial,2026-01-25 09:21:14
BKG_003919,USR_003390,9217.17,,False,initial,2026-02-11 13:23:10
BKG_003920,USR_003392,9827.71,,False,initial,2026-05-02 16:09:09
BKG_003921,USR_003393,7115.08,,False,initial,2026-01-06 09:26:08
BKG_003922,USR_003394,6641.95,,False,initial,2026-02-22 00:07:28
BKG_003923,USR_003395,8322.75,,False,initial,2026-05-18 13:13:26
BKG_003924,USR_003396,2560.81,,False,initial,2026-01-28 21:18:05
BKG_003925,USR_003396,8453.1,,False,initial,2026-04-25 23:30:43
BKG_003926,USR_003396,11805.1,,False,initial,2026-06-18 01:44:14
BKG_003927,USR_003397,11029.76,,False,initial,2026-06-12 22:34:23
BKG_003928,USR_003398,9310.01,,False,initial,2026-06-29 00:27:58
BKG_003929,USR_003398,6419.83,,False,initial,2026-01-11 13:43:33
BKG_003930,USR_003398,8514.46,,False,initial,2026-03-01 07:58:38
BKG_003931,USR_003399,7172.78,,False,initial,2026-02-23 01:48:05
BKG_003932,USR_003399,5450.49,,False,initial,2026-03-22 13:35:25
BKG_003933,USR_003400,2977.91,,False,initial,2026-05-29 19:52:51
BKG_003934,USR_003400,6489.44,,False,initial,2026-05-05 09:34:56
BKG_003935,USR_003403,3481.76,,False,initial,2026-05-24 01:33:04
BKG_003936,USR_003403,10272.95,,False,initial,2026-03-21 02:55:29
BKG_003937,USR_003404,2612.46,,False,initial,2026-04-01 04:21:07
BKG_003938,USR_003406,7628.52,,False,initial,2026-04-20 16:06:13
BKG_003939,USR_003406,3459.47,,False,initial,2026-04-09 13:43:57
BKG_003940,USR_003408,9335.55,6102.32,True,initial,2026-01-13 10:01:54
BKG_003941,USR_003409,6224.26,,False,initial,2026-03-24 08:32:48
BKG_003942,USR_003410,3353.73,,False,initial,2026-05-27 02:58:53
BKG_003943,USR_003411,3795.75,,False,initial,2026-03-28 14:58:20
BKG_003944,USR_003411,4896.23,10300.37,True,initial,2026-04-12 06:46:19
BKG_003945,USR_003412,10397.24,,False,initial,2026-03-15 22:19:41
BKG_003946,USR_003413,4990.26,9165.39,True,initial,2026-06-18 07:43:23
BKG_003947,USR_003414,10854.03,,False,initial,2026-03-09 07:52:13
BKG_003948,USR_003414,4191.06,,False,initial,2026-06-05 06:21:50
BKG_003949,USR_003415,4434.18,,False,initial,2026-04-20 19:15:13
BKG_003950,USR_003415,2845.68,,False,initial,2026-02-20 02:15:36
BKG_003951,USR_003417,10550.94,,False,initial,2026-06-02 16:24:00
BKG_003952,USR_003418,8005.78,,False,initial,2026-03-30 16:03:45
BKG_003953,USR_003419,10303.53,,False,initial,2026-05-22 01:49:08
BKG_003954,USR_003421,10218.54,,False,initial,2026-05-15 20:33:12
BKG_003955,USR_003422,7760.02,,False,initial,2026-01-01 04:04:19
BKG_003956,USR_003423,11843.97,,False,initial,2026-06-16 09:38:34
BKG_003957,USR_003423,4171.68,,False,initial,2026-05-01 22:54:10
BKG_003958,USR_003424,4953.15,,False,initial,2026-04-13 09:09:59
BKG_003959,USR_003426,4481.91,,False,initial,2026-02-17 11:01:25
BKG_003960,USR_003428,3079.34,,False,initial,2026-03-10 17:06:27
BKG_003961,USR_003429,3367.87,,False,initial,2026-06-28 00:59:14
BKG_003962,USR_003430,10039.0,,False,initial,2026-03-13 09:49:36
BKG_003963,USR_003430,9584.85,,False,initial,2026-01-31 10:58:47
BKG_003964,USR_003431,3451.55,,False,initial,2026-03-23 12:59:24
BKG_003965,USR_003432,10745.95,,False,initial,2026-05-30 11:28:33
BKG_003966,USR_003432,6429.01,,False,initial,2026-03-15 13:58:48
BKG_003967,USR_003433,7030.02,5897.87,True,initial,2026-02-28 05:55:03
BKG_003968,USR_003434,11761.25,,False,initial,2026-03-26 02:56:22
BKG_003969,USR_003435,7328.35,,False,initial,2026-02-28 18:50:48
BKG_003970,USR_003436,6622.03,,False,initial,2026-01-26 11:43:40
BKG_003971,USR_003438,2898.05,,False,initial,2026-06-06 10:27:14
BKG_003972,USR_003438,11646.76,,False,initial,2026-04-02 07:12:10
BKG_003973,USR_003441,3936.9,,False,initial,2026-04-23 06:05:57
BKG_003974,USR_003442,6113.3,,False,initial,2026-05-22 09:12:23
BKG_003975,USR_003443,3776.38,,False,initial,2026-02-16 20:57:35
BKG_003976,USR_003445,9963.3,,False,initial,2026-05-23 13:43:36
BKG_003977,USR_003445,10147.78,12753.18,True,initial,2026-04-18 18:08:12
BKG_003978,USR_003447,9717.57,,False,initial,2026-06-12 03:48:50
BKG_003979,USR_003448,2516.18,,False,initial,2026-02-12 10:28:51
BKG_003980,USR_003450,10788.45,,False,initial,2026-04-29 14:26:42
BKG_003981,USR_003450,10558.95,,False,initial,2026-06-07 01:26:05
BKG_003982,USR_003452,9106.14,,False,initial,2026-02-10 22:59:14
BKG_003983,USR_003452,3927.61,,False,initial,2026-06-25 03:56:42
BKG_003984,USR_003452,11850.17,,False,initial,2026-02-02 04:31:53
BKG_003985,USR_003453,3738.16,,False,initial,2026-03-08 01:08:27
BKG_003986,USR_003453,11983.99,,False,initial,2026-04-09 02:03:43
BKG_003987,USR_003456,9542.91,,False,initial,2026-01-08 14:53:12
BKG_003988,USR_003456,11595.03,,False,initial,2026-06-10 09:24:41
BKG_003989,USR_003458,5434.91,,False,initial,2026-02-12 18:25:06
BKG_003990,USR_003460,7646.56,,False,initial,2026-05-04 01:54:30
BKG_003991,USR_003461,7020.22,,False,initial,2026-06-28 22:46:55
BKG_003992,USR_003463,2981.73,,False,initial,2026-02-07 09:27:38
BKG_003993,USR_003464,8479.21,,False,initial,2026-02-08 15:30:25
BKG_003994,USR_003464,6921.55,,False,initial,2026-02-10 11:00:39
BKG_003995,USR_003465,9489.71,,False,initial,2026-05-03 04:40:29
BKG_003996,USR_003466,11779.64,,False,initial,2026-01-23 04:28:37
BKG_003997,USR_003466,10915.63,5943.84,True,initial,2026-01-13 15:43:34
BKG_003998,USR_003467,5316.62,,False,initial,2026-03-28 18:31:17
BKG_003999,USR_003468,6976.24,,False,initial,2026-01-12 19:50:38
BKG_004000,USR_003468,5204.66,,False,initial,2026-06-23 04:53:46
BKG_004001,USR_003469,4206.32,3086.04,True,initial,2026-04-12 07:59:04
BKG_004002,USR_003469,3631.47,,False,initial,2026-02-15 14:00:19
BKG_004003,USR_003470,4381.23,10175.53,True,initial,2026-03-11 11:43:39
BKG_004004,USR_003471,3129.64,,False,initial,2026-01-31 04:16:24
BKG_004005,USR_003472,10523.4,,False,initial,2026-06-02 19:14:33
BKG_004006,USR_003473,5273.12,,False,initial,2026-05-19 11:08:39
BKG_004007,USR_003475,4831.18,,False,initial,2026-01-11 18:09:12
BKG_004008,USR_003475,11294.77,,False,initial,2026-02-19 20:06:24
BKG_004009,USR_003477,3022.68,,False,initial,2026-03-12 12:43:41
BKG_004010,USR_003477,3659.11,,False,initial,2026-01-28 00:42:45
BKG_004011,USR_003478,2562.1,,False,initial,2026-01-14 11:05:34
BKG_004012,USR_003479,10235.76,,False,initial,2026-02-19 11:34:50
BKG_004013,USR_003482,11256.7,,False,initial,2026-03-10 18:31:15
BKG_004014,USR_003483,4438.67,,False,initial,2026-01-27 04:10:09
BKG_004015,USR_003483,6157.62,,False,initial,2026-06-11 01:34:10
BKG_004016,USR_003484,6980.42,,False,initial,2026-05-11 04:57:26
BKG_004017,USR_003485,9357.04,,False,initial,2026-06-17 00:48:36
BKG_004018,USR_003485,5347.67,,False,initial,2026-02-11 19:06:03
BKG_004019,USR_003485,4900.81,,False,initial,2026-06-22 10:12:44
BKG_004020,USR_003486,8191.39,,False,initial,2026-04-26 14:38:13
BKG_004021,USR_003486,9787.85,9245.93,True,initial,2026-03-25 15:30:14
BKG_004022,USR_003486,5204.84,,False,initial,2026-01-10 20:53:07
BKG_004023,USR_003487,10857.12,,False,initial,2026-03-08 11:48:37
BKG_004024,USR_003490,9298.61,,False,initial,2026-06-20 08:03:44
BKG_004025,USR_003491,10834.29,,False,initial,2026-01-26 21:21:02
BKG_004026,USR_003491,6442.62,,False,initial,2026-06-07 01:05:22
BKG_004027,USR_003491,10498.07,,False,initial,2026-04-17 14:15:12
BKG_004028,USR_003492,9430.7,,False,initial,2026-01-20 21:20:00
BKG_004029,USR_003493,7218.38,,False,initial,2026-02-07 13:18:31
BKG_004030,USR_003493,6970.51,,False,initial,2026-02-20 05:07:41
BKG_004031,USR_003494,5658.98,,False,initial,2026-03-30 01:54:20
BKG_004032,USR_003495,6484.1,6507.98,True,initial,2026-03-07 19:29:12
BKG_004033,USR_003496,3999.75,,False,initial,2026-05-09 23:28:26
BKG_004034,USR_003497,4352.19,,False,initial,2026-06-16 14:57:04
BKG_004035,USR_003497,3093.83,,False,initial,2026-02-28 05:00:12
BKG_004036,USR_003500,5603.29,,False,initial,2026-02-18 21:18:37
BKG_004037,USR_003501,11689.88,,False,initial,2026-03-05 19:50:17
BKG_004038,USR_003502,5601.46,,False,initial,2026-04-30 12:48:03
BKG_004039,USR_003502,7900.65,,False,initial,2026-04-12 20:10:39
BKG_004040,USR_003503,5359.61,,False,initial,2026-02-25 00:00:14
BKG_004041,USR_003503,10145.11,,False,initial,2026-06-14 05:18:25
BKG_004042,USR_003504,8235.94,,False,initial,2026-02-27 01:15:27
BKG_004043,USR_003505,11332.96,,False,initial,2026-03-23 23:02:10
BKG_004044,USR_003506,8125.16,,False,initial,2026-06-02 07:46:16
BKG_004045,USR_003506,4556.62,,False,initial,2026-04-24 20:42:26
BKG_004046,USR_003506,11112.23,,False,initial,2026-01-04 23:40:53
BKG_004047,USR_003507,7327.48,10202.9,True,initial,2026-04-12 01:18:55
BKG_004048,USR_003508,3258.21,,False,initial,2026-01-14 05:14:04
BKG_004049,USR_003509,7882.27,,False,initial,2026-03-21 20:03:27
BKG_004050,USR_003511,5067.69,,False,initial,2026-06-06 20:33:39
BKG_004051,USR_003513,6686.82,,False,initial,2026-06-14 05:05:14
BKG_004052,USR_003513,9439.69,,False,initial,2026-04-17 20:33:56
BKG_004053,USR_003514,9971.55,,False,initial,2026-04-01 20:26:36
BKG_004054,USR_003515,6809.63,,False,initial,2026-01-06 16:24:21
BKG_004055,USR_003516,5623.87,,False,initial,2026-05-07 13:09:32
BKG_004056,USR_003516,3546.97,,False,initial,2026-04-24 11:18:58
BKG_004057,USR_003516,2592.18,,False,initial,2026-05-12 18:56:00
BKG_004058,USR_003517,5380.89,,False,initial,2026-06-18 05:56:32
BKG_004059,USR_003518,2690.16,10192.39,True,initial,2026-04-12 08:48:24
BKG_004060,USR_003519,4020.31,,False,initial,2026-01-11 09:25:02
BKG_004061,USR_003520,6639.07,6769.28,True,initial,2026-02-23 18:00:19
BKG_004062,USR_003520,2622.14,,False,initial,2026-04-11 22:02:12
BKG_004063,USR_003521,7436.6,,False,initial,2026-02-03 09:57:36
BKG_004064,USR_003521,7039.48,,False,initial,2026-04-06 15:10:43
BKG_004065,USR_003523,7820.85,,False,initial,2026-04-11 01:06:03
BKG_004066,USR_003523,9428.17,,False,initial,2026-01-23 11:52:54
BKG_004067,USR_003523,11006.73,,False,initial,2026-05-11 07:25:45
BKG_004068,USR_003524,7796.55,,False,initial,2026-02-08 07:24:03
BKG_004069,USR_003525,10596.24,,False,initial,2026-03-21 04:27:39
BKG_004070,USR_003526,9187.53,,False,initial,2026-01-28 17:01:44
BKG_004071,USR_003527,10027.59,,False,initial,2026-03-10 17:29:15
BKG_004072,USR_003529,7490.33,,False,initial,2026-01-24 23:39:26
BKG_004073,USR_003529,5228.8,13486.11,True,initial,2026-05-24 04:01:19
BKG_004074,USR_003530,4321.09,,False,initial,2026-03-16 22:38:05
BKG_004075,USR_003530,6262.0,,False,initial,2026-06-15 23:02:47
BKG_004076,USR_003533,5344.39,,False,initial,2026-03-26 15:29:52
BKG_004077,USR_003533,4887.91,,False,initial,2026-03-05 22:08:14
BKG_004078,USR_003534,5220.95,,False,initial,2026-01-07 14:11:59
BKG_004079,USR_003535,8866.69,,False,initial,2026-03-18 03:46:17
BKG_004080,USR_003536,6522.66,,False,initial,2026-05-09 05:25:14
BKG_004081,USR_003536,5079.71,,False,initial,2026-04-11 20:59:38
BKG_004082,USR_003537,10063.2,,False,initial,2026-06-23 23:28:14
BKG_004083,USR_003538,4145.41,,False,initial,2026-01-10 18:25:35
BKG_004084,USR_003538,4265.86,,False,initial,2026-03-26 13:39:19
BKG_004085,USR_003540,10546.08,14953.08,True,initial,2026-04-24 13:58:33
BKG_004086,USR_003541,5441.14,,False,initial,2026-04-07 23:02:09
BKG_004087,USR_003542,4133.76,,False,initial,2026-01-21 07:23:43
BKG_004088,USR_003543,2938.19,,False,initial,2026-01-27 01:30:30
BKG_004089,USR_003544,9062.3,,False,initial,2026-03-28 14:48:43
BKG_004090,USR_003545,9594.67,,False,initial,2026-05-29 18:00:27
BKG_004091,USR_003547,8487.12,,False,initial,2026-01-17 21:03:20
BKG_004092,USR_003550,11629.07,,False,initial,2026-02-08 16:12:29
BKG_004093,USR_003551,4670.86,,False,initial,2026-05-12 03:48:02
BKG_004094,USR_003551,10271.68,,False,initial,2026-05-25 09:07:25
BKG_004095,USR_003552,11310.78,,False,initial,2026-04-06 21:07:55
BKG_004096,USR_003553,7318.91,,False,initial,2026-01-24 17:08:35
BKG_004097,USR_003553,5012.97,,False,initial,2026-02-28 22:19:41
BKG_004098,USR_003554,5251.64,,False,initial,2026-04-03 22:35:17
BKG_004099,USR_003555,5005.6,,False,initial,2026-01-05 21:35:49
BKG_004100,USR_003556,4166.23,,False,initial,2026-03-01 23:28:43
BKG_004101,USR_003557,5735.96,,False,initial,2026-01-12 02:33:41
BKG_004102,USR_003557,2911.62,,False,initial,2026-05-26 02:02:13
BKG_004103,USR_003558,2834.31,,False,initial,2026-04-20 02:23:49
BKG_004104,USR_003558,2930.24,,False,initial,2026-01-02 17:40:08
BKG_004105,USR_003559,5175.01,,False,initial,2026-01-17 15:14:35
BKG_004106,USR_003560,7068.29,,False,initial,2026-05-21 08:18:10
BKG_004107,USR_003560,8278.59,,False,initial,2026-05-17 18:36:04
BKG_004108,USR_003561,6417.69,,False,initial,2026-06-25 11:52:17
BKG_004109,USR_003562,9441.15,,False,initial,2026-03-30 05:35:27
BKG_004110,USR_003563,7494.21,,False,initial,2026-05-24 11:59:52
BKG_004111,USR_003563,2988.6,,False,initial,2026-04-18 07:10:25
BKG_004112,USR_003564,11268.71,,False,initial,2026-05-07 04:55:25
BKG_004113,USR_003564,5559.73,,False,initial,2026-01-25 00:45:57
BKG_004114,USR_003564,6075.8,,False,initial,2026-06-12 20:42:35
BKG_004115,USR_003566,10811.93,,False,initial,2026-04-15 15:53:02
BKG_004116,USR_003567,8656.51,,False,initial,2026-01-19 07:12:09
BKG_004117,USR_003567,6297.89,,False,initial,2026-04-29 08:33:13
BKG_004118,USR_003567,3162.44,,False,initial,2026-03-08 01:16:31
BKG_004119,USR_003568,4627.33,,False,initial,2026-05-10 21:54:18
BKG_004120,USR_003568,4871.18,,False,initial,2026-02-24 05:18:42
BKG_004121,USR_003569,10285.03,,False,initial,2026-06-01 15:43:39
BKG_004122,USR_003570,7513.54,14980.75,True,initial,2026-06-18 15:51:48
BKG_004123,USR_003571,4020.22,,False,initial,2026-05-14 02:23:43
BKG_004124,USR_003573,2700.03,,False,initial,2026-05-13 09:04:56
BKG_004125,USR_003573,10266.3,,False,initial,2026-06-03 16:56:44
BKG_004126,USR_003574,8921.49,,False,initial,2026-01-21 07:54:36
BKG_004127,USR_003575,10225.3,,False,initial,2026-04-23 06:30:15
BKG_004128,USR_003576,8546.22,,False,initial,2026-01-08 14:48:28
BKG_004129,USR_003578,6147.36,,False,initial,2026-04-22 17:30:37
BKG_004130,USR_003581,3532.22,,False,initial,2026-05-22 12:04:50
BKG_004131,USR_003582,4821.71,,False,initial,2026-06-16 01:03:11
BKG_004132,USR_003582,7274.0,,False,initial,2026-05-19 19:15:46
BKG_004133,USR_003583,6273.96,,False,initial,2026-05-27 23:33:53
BKG_004134,USR_003584,8431.6,,False,initial,2026-03-06 12:49:04
BKG_004135,USR_003585,6467.8,,False,initial,2026-05-25 20:54:25
BKG_004136,USR_003586,11933.14,,False,initial,2026-03-06 18:13:27
BKG_004137,USR_003586,9664.4,,False,initial,2026-01-29 23:38:53
BKG_004138,USR_003588,9071.65,6953.48,True,initial,2026-04-19 21:03:42
BKG_004139,USR_003589,5253.88,,False,initial,2026-01-08 09:39:11
BKG_004140,USR_003590,8072.21,,False,initial,2026-04-22 10:50:57
BKG_004141,USR_003591,4021.97,,False,initial,2026-04-13 11:23:37
BKG_004142,USR_003592,10257.92,,False,initial,2026-06-07 07:23:30
BKG_004143,USR_003592,5952.33,,False,initial,2026-05-13 03:23:00
BKG_004144,USR_003593,3935.71,,False,initial,2026-01-24 15:13:26
BKG_004145,USR_003594,6235.16,,False,initial,2026-04-13 06:56:19
BKG_004146,USR_003596,7274.93,,False,initial,2026-01-12 00:23:24
BKG_004147,USR_003597,10204.58,,False,initial,2026-05-01 14:44:13
BKG_004148,USR_003597,7205.34,,False,initial,2026-04-27 00:02:17
BKG_004149,USR_003597,5841.08,,False,initial,2026-05-16 19:05:36
BKG_004150,USR_003598,3561.98,,False,initial,2026-02-08 12:37:24
BKG_004151,USR_003598,9628.64,,False,initial,2026-04-25 18:49:02
BKG_004152,USR_003599,5886.29,,False,initial,2026-02-05 07:00:12
BKG_004153,USR_003599,11575.05,,False,initial,2026-05-03 20:01:37
BKG_004154,USR_003602,6203.05,,False,initial,2026-02-21 18:44:05
BKG_004155,USR_003602,9316.95,,False,initial,2026-04-25 01:21:25
BKG_004156,USR_003604,7209.27,,False,initial,2026-03-02 13:59:05
BKG_004157,USR_003604,3246.17,,False,initial,2026-06-10 14:34:55
BKG_004158,USR_003604,5593.21,,False,initial,2026-01-08 12:25:03
BKG_004159,USR_003606,7345.87,,False,initial,2026-03-31 19:58:30
BKG_004160,USR_003607,7940.86,,False,initial,2026-06-08 07:21:13
BKG_004161,USR_003608,5865.38,,False,initial,2026-05-18 14:08:43
BKG_004162,USR_003609,11238.27,,False,initial,2026-06-05 21:01:45
BKG_004163,USR_003610,6051.55,,False,initial,2026-06-10 17:28:24
BKG_004164,USR_003611,7110.74,,False,initial,2026-01-30 11:26:35
BKG_004165,USR_003612,4020.41,,False,initial,2026-06-20 05:33:10
BKG_004166,USR_003613,4536.6,,False,initial,2026-03-09 20:31:14
BKG_004167,USR_003614,5714.6,,False,initial,2026-02-27 20:11:36
BKG_004168,USR_003615,5776.53,,False,initial,2026-01-07 23:44:33
BKG_004169,USR_003615,3327.66,,False,initial,2026-06-10 02:43:15
BKG_004170,USR_003616,3033.09,,False,initial,2026-01-07 21:25:21
BKG_004171,USR_003616,6705.72,,False,initial,2026-02-09 10:04:10
BKG_004172,USR_003616,8890.14,,False,initial,2026-04-16 09:03:13
BKG_004173,USR_003617,10937.4,,False,initial,2026-05-22 08:03:58
BKG_004174,USR_003617,2583.69,,False,initial,2026-03-11 04:05:48
BKG_004175,USR_003619,9950.92,,False,initial,2026-03-29 11:49:55
BKG_004176,USR_003620,6068.49,,False,initial,2026-02-17 11:26:56
BKG_004177,USR_003621,9432.5,,False,initial,2026-02-19 17:21:15
BKG_004178,USR_003622,4519.21,6551.45,True,initial,2026-05-11 18:53:27
BKG_004179,USR_003623,5449.52,,False,initial,2026-02-02 07:52:05
BKG_004180,USR_003623,9947.25,,False,initial,2026-04-29 17:41:55
BKG_004181,USR_003623,7750.2,,False,initial,2026-01-03 08:26:54
BKG_004182,USR_003624,9509.82,,False,initial,2026-03-23 06:27:25
BKG_004183,USR_003624,10389.4,,False,initial,2026-02-13 22:39:16
BKG_004184,USR_003625,6460.74,,False,initial,2026-01-29 22:55:50
BKG_004185,USR_003626,6738.22,,False,initial,2026-02-06 20:08:31
BKG_004186,USR_003626,10092.88,,False,initial,2026-05-07 23:11:06
BKG_004187,USR_003627,11627.2,,False,initial,2026-03-24 20:21:08
BKG_004188,USR_003627,9785.21,,False,initial,2026-06-26 23:26:52
BKG_004189,USR_003628,8501.74,,False,initial,2026-02-03 20:13:07
BKG_004190,USR_003630,5496.22,,False,initial,2026-03-03 13:56:13
BKG_004191,USR_003630,6829.12,,False,initial,2026-03-31 06:36:58
BKG_004192,USR_003631,2607.51,,False,initial,2026-03-21 12:29:25
BKG_004193,USR_003633,8903.7,,False,initial,2026-06-23 15:19:57
BKG_004194,USR_003634,3161.98,,False,initial,2026-04-09 22:14:12
BKG_004195,USR_003634,3190.14,,False,initial,2026-03-24 16:47:48
BKG_004196,USR_003635,9812.32,,False,initial,2026-06-28 15:43:10
BKG_004197,USR_003638,11908.42,,False,initial,2026-06-29 08:58:24
BKG_004198,USR_003639,11422.82,,False,initial,2026-06-28 21:27:13
BKG_004199,USR_003639,9735.41,13425.13,True,initial,2026-02-16 00:14:48
BKG_004200,USR_003641,6766.9,,False,initial,2026-01-31 22:16:22
BKG_004201,USR_003642,11880.89,,False,initial,2026-03-29 05:16:09
BKG_004202,USR_003643,10431.74,,False,initial,2026-04-01 04:18:32
BKG_004203,USR_003643,2791.63,,False,initial,2026-05-03 12:05:43
BKG_004204,USR_003644,6256.61,,False,initial,2026-06-26 14:49:04
BKG_004205,USR_003645,10022.64,,False,initial,2026-06-05 22:47:58
BKG_004206,USR_003646,11961.7,,False,initial,2026-04-18 17:09:11
BKG_004207,USR_003646,7570.34,,False,initial,2026-04-29 20:08:41
BKG_004208,USR_003646,5861.57,,False,initial,2026-05-10 11:43:45
BKG_004209,USR_003647,8900.68,,False,initial,2026-06-27 11:38:03
BKG_004210,USR_003648,9467.25,,False,initial,2026-04-04 21:53:19
BKG_004211,USR_003649,8391.78,13641.27,True,initial,2026-05-20 22:58:54
BKG_004212,USR_003651,4391.32,8396.96,True,initial,2026-01-02 07:14:13
BKG_004213,USR_003652,11047.6,,False,initial,2026-01-04 23:17:48
BKG_004214,USR_003653,8698.4,,False,initial,2026-05-07 17:47:37
BKG_004215,USR_003654,4947.97,,False,initial,2026-04-25 11:07:17
BKG_004216,USR_003654,3839.99,,False,initial,2026-02-03 05:50:05
BKG_004217,USR_003654,10990.08,,False,initial,2026-04-11 02:07:09
BKG_004218,USR_003655,3649.63,,False,initial,2026-02-21 05:00:27
BKG_004219,USR_003656,4581.49,,False,initial,2026-02-08 11:24:26
BKG_004220,USR_003657,4443.77,,False,initial,2026-01-14 13:34:31
BKG_004221,USR_003658,3426.42,,False,initial,2026-05-18 00:15:18
BKG_004222,USR_003659,7785.57,,False,initial,2026-06-04 17:15:31
BKG_004223,USR_003659,10438.41,,False,initial,2026-01-03 12:21:28
BKG_004224,USR_003661,5637.8,,False,initial,2026-06-20 00:18:23
BKG_004225,USR_003661,7960.26,,False,initial,2026-06-14 10:46:13
BKG_004226,USR_003662,8500.55,,False,initial,2026-03-22 04:35:39
BKG_004227,USR_003662,3108.51,,False,initial,2026-02-23 08:22:14
BKG_004228,USR_003662,3519.63,,False,initial,2026-06-20 04:14:53
BKG_004229,USR_003663,8022.72,,False,initial,2026-05-06 13:13:12
BKG_004230,USR_003664,5593.05,,False,initial,2026-04-06 05:31:58
BKG_004231,USR_003664,5023.92,,False,initial,2026-03-18 07:03:50
BKG_004232,USR_003664,11466.14,,False,initial,2026-04-13 07:20:55
BKG_004233,USR_003665,3803.17,,False,initial,2026-01-03 19:10:19
BKG_004234,USR_003666,5943.08,,False,initial,2026-04-05 08:25:16
BKG_004235,USR_003669,6410.11,,False,initial,2026-05-18 22:52:51
BKG_004236,USR_003670,8595.69,,False,initial,2026-01-02 14:14:34
BKG_004237,USR_003671,4985.92,,False,initial,2026-04-18 15:21:58
BKG_004238,USR_003672,9412.46,,False,initial,2026-06-10 16:38:12
BKG_004239,USR_003672,6412.33,,False,initial,2026-05-22 00:54:54
BKG_004240,USR_003673,6610.95,,False,initial,2026-02-14 04:35:06
BKG_004241,USR_003673,5711.1,,False,initial,2026-02-05 16:11:36
BKG_004242,USR_003674,11317.55,,False,initial,2026-01-17 07:56:16
BKG_004243,USR_003676,7235.27,,False,initial,2026-03-15 09:23:07
BKG_004244,USR_003676,6163.38,,False,initial,2026-05-13 05:42:28
BKG_004245,USR_003678,3088.62,,False,initial,2026-03-25 07:30:02
BKG_004246,USR_003679,4990.38,,False,initial,2026-06-13 20:52:15
BKG_004247,USR_003680,9031.78,,False,initial,2026-05-29 17:48:15
BKG_004248,USR_003681,8055.41,,False,initial,2026-03-25 15:10:12
BKG_004249,USR_003682,4390.66,,False,initial,2026-05-01 11:37:24
BKG_004250,USR_003682,4058.86,,False,initial,2026-04-03 21:28:13
BKG_004251,USR_003683,3767.23,11236.51,True,initial,2026-04-11 18:34:41
BKG_004252,USR_003685,8199.38,,False,initial,2026-04-30 20:42:43
BKG_004253,USR_003686,10576.47,,False,initial,2026-05-21 21:44:49
BKG_004254,USR_003686,3037.72,,False,initial,2026-02-19 13:52:36
BKG_004255,USR_003687,9321.34,,False,initial,2026-03-09 17:10:08
BKG_004256,USR_003687,7082.67,,False,initial,2026-04-16 12:55:00
BKG_004257,USR_003690,8401.78,,False,initial,2026-05-12 04:32:23
BKG_004258,USR_003692,3665.52,,False,initial,2026-04-22 16:10:09
BKG_004259,USR_003693,8648.61,,False,initial,2026-01-18 14:05:42
BKG_004260,USR_003693,4663.99,,False,initial,2026-02-25 05:51:03
BKG_004261,USR_003695,11021.67,,False,initial,2026-01-28 11:12:50
BKG_004262,USR_003696,8084.86,,False,initial,2026-05-08 08:08:15
BKG_004263,USR_003696,2997.35,,False,initial,2026-01-23 11:22:12
BKG_004264,USR_003697,5264.41,,False,initial,2026-02-24 21:19:46
BKG_004265,USR_003698,10259.27,,False,initial,2026-04-24 18:35:26
BKG_004266,USR_003699,5501.91,,False,initial,2026-05-09 08:57:30
BKG_004267,USR_003699,11908.47,,False,initial,2026-05-07 00:04:27
BKG_004268,USR_003700,11177.11,,False,initial,2026-01-20 10:50:05
BKG_004269,USR_003701,8875.84,8933.09,True,initial,2026-02-11 21:44:11
BKG_004270,USR_003702,7785.47,,False,initial,2026-01-22 22:03:25
BKG_004271,USR_003702,3611.55,,False,initial,2026-06-05 08:26:33
BKG_004272,USR_003703,8332.21,,False,initial,2026-03-09 18:56:29
BKG_004273,USR_003704,8325.41,,False,initial,2026-02-19 22:17:44
BKG_004274,USR_003705,5509.74,,False,initial,2026-01-31 03:52:52
BKG_004275,USR_003708,3745.15,,False,initial,2026-04-01 08:36:33
BKG_004276,USR_003708,5860.94,,False,initial,2026-06-27 22:19:02
BKG_004277,USR_003708,11220.63,,False,initial,2026-03-02 05:41:14
BKG_004278,USR_003710,11658.52,,False,initial,2026-05-06 20:51:46
BKG_004279,USR_003711,4576.16,,False,initial,2026-02-05 17:33:47
BKG_004280,USR_003712,11672.37,,False,initial,2026-06-05 04:53:35
BKG_004281,USR_003712,2991.58,,False,initial,2026-03-16 16:08:20
BKG_004282,USR_003712,9215.09,,False,initial,2026-05-28 13:26:02
BKG_004283,USR_003712,10354.55,,False,initial,2026-04-09 20:12:44
BKG_004284,USR_003713,3852.61,,False,initial,2026-02-05 13:22:07
BKG_004285,USR_003714,2907.81,11293.12,True,initial,2026-02-13 03:36:35
BKG_004286,USR_003714,5226.86,,False,initial,2026-02-13 12:29:49
BKG_004287,USR_003716,3995.71,,False,initial,2026-02-10 14:24:12
BKG_004288,USR_003717,6636.09,,False,initial,2026-06-05 21:45:58
BKG_004289,USR_003718,6947.25,,False,initial,2026-04-19 05:15:54
BKG_004290,USR_003719,7349.84,,False,initial,2026-04-22 13:40:44
BKG_004291,USR_003721,6466.59,,False,initial,2026-05-03 07:06:42
BKG_004292,USR_003721,4380.89,,False,initial,2026-06-04 11:21:22
BKG_004293,USR_003721,10226.82,,False,initial,2026-01-14 10:07:30
BKG_004294,USR_003723,6657.73,,False,initial,2026-01-14 00:47:33
BKG_004295,USR_003723,2608.66,,False,initial,2026-04-27 21:23:39
BKG_004296,USR_003724,10233.1,,False,initial,2026-02-05 15:29:34
BKG_004297,USR_003724,6383.32,,False,initial,2026-03-06 16:41:13
BKG_004298,USR_003724,7183.78,,False,initial,2026-01-04 08:05:40
BKG_004299,USR_003724,4016.4,,False,initial,2026-03-15 19:58:41
BKG_004300,USR_003725,6602.44,,False,initial,2026-04-26 02:12:44
BKG_004301,USR_003725,7140.38,,False,initial,2026-01-31 07:02:17
BKG_004302,USR_003725,5518.55,,False,initial,2026-02-17 07:57:08
BKG_004303,USR_003727,10641.92,,False,initial,2026-05-04 12:44:39
BKG_004304,USR_003727,5504.05,4139.06,True,initial,2026-01-20 16:11:48
BKG_004305,USR_003728,4306.01,,False,initial,2026-04-30 02:54:32
BKG_004306,USR_003728,9964.25,,False,initial,2026-01-05 04:38:11
BKG_004307,USR_003729,10725.21,,False,initial,2026-04-18 22:11:03
BKG_004308,USR_003729,7482.44,,False,initial,2026-06-13 03:37:28
BKG_004309,USR_003730,10298.49,,False,initial,2026-01-09 09:22:51
BKG_004310,USR_003730,2657.18,,False,initial,2026-04-29 06:35:43
BKG_004311,USR_003730,3955.53,,False,initial,2026-01-04 23:31:41
BKG_004312,USR_003731,3589.1,,False,initial,2026-03-19 13:48:03
BKG_004313,USR_003731,5360.31,,False,initial,2026-04-21 07:25:00
BKG_004314,USR_003731,10093.02,,False,initial,2026-06-17 18:55:18
BKG_004315,USR_003733,11178.1,,False,initial,2026-03-27 03:03:57
BKG_004316,USR_003734,11841.29,,False,initial,2026-03-13 08:59:28
BKG_004317,USR_003736,10693.25,,False,initial,2026-05-02 02:04:43
BKG_004318,USR_003736,9561.65,,False,initial,2026-04-08 03:12:45
BKG_004319,USR_003737,9706.43,,False,initial,2026-01-03 08:59:21
BKG_004320,USR_003737,4325.95,,False,initial,2026-01-26 23:35:31
BKG_004321,USR_003737,3545.84,5866.8,True,initial,2026-06-20 09:12:27
BKG_004322,USR_003739,7151.42,,False,initial,2026-03-11 02:24:54
BKG_004323,USR_003740,7286.77,,False,initial,2026-03-25 00:17:04
BKG_004324,USR_003741,3191.09,,False,initial,2026-05-28 21:39:20
BKG_004325,USR_003742,9170.54,,False,initial,2026-05-09 14:14:36
BKG_004326,USR_003742,6949.4,,False,initial,2026-04-17 07:34:09
BKG_004327,USR_003742,6837.24,,False,initial,2026-05-16 11:49:09
BKG_004328,USR_003744,5782.61,,False,initial,2026-06-08 14:31:32
BKG_004329,USR_003745,7304.53,,False,initial,2026-06-19 04:20:42
BKG_004330,USR_003746,5004.3,,False,initial,2026-03-13 02:33:17
BKG_004331,USR_003747,5880.36,,False,initial,2026-01-17 06:54:49
BKG_004332,USR_003747,6511.84,,False,initial,2026-02-18 19:37:46
BKG_004333,USR_003749,3983.02,,False,initial,2026-03-09 17:52:35
BKG_004334,USR_003750,9083.41,,False,initial,2026-03-26 03:05:35
BKG_004335,USR_003751,11580.44,,False,initial,2026-05-22 15:22:45
BKG_004336,USR_003751,6604.77,,False,initial,2026-02-21 19:31:13
BKG_004337,USR_003752,9018.8,,False,initial,2026-06-29 13:02:13
BKG_004338,USR_003753,6227.11,3018.74,True,initial,2026-03-19 10:54:04
BKG_004339,USR_003753,2694.16,,False,initial,2026-04-10 09:49:42
BKG_004340,USR_003753,5342.88,,False,initial,2026-05-19 03:40:43
BKG_004341,USR_003754,8470.21,,False,initial,2026-01-27 08:39:29
BKG_004342,USR_003757,4610.39,,False,initial,2026-01-27 11:03:23
BKG_004343,USR_003758,11436.72,,False,initial,2026-05-26 04:34:07
BKG_004344,USR_003759,10382.85,,False,initial,2026-01-22 02:28:14
BKG_004345,USR_003760,2726.91,,False,initial,2026-06-26 16:00:47
BKG_004346,USR_003760,3102.15,,False,initial,2026-03-17 22:07:14
BKG_004347,USR_003760,5653.07,,False,initial,2026-02-05 12:02:33
BKG_004348,USR_003763,11420.45,8402.56,True,initial,2026-02-20 05:55:15
BKG_004349,USR_003763,8920.16,12360.36,True,initial,2026-03-30 07:49:06
BKG_004350,USR_003765,8975.22,,False,initial,2026-06-07 08:13:24
BKG_004351,USR_003767,11157.09,,False,initial,2026-01-25 01:50:48
BKG_004352,USR_003767,7419.88,,False,initial,2026-01-23 15:05:00
BKG_004353,USR_003768,4326.47,,False,initial,2026-02-10 15:21:28
BKG_004354,USR_003768,6913.9,,False,initial,2026-06-10 00:40:00
BKG_004355,USR_003769,5321.45,,False,initial,2026-04-30 08:07:12
BKG_004356,USR_003770,7335.06,,False,initial,2026-06-29 05:52:31
BKG_004357,USR_003771,3568.76,,False,initial,2026-02-18 22:44:35
BKG_004358,USR_003771,11698.78,,False,initial,2026-06-06 13:59:39
BKG_004359,USR_003772,11124.85,,False,initial,2026-01-20 16:16:35
BKG_004360,USR_003773,9478.7,,False,initial,2026-05-14 02:56:06
BKG_004361,USR_003774,5464.46,,False,initial,2026-06-25 06:07:30
BKG_004362,USR_003774,7602.0,12967.64,True,initial,2026-03-08 03:36:27
BKG_004363,USR_003775,5633.28,,False,initial,2026-02-27 07:37:15
BKG_004364,USR_003776,9704.21,,False,initial,2026-01-10 07:53:53
BKG_004365,USR_003777,7557.95,,False,initial,2026-06-12 11:36:38
BKG_004366,USR_003778,6206.26,,False,initial,2026-04-21 06:33:48
BKG_004367,USR_003778,7872.67,,False,initial,2026-02-09 02:48:10
BKG_004368,USR_003779,7684.41,,False,initial,2026-05-11 07:34:32
BKG_004369,USR_003780,7370.3,,False,initial,2026-06-09 12:53:55
BKG_004370,USR_003781,4733.71,,False,initial,2026-02-14 07:31:03
BKG_004371,USR_003781,9975.69,,False,initial,2026-04-05 01:30:17
BKG_004372,USR_003782,9943.22,,False,initial,2026-05-31 01:13:56
BKG_004373,USR_003782,7502.2,,False,initial,2026-02-04 21:06:20
BKG_004374,USR_003784,7703.28,,False,initial,2026-05-02 18:36:44
BKG_004375,USR_003785,11815.55,,False,initial,2026-06-24 01:14:56
BKG_004376,USR_003786,5532.2,,False,initial,2026-05-18 04:34:55
BKG_004377,USR_003788,7523.25,,False,initial,2026-02-28 09:47:21
BKG_004378,USR_003789,5011.44,,False,initial,2026-06-13 03:48:23
BKG_004379,USR_003790,4654.27,,False,initial,2026-03-09 20:49:50
BKG_004380,USR_003791,8672.36,,False,initial,2026-06-25 22:46:37
BKG_004381,USR_003791,5358.94,,False,initial,2026-02-17 19:31:38
BKG_004382,USR_003792,11719.69,,False,initial,2026-06-14 19:43:55
BKG_004383,USR_003792,9249.48,11705.88,True,initial,2026-01-26 18:14:44
BKG_004384,USR_003793,10195.89,,False,initial,2026-04-02 12:45:44
BKG_004385,USR_003796,7960.72,,False,initial,2026-06-14 15:28:18
BKG_004386,USR_003797,4271.21,13976.33,True,initial,2026-03-04 20:11:20
BKG_004387,USR_003798,3729.25,,False,initial,2026-06-20 17:39:00
BKG_004388,USR_003799,3164.34,,False,initial,2026-06-26 12:41:41
BKG_004389,USR_003800,9631.77,,False,initial,2026-06-07 07:31:03
BKG_004390,USR_003801,6165.47,,False,initial,2026-06-09 14:15:33
BKG_004391,USR_003802,4800.93,,False,initial,2026-02-20 08:27:14
BKG_004392,USR_003803,7931.69,,False,initial,2026-06-12 05:25:25
BKG_004393,USR_003806,6599.22,,False,initial,2026-05-14 15:29:43
BKG_004394,USR_003807,11193.11,,False,initial,2026-06-19 12:32:22
BKG_004395,USR_003808,4955.81,,False,initial,2026-02-12 15:47:23
BKG_004396,USR_003809,11315.2,,False,initial,2026-02-08 02:35:12
BKG_004397,USR_003810,5082.41,,False,initial,2026-01-03 10:32:51
BKG_004398,USR_003811,11353.77,,False,initial,2026-03-16 12:27:29
BKG_004399,USR_003813,7494.53,,False,initial,2026-03-21 06:00:45
BKG_004400,USR_003814,7015.45,,False,initial,2026-06-03 12:52:32
BKG_004401,USR_003815,10898.6,6612.17,True,initial,2026-01-04 22:40:47
BKG_004402,USR_003816,10322.51,,False,initial,2026-04-29 07:30:05
BKG_004403,USR_003818,2816.66,,False,initial,2026-02-06 11:13:28
BKG_004404,USR_003819,5414.24,8243.17,True,initial,2026-03-30 21:17:23
BKG_004405,USR_003819,7354.62,,False,initial,2026-01-13 08:17:45
BKG_004406,USR_003821,10073.87,,False,initial,2026-05-28 18:19:21
BKG_004407,USR_003822,6797.39,,False,initial,2026-06-09 14:29:49
BKG_004408,USR_003823,4087.36,,False,initial,2026-05-17 10:56:19
BKG_004409,USR_003824,9331.32,,False,initial,2026-04-30 05:41:50
BKG_004410,USR_003824,7797.1,,False,initial,2026-03-20 18:18:45
BKG_004411,USR_003825,3660.07,,False,initial,2026-03-27 19:45:49
BKG_004412,USR_003825,11763.92,,False,initial,2026-05-26 04:43:50
BKG_004413,USR_003828,3851.34,,False,initial,2026-06-18 15:32:45
BKG_004414,USR_003828,7360.57,,False,initial,2026-06-29 11:41:06
BKG_004415,USR_003829,10920.43,,False,initial,2026-05-08 00:54:40
BKG_004416,USR_003830,9808.39,,False,initial,2026-03-11 15:49:44
BKG_004417,USR_003831,10597.45,,False,initial,2026-01-04 02:13:09
BKG_004418,USR_003831,2905.62,,False,initial,2026-06-14 15:50:28
BKG_004419,USR_003832,4625.95,11100.2,True,initial,2026-01-17 14:15:50
BKG_004420,USR_003832,10612.78,,False,initial,2026-05-20 23:25:57
BKG_004421,USR_003836,2538.71,,False,initial,2026-03-25 01:17:45
BKG_004422,USR_003837,6416.28,,False,initial,2026-03-10 14:12:11
BKG_004423,USR_003837,8441.02,,False,initial,2026-06-10 14:22:50
BKG_004424,USR_003837,2585.38,,False,initial,2026-01-31 02:14:14
BKG_004425,USR_003838,6745.27,,False,initial,2026-05-22 11:26:43
BKG_004426,USR_003839,11518.31,,False,initial,2026-05-12 07:56:00
BKG_004427,USR_003840,10401.05,,False,initial,2026-05-01 00:01:17
BKG_004428,USR_003840,3848.38,,False,initial,2026-01-07 14:33:00
BKG_004429,USR_003841,7101.36,,False,initial,2026-06-23 01:29:59
BKG_004430,USR_003842,8349.34,,False,initial,2026-06-13 11:56:50
BKG_004431,USR_003842,3203.99,,False,initial,2026-01-05 07:44:48
BKG_004432,USR_003843,9620.74,,False,initial,2026-01-10 07:50:50
BKG_004433,USR_003845,5081.3,,False,initial,2026-05-10 02:48:38
BKG_004434,USR_003846,2630.18,,False,initial,2026-05-21 00:36:35
BKG_004435,USR_003847,10199.1,,False,initial,2026-04-28 09:10:41
BKG_004436,USR_003850,10950.03,,False,initial,2026-06-26 12:47:29
BKG_004437,USR_003852,11106.76,,False,initial,2026-02-05 00:34:40
BKG_004438,USR_003853,5568.09,,False,initial,2026-01-27 23:08:53
BKG_004439,USR_003853,2719.24,,False,initial,2026-02-17 12:55:26
BKG_004440,USR_003854,4779.52,,False,initial,2026-05-26 13:17:58
BKG_004441,USR_003855,6235.69,,False,initial,2026-05-06 06:05:46
BKG_004442,USR_003856,10360.44,,False,initial,2026-05-23 00:27:34
BKG_004443,USR_003858,9782.96,3159.93,True,initial,2026-05-14 22:30:15
BKG_004444,USR_003858,5092.65,,False,initial,2026-06-05 05:08:47
BKG_004445,USR_003860,10106.45,,False,initial,2026-04-15 12:07:56
BKG_004446,USR_003860,5770.92,,False,initial,2026-05-30 22:35:26
BKG_004447,USR_003861,8663.58,,False,initial,2026-05-22 05:30:16
BKG_004448,USR_003861,9929.45,,False,initial,2026-04-13 12:14:23
BKG_004449,USR_003862,9057.7,,False,initial,2026-02-26 15:45:12
BKG_004450,USR_003863,6142.89,,False,initial,2026-04-14 19:03:33
BKG_004451,USR_003863,5798.14,,False,initial,2026-03-26 02:12:50
BKG_004452,USR_003864,11808.99,,False,initial,2026-06-01 04:45:24
BKG_004453,USR_003866,5729.74,,False,initial,2026-05-29 06:19:40
BKG_004454,USR_003866,6982.0,,False,initial,2026-03-30 04:12:34
BKG_004455,USR_003867,8546.96,,False,initial,2026-06-15 19:47:15
BKG_004456,USR_003867,10856.55,6247.16,True,initial,2026-01-11 01:40:59
BKG_004457,USR_003867,9340.13,,False,initial,2026-03-20 22:59:26
BKG_004458,USR_003868,11033.24,,False,initial,2026-03-31 10:43:24
BKG_004459,USR_003868,8847.12,,False,initial,2026-05-23 23:09:50
BKG_004460,USR_003868,6304.1,,False,initial,2026-06-27 17:32:16
BKG_004461,USR_003869,8388.94,,False,initial,2026-03-11 11:38:30
BKG_004462,USR_003869,7135.7,,False,initial,2026-02-25 03:39:47
BKG_004463,USR_003869,2634.89,,False,initial,2026-05-14 18:47:21
BKG_004464,USR_003871,9707.52,,False,initial,2026-05-28 19:09:19
BKG_004465,USR_003871,3972.48,,False,initial,2026-03-13 03:45:02
BKG_004466,USR_003872,3637.78,,False,initial,2026-05-09 21:57:36
BKG_004467,USR_003873,11712.25,,False,initial,2026-03-10 07:46:14
BKG_004468,USR_003874,3741.78,,False,initial,2026-06-19 16:30:22
BKG_004469,USR_003875,5812.61,,False,initial,2026-01-30 05:40:43
BKG_004470,USR_003877,9877.4,,False,initial,2026-04-12 17:28:38
BKG_004471,USR_003878,10868.59,14464.96,True,initial,2026-06-20 02:43:40
BKG_004472,USR_003879,4972.29,,False,initial,2026-03-13 07:11:30
BKG_004473,USR_003880,9821.38,,False,initial,2026-02-26 10:48:42
BKG_004474,USR_003881,9906.92,,False,initial,2026-03-21 10:49:43
BKG_004475,USR_003882,10032.34,,False,initial,2026-01-04 07:30:58
BKG_004476,USR_003883,2711.67,,False,initial,2026-06-28 05:07:17
BKG_004477,USR_003884,4830.78,,False,initial,2026-04-24 15:53:12
BKG_004478,USR_003884,5399.94,,False,initial,2026-04-24 04:34:19
BKG_004479,USR_003885,8819.81,,False,initial,2026-06-25 15:57:53
BKG_004480,USR_003885,5259.87,,False,initial,2026-02-03 07:34:20
BKG_004481,USR_003886,5107.4,,False,initial,2026-04-06 05:39:51
BKG_004482,USR_003887,10969.66,10456.43,True,initial,2026-02-01 03:03:32
BKG_004483,USR_003888,5186.85,,False,initial,2026-01-27 13:06:01
BKG_004484,USR_003888,5691.19,,False,initial,2026-01-14 18:06:34
BKG_004485,USR_003889,11902.4,,False,initial,2026-02-25 07:26:44
BKG_004486,USR_003890,6978.43,,False,initial,2026-02-20 13:27:42
BKG_004487,USR_003891,7316.22,11369.52,True,initial,2026-02-18 23:41:15
BKG_004488,USR_003892,6692.01,,False,initial,2026-06-11 15:06:20
BKG_004489,USR_003892,6619.37,,False,initial,2026-04-09 12:28:52
BKG_004490,USR_003893,5653.07,,False,initial,2026-02-14 03:41:52
BKG_004491,USR_003894,7091.22,6251.91,True,initial,2026-01-05 05:19:30
BKG_004492,USR_003894,7853.32,,False,initial,2026-03-21 14:30:47
BKG_004493,USR_003895,6693.87,,False,initial,2026-04-16 12:27:58
BKG_004494,USR_003895,5211.75,,False,initial,2026-04-25 13:59:28
BKG_004495,USR_003896,6162.81,,False,initial,2026-03-20 14:12:18
BKG_004496,USR_003897,7375.77,13821.83,True,initial,2026-02-05 10:03:22
BKG_004497,USR_003897,3049.3,,False,initial,2026-03-13 03:30:39
BKG_004498,USR_003897,6617.11,,False,initial,2026-02-17 02:02:31
BKG_004499,USR_003898,11415.94,,False,initial,2026-04-08 07:13:56
BKG_004500,USR_003899,3377.58,,False,initial,2026-03-16 05:08:04
BKG_004501,USR_003899,11742.13,3684.23,True,initial,2026-03-05 14:21:36
BKG_004502,USR_003905,3097.9,,False,initial,2026-03-20 01:18:25
BKG_004503,USR_003905,5776.12,,False,initial,2026-06-07 05:35:32
BKG_004504,USR_003905,11716.74,,False,initial,2026-02-28 14:23:39
BKG_004505,USR_003906,6081.09,,False,initial,2026-01-02 16:44:17
BKG_004506,USR_003909,9683.17,,False,initial,2026-04-14 00:53:27
BKG_004507,USR_003910,10341.56,12344.81,True,initial,2026-02-17 06:03:25
BKG_004508,USR_003911,3821.06,,False,initial,2026-04-30 08:07:51
BKG_004509,USR_003912,11295.96,,False,initial,2026-03-14 00:18:01
BKG_004510,USR_003912,5362.31,,False,initial,2026-04-27 18:02:28
BKG_004511,USR_003913,9370.24,,False,initial,2026-06-22 23:37:14
BKG_004512,USR_003914,6290.54,,False,initial,2026-02-18 20:34:42
BKG_004513,USR_003914,8951.56,,False,initial,2026-02-14 12:24:57
BKG_004514,USR_003914,4825.65,,False,initial,2026-04-01 05:12:52
BKG_004515,USR_003915,8579.39,,False,initial,2026-03-08 23:16:40
BKG_004516,USR_003916,3854.8,,False,initial,2026-01-18 11:01:27
BKG_004517,USR_003916,3889.67,,False,initial,2026-05-25 17:03:23
BKG_004518,USR_003917,6670.48,11434.19,True,initial,2026-02-10 03:25:15
BKG_004519,USR_003918,10458.59,,False,initial,2026-01-26 07:06:36
BKG_004520,USR_003921,2958.77,,False,initial,2026-04-10 12:24:56
BKG_004521,USR_003922,11974.38,,False,initial,2026-03-21 00:15:27
BKG_004522,USR_003923,5034.0,,False,initial,2026-04-29 02:11:39
BKG_004523,USR_003924,6672.06,,False,initial,2026-05-25 22:32:53
BKG_004524,USR_003924,6970.89,,False,initial,2026-03-21 08:36:39
BKG_004525,USR_003925,5608.03,,False,initial,2026-05-16 16:03:02
BKG_004526,USR_003925,8437.99,,False,initial,2026-05-15 05:04:42
BKG_004527,USR_003925,5916.44,,False,initial,2026-04-02 19:15:22
BKG_004528,USR_003926,8262.83,,False,initial,2026-05-29 14:12:16
BKG_004529,USR_003927,7645.07,,False,initial,2026-01-13 15:59:41
BKG_004530,USR_003930,7377.09,,False,initial,2026-04-20 02:09:41
BKG_004531,USR_003931,9145.38,,False,initial,2026-06-11 18:02:05
BKG_004532,USR_003931,10284.54,,False,initial,2026-04-11 10:05:08
BKG_004533,USR_003932,2844.92,,False,initial,2026-01-10 10:44:56
BKG_004534,USR_003933,5539.01,,False,initial,2026-04-07 20:18:01
BKG_004535,USR_003934,8244.46,,False,initial,2026-04-02 23:30:56
BKG_004536,USR_003934,10295.45,,False,initial,2026-05-24 05:18:25
BKG_004537,USR_003935,9891.54,,False,initial,2026-01-17 23:47:13
BKG_004538,USR_003935,7248.19,,False,initial,2026-05-22 05:05:29
BKG_004539,USR_003936,6474.36,,False,initial,2026-06-24 19:35:21
BKG_004540,USR_003936,9624.63,,False,initial,2026-01-01 18:46:17
BKG_004541,USR_003937,5432.51,,False,initial,2026-02-01 17:12:42
BKG_004542,USR_003940,11064.23,,False,initial,2026-01-03 23:56:51
BKG_004543,USR_003941,11193.28,,False,initial,2026-04-09 23:49:33
BKG_004544,USR_003941,7058.56,,False,initial,2026-03-24 07:15:32
BKG_004545,USR_003941,8883.09,,False,initial,2026-01-16 09:49:41
BKG_004546,USR_003943,8908.23,,False,initial,2026-01-06 17:56:53
BKG_004547,USR_003944,4672.1,,False,initial,2026-04-05 05:17:54
BKG_004548,USR_003944,8776.16,,False,initial,2026-05-28 22:47:02
BKG_004549,USR_003945,5896.24,,False,initial,2026-02-02 21:57:18
BKG_004550,USR_003946,9445.12,,False,initial,2026-04-24 21:48:15
BKG_004551,USR_003946,4296.14,,False,initial,2026-04-24 00:36:55
BKG_004552,USR_003946,11153.06,5360.0,True,initial,2026-01-03 06:32:19
BKG_004553,USR_003947,4635.51,,False,initial,2026-05-03 18:41:59
BKG_004554,USR_003947,6750.72,,False,initial,2026-04-16 22:40:59
BKG_004555,USR_003948,2786.79,,False,initial,2026-02-26 09:40:14
BKG_004556,USR_003948,11889.39,,False,initial,2026-01-24 11:12:11
BKG_004557,USR_003949,6924.79,,False,initial,2026-04-07 13:02:54
BKG_004558,USR_003950,11788.24,,False,initial,2026-01-24 16:31:05
BKG_004559,USR_003951,3925.18,,False,initial,2026-05-25 05:31:02
BKG_004560,USR_003952,4622.45,,False,initial,2026-04-16 19:37:41
BKG_004561,USR_003952,10249.37,14645.42,True,initial,2026-04-13 03:35:06
BKG_004562,USR_003953,6906.07,,False,initial,2026-01-04 14:54:09
BKG_004563,USR_003955,9338.88,,False,initial,2026-05-28 03:25:56
BKG_004564,USR_003956,6923.0,,False,initial,2026-05-06 07:56:09
BKG_004565,USR_003957,6619.5,,False,initial,2026-01-17 05:23:28
BKG_004566,USR_003958,10579.6,5984.33,True,initial,2026-04-16 22:42:10
BKG_004567,USR_003958,10454.58,,False,initial,2026-05-18 09:02:45
BKG_004568,USR_003958,9562.72,,False,initial,2026-05-12 19:23:55
BKG_004569,USR_003959,5218.56,,False,initial,2026-05-29 17:53:00
BKG_004570,USR_003959,10202.02,,False,initial,2026-06-08 08:58:21
BKG_004571,USR_003959,6545.92,,False,initial,2026-03-14 10:56:15
BKG_004572,USR_003961,8226.0,,False,initial,2026-05-14 11:03:47
BKG_004573,USR_003962,8685.41,,False,initial,2026-02-24 10:02:30
BKG_004574,USR_003963,8661.35,,False,initial,2026-03-23 08:53:17
BKG_004575,USR_003964,11129.42,,False,initial,2026-01-01 16:39:48
BKG_004576,USR_003965,10837.91,,False,initial,2026-04-17 06:19:34
BKG_004577,USR_003966,8740.14,,False,initial,2026-02-24 13:04:34
BKG_004578,USR_003969,9206.19,,False,initial,2026-06-13 19:01:37
BKG_004579,USR_003970,6832.67,,False,initial,2026-02-03 00:48:42
BKG_004580,USR_003971,2840.92,,False,initial,2026-06-09 23:16:23
BKG_004581,USR_003972,11922.17,,False,initial,2026-04-28 13:32:55
BKG_004582,USR_003974,7787.31,,False,initial,2026-06-23 23:59:21
BKG_004583,USR_003975,7522.96,,False,initial,2026-02-19 00:24:08
BKG_004584,USR_003977,3644.52,11714.1,True,initial,2026-03-25 15:12:31
BKG_004585,USR_003977,10417.73,,False,initial,2026-01-13 16:06:48
BKG_004586,USR_003978,5125.34,,False,initial,2026-06-21 01:18:32
BKG_004587,USR_003978,11327.97,10701.98,True,initial,2026-02-21 08:17:12
BKG_004588,USR_003981,8814.07,,False,initial,2026-04-20 13:06:04
BKG_004589,USR_003984,7202.02,,False,initial,2026-03-30 08:07:24
BKG_004590,USR_003985,2665.47,,False,initial,2026-03-09 13:40:56
BKG_004591,USR_003987,6280.81,,False,initial,2026-02-02 20:39:11
BKG_004592,USR_003988,7777.22,,False,initial,2026-06-08 09:43:44
BKG_004593,USR_003989,5700.55,,False,initial,2026-01-24 03:08:27
BKG_004594,USR_003989,11048.05,,False,initial,2026-06-26 23:53:44
BKG_004595,USR_003990,4998.71,,False,initial,2026-04-21 21:48:02
BKG_004596,USR_003990,5918.77,,False,initial,2026-06-09 20:12:23
BKG_004597,USR_003990,11465.99,,False,initial,2026-04-27 19:29:41
BKG_004598,USR_003991,5028.18,,False,initial,2026-02-05 20:09:44
BKG_004599,USR_003992,11803.11,,False,initial,2026-04-24 23:33:40
BKG_004600,USR_003993,4697.09,6525.67,True,initial,2026-04-09 17:24:50
BKG_004601,USR_003995,6798.68,,False,initial,2026-03-19 17:39:50
BKG_004602,USR_003996,3606.33,,False,initial,2026-06-04 02:44:59
BKG_004603,USR_003997,6411.37,,False,initial,2026-06-19 19:15:02
BKG_004604,USR_003997,6099.8,5643.6,True,initial,2026-01-15 08:46:11
BKG_004605,USR_003997,5514.46,,False,initial,2026-03-04 11:23:32
BKG_004606,USR_003999,4776.31,,False,initial,2026-04-17 01:42:14
BKG_004607,USR_004000,3849.37,,False,initial,2026-01-31 00:27:28
BKG_004608,USR_004001,6575.86,,False,initial,2026-06-10 02:50:50
BKG_004609,USR_004002,10018.9,,False,initial,2026-01-02 19:31:44
BKG_004610,USR_004002,7969.06,,False,initial,2026-01-27 22:34:59
BKG_004611,USR_004002,8738.98,,False,initial,2026-04-23 02:49:46
BKG_004612,USR_004003,3738.22,,False,initial,2026-06-05 22:27:41
BKG_004613,USR_004004,8890.84,13104.59,True,initial,2026-06-13 14:07:13
BKG_004614,USR_004004,6939.28,,False,initial,2026-02-24 07:51:03
BKG_004615,USR_004004,9545.51,,False,initial,2026-01-07 01:22:09
BKG_004616,USR_004005,5927.26,,False,initial,2026-02-03 14:40:29
BKG_004617,USR_004006,7065.73,,False,initial,2026-04-01 01:53:30
BKG_004618,USR_004006,8091.58,,False,initial,2026-03-21 15:41:04
BKG_004619,USR_004007,6899.29,,False,initial,2026-04-22 00:38:15
BKG_004620,USR_004007,8406.43,,False,initial,2026-05-27 18:27:34
BKG_004621,USR_004008,6137.18,,False,initial,2026-05-08 15:43:56
BKG_004622,USR_004009,8278.82,,False,initial,2026-05-02 06:06:43
BKG_004623,USR_004010,4576.24,,False,initial,2026-02-03 15:48:56
BKG_004624,USR_004011,9294.53,,False,initial,2026-04-23 23:21:09
BKG_004625,USR_004012,7714.75,,False,initial,2026-04-01 16:48:32
BKG_004626,USR_004012,3020.42,,False,initial,2026-06-05 21:08:47
BKG_004627,USR_004014,10519.05,,False,initial,2026-04-10 13:50:34
BKG_004628,USR_004017,3156.36,,False,initial,2026-03-18 14:56:03
BKG_004629,USR_004018,3913.31,,False,initial,2026-02-03 08:30:52
BKG_004630,USR_004018,11303.37,,False,initial,2026-04-13 11:06:54
BKG_004631,USR_004019,11067.1,,False,initial,2026-02-17 12:39:09
BKG_004632,USR_004019,3391.43,,False,initial,2026-02-03 01:33:57
BKG_004633,USR_004019,4881.1,,False,initial,2026-02-28 22:03:25
BKG_004634,USR_004020,10360.27,,False,initial,2026-04-29 06:56:33
BKG_004635,USR_004021,9356.53,,False,initial,2026-04-19 08:55:11
BKG_004636,USR_004022,4531.66,,False,initial,2026-01-26 17:40:31
BKG_004637,USR_004022,6153.71,,False,initial,2026-04-13 02:53:25
BKG_004638,USR_004023,8282.64,,False,initial,2026-02-14 00:28:02
BKG_004639,USR_004023,10475.44,,False,initial,2026-06-13 06:41:31
BKG_004640,USR_004023,8174.48,,False,initial,2026-01-27 08:32:36
BKG_004641,USR_004024,3883.11,,False,initial,2026-05-04 12:43:19
BKG_004642,USR_004025,9795.93,,False,initial,2026-03-10 18:54:12
BKG_004643,USR_004025,5258.5,,False,initial,2026-05-21 15:19:21
BKG_004644,USR_004027,7087.79,,False,initial,2026-04-19 03:58:10
BKG_004645,USR_004028,2980.22,,False,initial,2026-01-12 09:25:45
BKG_004646,USR_004028,5675.37,,False,initial,2026-02-03 16:33:40
BKG_004647,USR_004028,4173.75,,False,initial,2026-06-22 23:40:16
BKG_004648,USR_004030,11241.27,11804.48,True,initial,2026-03-13 12:39:56
BKG_004649,USR_004030,6960.35,,False,initial,2026-01-10 23:13:17
BKG_004650,USR_004031,11272.31,,False,initial,2026-03-05 23:24:12
BKG_004651,USR_004031,10456.24,,False,initial,2026-03-18 02:29:59
BKG_004652,USR_004032,3538.29,14487.41,True,initial,2026-01-12 18:44:25
BKG_004653,USR_004033,9858.05,,False,initial,2026-02-11 20:13:36
BKG_004654,USR_004033,9626.36,,False,initial,2026-04-08 01:42:31
BKG_004655,USR_004034,9323.04,,False,initial,2026-01-02 19:45:37
BKG_004656,USR_004035,3854.36,,False,initial,2026-04-12 08:25:18
BKG_004657,USR_004036,9172.91,,False,initial,2026-02-26 16:59:32
BKG_004658,USR_004037,5682.86,,False,initial,2026-04-20 16:48:23
BKG_004659,USR_004039,5322.79,,False,initial,2026-06-10 03:50:17
BKG_004660,USR_004040,10359.22,,False,initial,2026-04-27 18:23:06
BKG_004661,USR_004041,5883.62,,False,initial,2026-05-31 06:18:47
BKG_004662,USR_004045,8787.87,,False,initial,2026-05-22 10:55:23
BKG_004663,USR_004046,3724.58,,False,initial,2026-01-15 18:28:30
BKG_004664,USR_004046,11242.02,,False,initial,2026-06-23 02:33:25
BKG_004665,USR_004047,3618.49,,False,initial,2026-03-19 21:29:35
BKG_004666,USR_004048,4854.17,,False,initial,2026-03-19 21:57:59
BKG_004667,USR_004050,6572.48,,False,initial,2026-02-10 18:21:04
BKG_004668,USR_004051,5638.47,,False,initial,2026-01-12 22:39:37
BKG_004669,USR_004051,5698.57,,False,initial,2026-05-27 05:45:54
BKG_004670,USR_004051,10470.41,,False,initial,2026-06-23 00:38:53
BKG_004671,USR_004051,4426.25,,False,initial,2026-01-02 06:07:31
BKG_004672,USR_004053,3567.4,,False,initial,2026-02-26 05:31:31
BKG_004673,USR_004055,8793.24,,False,initial,2026-04-08 01:03:30
BKG_004674,USR_004055,7315.42,,False,initial,2026-01-05 04:38:49
BKG_004675,USR_004056,4271.88,,False,initial,2026-05-16 14:21:59
BKG_004676,USR_004058,7942.15,,False,initial,2026-06-21 18:37:30
BKG_004677,USR_004058,2687.7,,False,initial,2026-02-24 07:25:19
BKG_004678,USR_004059,9096.99,,False,initial,2026-06-21 20:42:46
BKG_004679,USR_004060,5261.86,,False,initial,2026-03-01 19:35:25
BKG_004680,USR_004061,11654.22,,False,initial,2026-05-06 00:56:46
BKG_004681,USR_004061,11930.13,,False,initial,2026-05-29 19:08:14
BKG_004682,USR_004061,4556.64,5824.86,True,initial,2026-04-27 18:09:47
BKG_004683,USR_004062,2948.81,,False,initial,2026-02-21 18:58:46
BKG_004684,USR_004063,10982.1,,False,initial,2026-04-03 03:05:41
BKG_004685,USR_004063,4113.89,,False,initial,2026-01-14 04:30:55
BKG_004686,USR_004063,10870.2,,False,initial,2026-05-28 00:04:59
BKG_004687,USR_004064,6809.72,,False,initial,2026-03-01 22:13:56
BKG_004688,USR_004065,5884.74,,False,initial,2026-04-25 02:34:23
BKG_004689,USR_004066,5353.01,,False,initial,2026-05-12 03:47:36
BKG_004690,USR_004066,8430.99,,False,initial,2026-01-11 22:28:50
BKG_004691,USR_004066,11068.09,,False,initial,2026-02-25 18:16:40
BKG_004692,USR_004067,10736.55,,False,initial,2026-04-12 03:28:36
BKG_004693,USR_004068,10938.7,5428.67,True,initial,2026-03-15 02:15:34
BKG_004694,USR_004069,5137.77,,False,initial,2026-01-19 09:43:43
BKG_004695,USR_004070,7103.25,,False,initial,2026-03-18 05:21:10
BKG_004696,USR_004071,11355.91,,False,initial,2026-06-01 16:04:00
BKG_004697,USR_004071,8102.14,,False,initial,2026-04-23 08:40:46
BKG_004698,USR_004073,8161.27,,False,initial,2026-06-09 14:45:56
BKG_004699,USR_004073,8498.26,,False,initial,2026-04-12 21:40:43
BKG_004700,USR_004074,2732.27,,False,initial,2026-02-16 19:13:23
BKG_004701,USR_004075,4516.06,,False,initial,2026-06-21 14:56:35
BKG_004702,USR_004076,7019.23,,False,initial,2026-01-24 18:54:42
BKG_004703,USR_004077,9137.75,,False,initial,2026-06-12 14:13:03
BKG_004704,USR_004077,6585.38,,False,initial,2026-02-11 13:07:44
BKG_004705,USR_004079,7929.76,,False,initial,2026-01-12 15:29:41
BKG_004706,USR_004080,10972.23,,False,initial,2026-06-04 17:38:13
BKG_004707,USR_004082,3616.38,,False,initial,2026-06-26 17:57:24
BKG_004708,USR_004082,9403.8,,False,initial,2026-03-17 12:39:47
BKG_004709,USR_004083,11396.31,,False,initial,2026-01-25 01:48:04
BKG_004710,USR_004083,8442.71,,False,initial,2026-04-06 13:08:45
BKG_004711,USR_004083,8006.19,6295.71,True,initial,2026-02-12 07:56:07
BKG_004712,USR_004084,6156.31,,False,initial,2026-06-23 21:45:48
BKG_004713,USR_004084,11798.01,,False,initial,2026-01-27 12:53:21
BKG_004714,USR_004085,6573.5,,False,initial,2026-04-21 19:47:04
BKG_004715,USR_004086,5879.52,,False,initial,2026-04-04 19:20:56
BKG_004716,USR_004086,2723.32,,False,initial,2026-06-16 05:35:00
BKG_004717,USR_004088,2885.1,,False,initial,2026-04-09 00:30:58
BKG_004718,USR_004088,3357.0,7956.17,True,initial,2026-04-01 00:43:20
BKG_004719,USR_004089,7741.77,,False,initial,2026-01-02 18:51:19
BKG_004720,USR_004089,8320.06,7809.6,True,initial,2026-02-27 13:19:16
BKG_004721,USR_004090,6744.52,,False,initial,2026-01-12 19:12:25
BKG_004722,USR_004090,8308.17,,False,initial,2026-01-17 02:06:49
BKG_004723,USR_004092,6263.26,,False,initial,2026-05-12 16:11:45
BKG_004724,USR_004092,7780.93,,False,initial,2026-06-29 17:37:45
BKG_004725,USR_004092,2871.1,,False,initial,2026-05-11 15:51:02
BKG_004726,USR_004093,2562.08,,False,initial,2026-04-11 21:15:59
BKG_004727,USR_004094,10422.96,,False,initial,2026-05-07 05:38:21
BKG_004728,USR_004095,8420.08,,False,initial,2026-01-29 22:37:33
BKG_004729,USR_004096,9767.96,14389.25,True,initial,2026-06-12 17:08:03
BKG_004730,USR_004097,3567.61,,False,initial,2026-03-30 17:16:35
BKG_004731,USR_004097,7491.9,,False,initial,2026-02-01 12:40:51
BKG_004732,USR_004099,10094.23,,False,initial,2026-02-02 17:56:01
BKG_004733,USR_004101,7490.98,,False,initial,2026-06-01 21:34:39
BKG_004734,USR_004101,2911.48,,False,initial,2026-01-08 19:59:21
BKG_004735,USR_004101,11940.95,,False,initial,2026-03-09 02:01:18
BKG_004736,USR_004102,8395.2,,False,initial,2026-01-19 18:10:02
BKG_004737,USR_004103,2824.44,,False,initial,2026-05-05 21:06:23
BKG_004738,USR_004104,7918.58,,False,initial,2026-04-11 00:23:33
BKG_004739,USR_004105,2715.97,,False,initial,2026-04-01 17:30:23
BKG_004740,USR_004106,6341.28,,False,initial,2026-01-26 17:14:11
BKG_004741,USR_004106,9177.5,,False,initial,2026-01-22 11:01:26
BKG_004742,USR_004107,11352.2,,False,initial,2026-06-01 11:07:17
BKG_004743,USR_004109,3692.85,,False,initial,2026-05-09 10:57:13
BKG_004744,USR_004109,8605.32,3592.83,True,initial,2026-06-06 23:07:49
BKG_004745,USR_004110,7760.12,,False,initial,2026-02-02 22:38:57
BKG_004746,USR_004111,8153.1,,False,initial,2026-06-10 16:48:38
BKG_004747,USR_004112,5055.07,,False,initial,2026-03-30 17:57:39
BKG_004748,USR_004114,3506.24,,False,initial,2026-02-24 20:38:52
BKG_004749,USR_004115,7540.53,,False,initial,2026-02-17 10:56:46
BKG_004750,USR_004117,9139.28,,False,initial,2026-05-08 17:16:45
BKG_004751,USR_004117,9298.23,,False,initial,2026-02-19 10:38:18
BKG_004752,USR_004117,4678.5,,False,initial,2026-01-03 17:27:28
BKG_004753,USR_004119,4674.09,,False,initial,2026-04-18 20:53:55
BKG_004754,USR_004120,7928.21,,False,initial,2026-04-23 12:51:56
BKG_004755,USR_004120,3493.48,10027.53,True,initial,2026-05-16 06:01:52
BKG_004756,USR_004127,4521.75,,False,initial,2026-01-13 17:05:55
BKG_004757,USR_004128,4805.1,,False,initial,2026-02-05 23:18:06
BKG_004758,USR_004129,11986.36,,False,initial,2026-03-08 21:05:34
BKG_004759,USR_004130,5552.29,,False,initial,2026-03-11 01:05:49
BKG_004760,USR_004130,3320.98,,False,initial,2026-01-24 20:34:46
BKG_004761,USR_004130,3818.82,,False,initial,2026-03-11 11:51:27
BKG_004762,USR_004131,8346.56,,False,initial,2026-04-27 20:54:59
BKG_004763,USR_004131,4984.06,,False,initial,2026-04-21 18:39:58
BKG_004764,USR_004131,2905.11,,False,initial,2026-05-29 06:39:17
BKG_004765,USR_004131,3015.46,,False,initial,2026-04-18 03:12:53
BKG_004766,USR_004132,11926.15,,False,initial,2026-01-03 09:36:35
BKG_004767,USR_004132,11810.06,,False,initial,2026-03-15 05:27:52
BKG_004768,USR_004133,3277.53,,False,initial,2026-06-09 23:59:06
BKG_004769,USR_004134,11858.43,,False,initial,2026-02-18 22:31:39
BKG_004770,USR_004134,11824.31,,False,initial,2026-06-11 09:36:05
BKG_004771,USR_004135,5088.14,,False,initial,2026-05-11 13:11:35
BKG_004772,USR_004136,10447.34,,False,initial,2026-05-24 06:55:41
BKG_004773,USR_004137,6624.25,,False,initial,2026-06-12 09:22:50
BKG_004774,USR_004137,10280.83,,False,initial,2026-02-15 00:46:55
BKG_004775,USR_004138,4206.91,,False,initial,2026-01-08 23:02:59
BKG_004776,USR_004140,11828.3,,False,initial,2026-02-20 20:03:10
BKG_004777,USR_004141,6099.9,,False,initial,2026-01-18 19:02:09
BKG_004778,USR_004145,8323.12,,False,initial,2026-04-27 19:08:59
BKG_004779,USR_004146,4914.63,,False,initial,2026-06-05 08:27:54
BKG_004780,USR_004147,3899.43,,False,initial,2026-03-27 15:51:49
BKG_004781,USR_004147,8134.09,,False,initial,2026-01-02 15:32:21
BKG_004782,USR_004147,4476.53,,False,initial,2026-06-09 13:06:59
BKG_004783,USR_004148,11179.65,,False,initial,2026-02-18 19:57:55
BKG_004784,USR_004149,2718.55,,False,initial,2026-06-23 23:57:16
BKG_004785,USR_004150,5291.08,,False,initial,2026-03-04 06:04:46
BKG_004786,USR_004151,7146.79,,False,initial,2026-06-10 04:28:20
BKG_004787,USR_004151,4722.12,,False,initial,2026-06-03 04:39:16
BKG_004788,USR_004153,11241.84,,False,initial,2026-01-14 11:55:48
BKG_004789,USR_004154,10224.13,,False,initial,2026-03-26 07:50:25
BKG_004790,USR_004155,4605.86,,False,initial,2026-06-09 09:13:49
BKG_004791,USR_004156,9967.13,,False,initial,2026-01-18 20:21:08
BKG_004792,USR_004158,5503.15,,False,initial,2026-02-01 09:41:46
BKG_004793,USR_004159,9262.36,,False,initial,2026-05-15 09:37:52
BKG_004794,USR_004160,4273.94,,False,initial,2026-05-31 08:19:40
BKG_004795,USR_004162,6849.24,,False,initial,2026-02-01 13:35:23
BKG_004796,USR_004163,6556.27,,False,initial,2026-05-08 22:44:18
BKG_004797,USR_004164,6944.34,,False,initial,2026-03-30 10:47:27
BKG_004798,USR_004164,6486.69,,False,initial,2026-05-22 21:56:48
BKG_004799,USR_004165,5627.67,,False,initial,2026-05-15 11:52:50
BKG_004800,USR_004166,6635.18,,False,initial,2026-02-24 07:43:43
BKG_004801,USR_004167,5097.3,,False,initial,2026-01-02 13:34:54
BKG_004802,USR_004167,7252.47,,False,initial,2026-02-12 02:36:03
BKG_004803,USR_004168,10702.86,,False,initial,2026-04-05 00:34:42
BKG_004804,USR_004168,5696.52,,False,initial,2026-04-14 09:29:17
BKG_004805,USR_004170,11567.13,,False,initial,2026-02-01 14:58:15
BKG_004806,USR_004171,9792.45,10598.63,True,initial,2026-01-05 19:26:13
BKG_004807,USR_004172,11957.25,,False,initial,2026-05-09 22:59:39
BKG_004808,USR_004173,10334.48,,False,initial,2026-01-12 14:24:13
BKG_004809,USR_004174,5997.41,,False,initial,2026-02-26 02:43:20
BKG_004810,USR_004175,8827.82,,False,initial,2026-03-10 06:05:58
BKG_004811,USR_004175,11409.12,,False,initial,2026-02-03 15:21:33
BKG_004812,USR_004175,5445.61,,False,initial,2026-04-10 23:56:59
BKG_004813,USR_004176,3068.94,,False,initial,2026-04-12 19:20:53
BKG_004814,USR_004177,9420.16,,False,initial,2026-04-23 00:40:31
BKG_004815,USR_004178,5055.91,,False,initial,2026-02-19 12:44:55
BKG_004816,USR_004179,8334.86,,False,initial,2026-04-08 21:12:46
BKG_004817,USR_004179,3045.45,4240.36,True,initial,2026-02-15 11:19:40
BKG_004818,USR_004180,6209.55,,False,initial,2026-02-14 18:09:59
BKG_004819,USR_004181,5923.98,,False,initial,2026-03-12 09:50:37
BKG_004820,USR_004182,11234.16,,False,initial,2026-01-17 01:18:26
BKG_004821,USR_004182,2979.32,,False,initial,2026-04-23 17:30:28
BKG_004822,USR_004183,6285.19,,False,initial,2026-04-16 18:53:37
BKG_004823,USR_004184,3963.0,,False,initial,2026-02-24 02:15:18
BKG_004824,USR_004185,4776.42,,False,initial,2026-02-18 10:15:27
BKG_004825,USR_004185,6029.04,,False,initial,2026-05-17 00:12:02
BKG_004826,USR_004186,3576.28,,False,initial,2026-05-09 06:46:15
BKG_004827,USR_004187,8177.08,,False,initial,2026-01-10 23:14:15
BKG_004828,USR_004188,6249.85,,False,initial,2026-01-27 12:08:15
BKG_004829,USR_004189,8015.08,,False,initial,2026-04-11 06:39:52
BKG_004830,USR_004190,2971.64,,False,initial,2026-02-05 10:04:34
BKG_004831,USR_004191,9823.73,,False,initial,2026-02-22 17:29:39
BKG_004832,USR_004191,8398.34,,False,initial,2026-05-22 20:07:51
BKG_004833,USR_004192,6128.63,,False,initial,2026-05-26 23:04:39
BKG_004834,USR_004193,6130.37,,False,initial,2026-02-12 02:44:05
BKG_004835,USR_004193,10936.35,,False,initial,2026-05-16 13:34:15
BKG_004836,USR_004194,2788.89,,False,initial,2026-03-24 18:23:15
BKG_004837,USR_004194,10724.7,,False,initial,2026-01-24 08:25:56
BKG_004838,USR_004197,11365.7,,False,initial,2026-04-13 16:06:36
BKG_004839,USR_004197,3757.21,,False,initial,2026-06-15 13:01:56
BKG_004840,USR_004198,11332.38,,False,initial,2026-05-13 20:05:32
BKG_004841,USR_004198,5561.09,,False,initial,2026-01-06 00:03:51
BKG_004842,USR_004199,2606.9,,False,initial,2026-05-24 17:16:07
BKG_004843,USR_004200,10139.28,,False,initial,2026-06-18 00:33:58
BKG_004844,USR_004200,5364.34,,False,initial,2026-01-11 14:34:34
BKG_004845,USR_004202,8057.66,14147.93,True,initial,2026-02-06 12:46:32
BKG_004846,USR_004204,4689.82,,False,initial,2026-02-22 21:38:35
BKG_004847,USR_004205,5026.24,10594.89,True,initial,2026-04-06 21:45:31
BKG_004848,USR_004205,11692.68,,False,initial,2026-05-16 14:02:55
BKG_004849,USR_004206,7061.94,,False,initial,2026-05-11 15:01:15
BKG_004850,USR_004207,7187.07,,False,initial,2026-01-06 11:14:09
BKG_004851,USR_004208,7330.02,,False,initial,2026-06-10 16:57:19
BKG_004852,USR_004210,11631.06,,False,initial,2026-02-25 00:51:42
BKG_004853,USR_004211,11080.46,,False,initial,2026-04-25 06:18:47
BKG_004854,USR_004212,4057.37,,False,initial,2026-01-19 03:08:09
BKG_004855,USR_004213,11210.66,,False,initial,2026-01-10 15:22:43
BKG_004856,USR_004213,7185.44,,False,initial,2026-02-12 20:49:19
BKG_004857,USR_004213,10026.04,,False,initial,2026-02-02 18:13:06
BKG_004858,USR_004214,5070.69,,False,initial,2026-03-15 08:18:15
BKG_004859,USR_004216,3491.75,3337.94,True,initial,2026-04-23 03:40:46
BKG_004860,USR_004216,5478.21,,False,initial,2026-06-20 10:04:49
BKG_004861,USR_004216,9571.8,,False,initial,2026-03-04 10:54:46
BKG_004862,USR_004218,10398.97,,False,initial,2026-02-05 15:41:27
BKG_004863,USR_004220,11566.59,,False,initial,2026-04-21 07:04:38
BKG_004864,USR_004220,10431.1,,False,initial,2026-04-28 22:00:56
BKG_004865,USR_004220,10999.62,,False,initial,2026-01-04 19:51:18
BKG_004866,USR_004220,3366.98,,False,initial,2026-01-22 17:14:11
BKG_004867,USR_004222,5105.75,,False,initial,2026-03-17 23:59:16
BKG_004868,USR_004222,2891.75,,False,initial,2026-02-23 07:29:50
BKG_004869,USR_004224,4422.62,,False,initial,2026-04-27 06:11:16
BKG_004870,USR_004225,11246.54,,False,initial,2026-02-03 16:01:28
BKG_004871,USR_004226,8089.48,,False,initial,2026-05-25 23:48:31
BKG_004872,USR_004226,3035.06,,False,initial,2026-06-17 08:49:48
BKG_004873,USR_004226,9957.29,,False,initial,2026-06-13 23:37:53
BKG_004874,USR_004227,7125.94,14984.76,True,initial,2026-06-15 12:46:13
BKG_004875,USR_004228,6866.75,,False,initial,2026-03-31 00:56:32
BKG_004876,USR_004228,10082.02,,False,initial,2026-03-09 20:01:05
BKG_004877,USR_004228,5126.97,,False,initial,2026-03-24 13:51:10
BKG_004878,USR_004229,9142.7,,False,initial,2026-03-30 05:12:16
BKG_004879,USR_004232,4575.93,,False,initial,2026-01-30 03:01:46
BKG_004880,USR_004232,5889.56,,False,initial,2026-03-05 16:18:31
BKG_004881,USR_004233,5970.76,,False,initial,2026-04-09 10:24:43
BKG_004882,USR_004234,3013.71,,False,initial,2026-04-25 22:43:41
BKG_004883,USR_004235,10738.89,,False,initial,2026-06-13 00:00:06
BKG_004884,USR_004236,10091.56,,False,initial,2026-02-25 02:01:56
BKG_004885,USR_004237,4540.91,,False,initial,2026-06-20 20:36:41
BKG_004886,USR_004238,8975.25,,False,initial,2026-03-21 12:55:10
BKG_004887,USR_004239,7108.95,,False,initial,2026-06-29 07:27:56
BKG_004888,USR_004241,5319.47,,False,initial,2026-05-01 08:52:37
BKG_004889,USR_004241,10568.32,,False,initial,2026-04-10 00:56:37
BKG_004890,USR_004241,8212.26,,False,initial,2026-01-17 18:04:04
BKG_004891,USR_004242,2948.48,,False,initial,2026-02-26 18:18:06
BKG_004892,USR_004243,6557.9,,False,initial,2026-06-04 23:43:42
BKG_004893,USR_004244,10425.71,13501.14,True,initial,2026-06-02 04:35:00
BKG_004894,USR_004244,9082.37,,False,initial,2026-03-22 16:49:57
BKG_004895,USR_004245,7847.24,,False,initial,2026-03-02 19:29:49
BKG_004896,USR_004246,8346.84,9177.95,True,initial,2026-04-28 12:37:36
BKG_004897,USR_004247,7188.21,,False,initial,2026-05-06 03:26:54
BKG_004898,USR_004248,9861.49,,False,initial,2026-03-14 15:09:50
BKG_004899,USR_004249,11510.06,,False,initial,2026-04-07 05:34:44
BKG_004900,USR_004249,8046.65,,False,initial,2026-04-14 12:33:23
BKG_004901,USR_004250,3495.88,,False,initial,2026-06-24 03:33:57
BKG_004902,USR_004251,6090.39,,False,initial,2026-06-13 02:14:01
BKG_004903,USR_004252,7079.19,,False,initial,2026-06-08 08:10:40
BKG_004904,USR_004253,5900.71,,False,initial,2026-06-27 13:06:37
BKG_004905,USR_004254,4513.82,,False,initial,2026-04-05 23:24:18
BKG_004906,USR_004255,3995.69,,False,initial,2026-03-22 21:47:36
BKG_004907,USR_004257,11273.55,,False,initial,2026-06-08 04:18:13
BKG_004908,USR_004257,4533.5,,False,initial,2026-04-25 12:14:48
BKG_004909,USR_004258,4319.18,,False,initial,2026-02-28 18:14:11
BKG_004910,USR_004258,5441.19,,False,initial,2026-04-09 08:23:33
BKG_004911,USR_004259,6648.25,,False,initial,2026-03-19 12:28:31
BKG_004912,USR_004259,8760.07,,False,initial,2026-03-12 00:57:05
BKG_004913,USR_004260,7858.12,,False,initial,2026-04-14 03:32:14
BKG_004914,USR_004261,4699.34,,False,initial,2026-01-16 14:18:01
BKG_004915,USR_004263,6857.8,,False,initial,2026-04-12 08:44:48
BKG_004916,USR_004263,5808.91,12573.63,True,initial,2026-03-29 04:01:57
BKG_004917,USR_004263,3259.76,,False,initial,2026-02-04 03:03:24
BKG_004918,USR_004264,7015.02,,False,initial,2026-01-11 21:53:35
BKG_004919,USR_004265,2816.7,,False,initial,2026-02-09 17:08:52
BKG_004920,USR_004266,7704.87,,False,initial,2026-05-05 17:12:31
BKG_004921,USR_004266,4188.55,,False,initial,2026-01-25 06:52:34
BKG_004922,USR_004269,8952.73,,False,initial,2026-03-23 09:39:04
BKG_004923,USR_004270,11968.16,,False,initial,2026-06-11 12:37:47
BKG_004924,USR_004270,4211.92,,False,initial,2026-06-18 21:03:26
BKG_004925,USR_004270,10823.12,,False,initial,2026-01-29 06:14:18
BKG_004926,USR_004270,11968.32,,False,initial,2026-03-30 21:34:31
BKG_004927,USR_004271,4639.37,,False,initial,2026-04-27 12:25:44
BKG_004928,USR_004273,3643.18,,False,initial,2026-03-14 13:17:16
BKG_004929,USR_004274,9902.66,,False,initial,2026-01-20 12:36:38
BKG_004930,USR_004275,5928.67,,False,initial,2026-06-09 23:05:12
BKG_004931,USR_004275,2836.29,,False,initial,2026-03-14 22:29:45
BKG_004932,USR_004276,8520.82,,False,initial,2026-02-21 03:06:51
BKG_004933,USR_004280,8430.41,,False,initial,2026-06-23 19:26:43
BKG_004934,USR_004280,5808.49,,False,initial,2026-02-06 11:01:18
BKG_004935,USR_004280,10343.9,,False,initial,2026-06-29 20:54:22
BKG_004936,USR_004282,8226.18,,False,initial,2026-06-28 13:31:29
BKG_004937,USR_004282,4113.25,,False,initial,2026-04-03 13:50:30
BKG_004938,USR_004283,5789.83,,False,initial,2026-03-13 08:36:04
BKG_004939,USR_004284,5795.54,11459.99,True,initial,2026-06-20 18:47:14
BKG_004940,USR_004285,7328.17,,False,initial,2026-05-25 17:19:33
BKG_004941,USR_004285,4647.02,,False,initial,2026-05-23 12:30:22
BKG_004942,USR_004286,6940.69,,False,initial,2026-01-24 19:19:39
BKG_004943,USR_004287,2795.2,,False,initial,2026-03-29 05:32:32
BKG_004944,USR_004288,6466.3,,False,initial,2026-05-30 08:50:33
BKG_004945,USR_004289,9935.68,,False,initial,2026-06-29 20:14:15
BKG_004946,USR_004289,2880.05,9289.74,True,initial,2026-06-04 19:39:00
BKG_004947,USR_004290,4026.95,,False,initial,2026-02-07 00:23:55
BKG_004948,USR_004290,6339.84,,False,initial,2026-04-15 19:34:54
BKG_004949,USR_004291,10446.85,,False,initial,2026-03-21 07:59:40
BKG_004950,USR_004292,5391.58,5568.95,True,initial,2026-01-19 17:31:16
BKG_004951,USR_004292,6134.45,,False,initial,2026-05-02 07:17:58
BKG_004952,USR_004294,4414.95,,False,initial,2026-03-02 23:45:06
BKG_004953,USR_004294,9186.38,,False,initial,2026-04-23 16:47:48
BKG_004954,USR_004295,10680.32,,False,initial,2026-03-08 12:42:38
BKG_004955,USR_004295,4227.42,,False,initial,2026-04-01 07:13:17
BKG_004956,USR_004296,9507.96,,False,initial,2026-06-27 06:21:24
BKG_004957,USR_004296,11648.69,,False,initial,2026-04-29 20:43:37
BKG_004958,USR_004296,4724.89,,False,initial,2026-06-03 14:58:02
BKG_004959,USR_004297,9572.84,9245.84,True,initial,2026-01-03 19:39:16
BKG_004960,USR_004298,10328.03,,False,initial,2026-05-02 12:19:38
BKG_004961,USR_004298,10659.39,,False,initial,2026-04-07 00:11:56
BKG_004962,USR_004299,7469.15,,False,initial,2026-01-04 05:04:37
BKG_004963,USR_004299,8798.77,,False,initial,2026-01-09 00:35:36
BKG_004964,USR_004301,5070.0,,False,initial,2026-02-07 02:43:51
BKG_004965,USR_004303,5984.5,7217.34,True,initial,2026-05-24 08:45:51
BKG_004966,USR_004303,7388.16,,False,initial,2026-03-27 15:57:14
BKG_004967,USR_004304,3522.83,,False,initial,2026-01-14 02:29:57
BKG_004968,USR_004305,10694.08,,False,initial,2026-02-28 03:05:11
BKG_004969,USR_004305,5479.37,,False,initial,2026-06-10 03:16:16
BKG_004970,USR_004307,3803.95,,False,initial,2026-04-28 20:06:00
BKG_004971,USR_004307,5820.4,10208.02,True,initial,2026-06-13 07:31:10
BKG_004972,USR_004308,4096.11,,False,initial,2026-03-10 18:03:08
BKG_004973,USR_004308,8996.58,,False,initial,2026-05-04 23:23:50
BKG_004974,USR_004308,5615.34,,False,initial,2026-02-08 21:21:43
BKG_004975,USR_004308,3331.32,,False,initial,2026-04-02 01:06:11
BKG_004976,USR_004309,4941.0,12561.73,True,initial,2026-06-26 20:35:14
BKG_004977,USR_004311,3030.86,,False,initial,2026-02-25 07:42:18
BKG_004978,USR_004313,10056.0,,False,initial,2026-02-19 06:50:32
BKG_004979,USR_004314,9267.35,14796.4,True,initial,2026-06-26 03:44:54
BKG_004980,USR_004315,6691.21,10639.89,True,initial,2026-03-14 20:36:23
BKG_004981,USR_004315,10432.15,,False,initial,2026-03-01 15:40:01
BKG_004982,USR_004317,11512.97,,False,initial,2026-05-07 09:04:21
BKG_004983,USR_004318,10664.78,2836.63,True,initial,2026-04-15 00:36:36
BKG_004984,USR_004318,3797.88,,False,initial,2026-02-07 15:45:14
BKG_004985,USR_004319,6375.35,4149.81,True,initial,2026-01-09 17:42:45
BKG_004986,USR_004321,8197.0,,False,initial,2026-03-23 04:21:27
BKG_004987,USR_004323,8964.38,,False,initial,2026-04-10 19:49:40
BKG_004988,USR_004324,11065.91,,False,initial,2026-04-04 12:02:45
BKG_004989,USR_004325,6603.9,12433.62,True,initial,2026-01-14 11:07:10
BKG_004990,USR_004325,6827.36,,False,initial,2026-04-15 04:31:41
BKG_004991,USR_004326,9152.44,,False,initial,2026-03-20 20:13:29
BKG_004992,USR_004326,9126.45,,False,initial,2026-05-08 04:37:42
BKG_004993,USR_004328,3416.4,,False,initial,2026-05-11 02:11:50
BKG_004994,USR_004328,8264.49,8319.46,True,initial,2026-06-25 13:26:41
BKG_004995,USR_004329,8891.18,,False,initial,2026-04-20 02:57:40
BKG_004996,USR_004330,4392.58,,False,initial,2026-01-20 10:47:30
BKG_004997,USR_004332,4476.67,10096.43,True,initial,2026-05-26 10:52:38
BKG_004998,USR_004332,5603.4,,False,initial,2026-05-11 20:58:20
BKG_004999,USR_004333,10362.46,,False,initial,2026-02-12 14:44:59
BKG_005000,USR_004335,11309.13,,False,initial,2026-04-16 09:51:25
BKG_005001,USR_004336,5926.51,,False,initial,2026-03-07 21:32:47
BKG_005002,USR_004336,7041.18,5571.89,True,initial,2026-04-26 04:42:02
BKG_005003,USR_004336,8361.15,14496.28,True,initial,2026-04-01 23:37:05
BKG_005004,USR_004337,7001.33,,False,initial,2026-05-06 18:56:33
BKG_005005,USR_004340,7100.78,,False,initial,2026-03-29 15:26:28
BKG_005006,USR_004341,5497.85,,False,initial,2026-01-22 16:53:57
BKG_005007,USR_004342,7811.94,,False,initial,2026-01-26 18:19:04
BKG_005008,USR_004344,2905.88,,False,initial,2026-06-21 10:59:40
BKG_005009,USR_004345,3922.52,,False,initial,2026-06-16 10:14:56
BKG_005010,USR_004348,6128.71,,False,initial,2026-04-13 11:03:37
BKG_005011,USR_004349,8040.04,,False,initial,2026-02-11 16:35:13
BKG_005012,USR_004350,3647.21,,False,initial,2026-05-19 09:45:34
BKG_005013,USR_004351,6281.49,,False,initial,2026-05-17 08:44:12
BKG_005014,USR_004352,6948.87,,False,initial,2026-02-11 23:53:36
BKG_005015,USR_004353,6843.16,,False,initial,2026-04-19 17:34:22
BKG_005016,USR_004353,2973.01,,False,initial,2026-02-03 19:04:52
BKG_005017,USR_004354,11212.77,,False,initial,2026-06-04 15:20:18
BKG_005018,USR_004354,5374.0,,False,initial,2026-06-14 15:51:24
BKG_005019,USR_004354,10194.35,,False,initial,2026-06-08 00:15:34
BKG_005020,USR_004354,5744.44,,False,initial,2026-01-12 08:52:59
BKG_005021,USR_004355,11830.05,,False,initial,2026-02-03 11:28:10
BKG_005022,USR_004358,10981.84,,False,initial,2026-06-26 01:11:17
BKG_005023,USR_004359,5824.75,,False,initial,2026-04-09 11:18:53
BKG_005024,USR_004360,8445.68,,False,initial,2026-02-06 19:28:57
BKG_005025,USR_004361,2736.69,,False,initial,2026-06-14 12:55:57
BKG_005026,USR_004362,5845.04,,False,initial,2026-03-02 01:34:08
BKG_005027,USR_004362,10061.55,,False,initial,2026-01-07 14:01:55
BKG_005028,USR_004364,5198.28,,False,initial,2026-05-11 08:05:51
BKG_005029,USR_004364,8354.98,,False,initial,2026-01-21 11:52:07
BKG_005030,USR_004366,11382.5,,False,initial,2026-04-16 20:17:43
BKG_005031,USR_004367,10716.71,,False,initial,2026-05-15 02:21:29
BKG_005032,USR_004367,5279.17,,False,initial,2026-05-02 12:28:06
BKG_005033,USR_004368,6021.7,,False,initial,2026-03-12 14:27:47
BKG_005034,USR_004368,11474.46,,False,initial,2026-03-19 19:38:16
BKG_005035,USR_004368,11138.55,,False,initial,2026-01-03 12:22:37
BKG_005036,USR_004369,11347.77,,False,initial,2026-03-23 14:55:07
BKG_005037,USR_004371,2833.86,,False,initial,2026-05-28 13:07:20
BKG_005038,USR_004373,8692.21,,False,initial,2026-05-15 04:58:57
BKG_005039,USR_004374,11595.1,,False,initial,2026-04-24 00:38:37
BKG_005040,USR_004375,5950.16,,False,initial,2026-01-13 22:18:32
BKG_005041,USR_004376,5085.65,,False,initial,2026-05-11 09:52:38
BKG_005042,USR_004378,7047.16,,False,initial,2026-01-24 12:15:09
BKG_005043,USR_004381,4062.6,,False,initial,2026-06-13 20:38:00
BKG_005044,USR_004381,8112.99,,False,initial,2026-05-13 20:00:08
BKG_005045,USR_004382,6526.25,,False,initial,2026-03-08 05:11:47
BKG_005046,USR_004382,10504.77,,False,initial,2026-06-21 18:11:02
BKG_005047,USR_004382,6310.29,3025.32,True,initial,2026-01-02 07:42:10
BKG_005048,USR_004385,11585.75,,False,initial,2026-06-13 16:31:24
BKG_005049,USR_004385,11825.1,,False,initial,2026-02-19 09:10:43
BKG_005050,USR_004385,6094.16,,False,initial,2026-05-01 19:18:01
BKG_005051,USR_004385,8136.93,,False,initial,2026-01-28 04:48:39
BKG_005052,USR_004386,3809.87,,False,initial,2026-04-28 08:40:20
BKG_005053,USR_004387,10821.39,,False,initial,2026-05-30 03:12:52
BKG_005054,USR_004388,8761.73,,False,initial,2026-05-03 04:12:55
BKG_005055,USR_004388,4101.43,,False,initial,2026-06-20 21:30:19
BKG_005056,USR_004389,6066.98,,False,initial,2026-03-03 08:59:11
BKG_005057,USR_004389,9160.92,,False,initial,2026-04-07 01:21:54
BKG_005058,USR_004390,8238.34,,False,initial,2026-01-13 13:21:04
BKG_005059,USR_004390,6403.39,,False,initial,2026-06-11 02:06:08
BKG_005060,USR_004392,9051.57,,False,initial,2026-05-24 20:30:56
BKG_005061,USR_004393,10802.45,13912.34,True,initial,2026-01-26 16:01:42
BKG_005062,USR_004393,6373.84,,False,initial,2026-06-04 10:56:50
BKG_005063,USR_004396,6167.41,,False,initial,2026-03-09 11:11:57
BKG_005064,USR_004397,10981.91,,False,initial,2026-04-14 02:23:15
BKG_005065,USR_004398,3098.63,,False,initial,2026-05-28 01:39:04
BKG_005066,USR_004398,10262.36,,False,initial,2026-06-13 12:15:52
BKG_005067,USR_004399,2799.8,,False,initial,2026-03-16 03:42:09
BKG_005068,USR_004400,5229.67,,False,initial,2026-03-05 12:49:23
BKG_005069,USR_004401,2612.29,,False,initial,2026-03-16 00:20:08
BKG_005070,USR_004404,3896.97,,False,initial,2026-06-04 03:23:10
BKG_005071,USR_004405,8251.04,,False,initial,2026-05-09 03:26:20
BKG_005072,USR_004407,7412.84,,False,initial,2026-05-16 23:06:32
BKG_005073,USR_004408,11231.51,,False,initial,2026-02-25 00:47:04
BKG_005074,USR_004409,7235.33,,False,initial,2026-05-02 05:01:51
BKG_005075,USR_004410,11126.06,,False,initial,2026-05-30 06:21:25
BKG_005076,USR_004411,11753.2,,False,initial,2026-04-07 02:51:05
BKG_005077,USR_004413,9765.61,,False,initial,2026-04-06 04:39:04
BKG_005078,USR_004414,8479.6,,False,initial,2026-06-23 06:48:58
BKG_005079,USR_004414,7946.81,,False,initial,2026-05-18 18:12:20
BKG_005080,USR_004414,4116.5,,False,initial,2026-03-31 02:26:55
BKG_005081,USR_004416,4223.41,,False,initial,2026-03-02 17:14:54
BKG_005082,USR_004416,4498.9,,False,initial,2026-05-15 01:54:27
BKG_005083,USR_004416,8830.3,,False,initial,2026-06-08 14:12:52
BKG_005084,USR_004417,9276.13,,False,initial,2026-01-20 23:20:48
BKG_005085,USR_004418,6756.42,,False,initial,2026-01-17 02:43:48
BKG_005086,USR_004418,7480.94,,False,initial,2026-02-18 01:39:39
BKG_005087,USR_004418,2789.6,,False,initial,2026-06-05 03:17:36
BKG_005088,USR_004418,11255.28,,False,initial,2026-01-05 21:41:31
BKG_005089,USR_004419,4414.53,6893.2,True,initial,2026-05-24 09:28:38
BKG_005090,USR_004420,8872.44,,False,initial,2026-03-13 08:15:51
BKG_005091,USR_004420,3538.15,,False,initial,2026-05-16 13:48:37
BKG_005092,USR_004421,5728.03,,False,initial,2026-03-17 03:09:22
BKG_005093,USR_004421,9081.13,,False,initial,2026-05-22 23:08:54
BKG_005094,USR_004421,3540.87,,False,initial,2026-04-03 13:46:44
BKG_005095,USR_004422,7397.79,,False,initial,2026-04-30 12:28:52
BKG_005096,USR_004423,3132.26,,False,initial,2026-04-19 02:54:04
BKG_005097,USR_004424,8139.39,,False,initial,2026-06-04 13:40:39
BKG_005098,USR_004424,3314.82,,False,initial,2026-01-21 09:54:17
BKG_005099,USR_004424,7267.84,,False,initial,2026-02-01 08:04:27
BKG_005100,USR_004425,4731.15,,False,initial,2026-05-17 08:00:12
BKG_005101,USR_004426,11548.1,,False,initial,2026-06-13 21:58:29
BKG_005102,USR_004426,9980.44,,False,initial,2026-05-18 08:29:10
BKG_005103,USR_004426,3703.54,,False,initial,2026-02-08 04:01:48
BKG_005104,USR_004428,3232.42,,False,initial,2026-02-09 10:14:03
BKG_005105,USR_004430,3509.03,,False,initial,2026-05-25 18:12:10
BKG_005106,USR_004432,4295.33,,False,initial,2026-02-21 13:54:40
BKG_005107,USR_004432,11027.91,,False,initial,2026-06-26 22:16:55
BKG_005108,USR_004433,11092.66,,False,initial,2026-06-12 18:29:17
BKG_005109,USR_004433,11282.9,,False,initial,2026-03-07 22:55:15
BKG_005110,USR_004434,3342.27,,False,initial,2026-05-08 04:09:51
BKG_005111,USR_004434,10833.77,,False,initial,2026-01-08 05:07:56
BKG_005112,USR_004435,6440.55,,False,initial,2026-03-11 04:18:02
BKG_005113,USR_004437,8173.5,,False,initial,2026-04-11 01:01:48
BKG_005114,USR_004438,4751.86,,False,initial,2026-04-02 04:21:30
BKG_005115,USR_004438,10976.89,,False,initial,2026-06-15 12:06:34
BKG_005116,USR_004439,8376.69,,False,initial,2026-05-08 15:36:28
BKG_005117,USR_004439,8869.04,,False,initial,2026-05-25 18:55:33
BKG_005118,USR_004440,10977.05,,False,initial,2026-01-01 17:39:07
BKG_005119,USR_004441,7575.39,,False,initial,2026-05-19 02:35:28
BKG_005120,USR_004441,4257.9,,False,initial,2026-02-24 16:18:57
BKG_005121,USR_004442,11850.19,,False,initial,2026-01-17 01:59:11
BKG_005122,USR_004442,3488.45,,False,initial,2026-01-01 19:34:12
BKG_005123,USR_004444,7835.53,,False,initial,2026-01-26 19:45:00
BKG_005124,USR_004445,2514.91,,False,initial,2026-04-30 19:11:49
BKG_005125,USR_004447,9335.37,,False,initial,2026-03-07 21:39:55
BKG_005126,USR_004448,5829.58,,False,initial,2026-03-23 08:40:04
BKG_005127,USR_004448,11302.5,7808.57,True,initial,2026-03-29 01:11:20
BKG_005128,USR_004449,3304.93,,False,initial,2026-03-23 02:50:16
BKG_005129,USR_004449,10553.46,,False,initial,2026-03-30 04:12:48
BKG_005130,USR_004450,9874.8,,False,initial,2026-05-13 04:37:42
BKG_005131,USR_004452,9352.09,,False,initial,2026-03-31 17:56:55
BKG_005132,USR_004455,7017.57,,False,initial,2026-02-16 13:26:40
BKG_005133,USR_004455,4588.72,,False,initial,2026-01-02 17:08:22
BKG_005134,USR_004456,7201.29,,False,initial,2026-06-05 17:02:21
BKG_005135,USR_004458,6852.02,,False,initial,2026-06-07 22:05:20
BKG_005136,USR_004461,7377.08,,False,initial,2026-06-11 16:03:18
BKG_005137,USR_004461,8105.64,,False,initial,2026-01-30 21:33:55
BKG_005138,USR_004463,10340.71,,False,initial,2026-06-18 04:22:19
BKG_005139,USR_004463,7310.93,,False,initial,2026-06-13 21:31:00
BKG_005140,USR_004466,8798.86,,False,initial,2026-04-14 23:19:20
BKG_005141,USR_004467,6444.83,,False,initial,2026-04-01 17:03:47
BKG_005142,USR_004468,3962.84,,False,initial,2026-02-12 08:15:35
BKG_005143,USR_004469,11197.21,,False,initial,2026-01-17 19:22:17
BKG_005144,USR_004470,8554.75,,False,initial,2026-06-29 02:36:19
BKG_005145,USR_004471,9922.93,,False,initial,2026-01-25 12:56:03
BKG_005146,USR_004471,7375.22,,False,initial,2026-04-17 16:22:45
BKG_005147,USR_004472,4907.43,,False,initial,2026-01-24 16:53:14
BKG_005148,USR_004472,8706.54,,False,initial,2026-06-22 01:00:37
BKG_005149,USR_004473,8960.09,,False,initial,2026-06-22 03:18:06
BKG_005150,USR_004474,9583.5,,False,initial,2026-06-08 11:37:16
BKG_005151,USR_004475,11193.82,,False,initial,2026-02-13 14:21:04
BKG_005152,USR_004476,6561.98,,False,initial,2026-06-28 13:17:13
BKG_005153,USR_004476,5877.92,,False,initial,2026-05-13 09:38:12
BKG_005154,USR_004476,5811.7,,False,initial,2026-03-27 05:30:31
BKG_005155,USR_004477,5111.77,,False,initial,2026-06-13 12:15:24
BKG_005156,USR_004478,7980.09,,False,initial,2026-04-08 01:30:20
BKG_005157,USR_004479,5951.89,,False,initial,2026-03-25 16:36:23
BKG_005158,USR_004480,8908.4,,False,initial,2026-04-25 00:29:40
BKG_005159,USR_004481,7079.24,,False,initial,2026-01-29 13:54:30
BKG_005160,USR_004482,8461.22,,False,initial,2026-05-30 09:53:27
BKG_005161,USR_004483,4633.77,,False,initial,2026-01-29 16:50:23
BKG_005162,USR_004485,8457.05,,False,initial,2026-03-14 01:04:33
BKG_005163,USR_004486,11996.55,,False,initial,2026-01-04 23:59:26
BKG_005164,USR_004487,10855.99,,False,initial,2026-04-25 00:49:51
BKG_005165,USR_004488,3067.69,,False,initial,2026-01-19 20:45:42
BKG_005166,USR_004489,5006.35,,False,initial,2026-04-27 09:30:49
BKG_005167,USR_004492,11975.67,,False,initial,2026-05-28 08:06:39
BKG_005168,USR_004493,9061.18,,False,initial,2026-04-21 22:23:36
BKG_005169,USR_004494,9283.28,,False,initial,2026-03-30 03:06:00
BKG_005170,USR_004496,5655.81,,False,initial,2026-01-24 19:59:30
BKG_005171,USR_004499,6819.48,,False,initial,2026-06-21 19:41:30
BKG_005172,USR_004500,7419.75,,False,initial,2026-04-06 19:18:41
BKG_005173,USR_004501,11986.73,,False,initial,2026-04-21 18:00:30
BKG_005174,USR_004502,8583.95,,False,initial,2026-03-28 03:54:00
BKG_005175,USR_004502,11005.9,,False,initial,2026-04-10 09:03:05
BKG_005176,USR_004502,11264.55,,False,initial,2026-01-30 03:31:25
BKG_005177,USR_004502,8639.36,,False,initial,2026-05-27 10:09:53
BKG_005178,USR_004503,3382.87,,False,initial,2026-05-05 14:23:41
BKG_005179,USR_004503,10704.67,,False,initial,2026-04-09 04:57:00
BKG_005180,USR_004503,4410.88,,False,initial,2026-03-17 07:48:43
BKG_005181,USR_004503,3736.79,,False,initial,2026-05-29 21:44:14
BKG_005182,USR_004504,9252.48,,False,initial,2026-06-17 17:27:30
BKG_005183,USR_004505,11235.31,,False,initial,2026-06-11 12:17:10
BKG_005184,USR_004505,9965.18,,False,initial,2026-05-07 06:24:35
BKG_005185,USR_004506,10032.12,,False,initial,2026-02-15 02:16:53
BKG_005186,USR_004506,7625.71,,False,initial,2026-02-02 07:20:32
BKG_005187,USR_004506,8678.33,,False,initial,2026-02-26 00:50:07
BKG_005188,USR_004507,8465.19,,False,initial,2026-03-24 14:24:15
BKG_005189,USR_004510,5595.57,,False,initial,2026-03-05 07:31:36
BKG_005190,USR_004511,3504.42,,False,initial,2026-05-30 22:51:34
BKG_005191,USR_004512,8409.12,,False,initial,2026-04-23 00:38:27
BKG_005192,USR_004513,5691.25,,False,initial,2026-01-28 00:18:59
BKG_005193,USR_004513,11990.81,,False,initial,2026-05-27 13:45:01
BKG_005194,USR_004515,8635.36,,False,initial,2026-05-13 15:49:26
BKG_005195,USR_004516,4279.91,,False,initial,2026-06-17 08:29:12
BKG_005196,USR_004518,8628.76,,False,initial,2026-04-08 00:13:52
BKG_005197,USR_004518,7252.79,,False,initial,2026-06-24 01:57:42
BKG_005198,USR_004518,11161.89,,False,initial,2026-03-01 14:50:51
BKG_005199,USR_004520,8735.76,,False,initial,2026-02-20 21:37:20
BKG_005200,USR_004522,4664.91,,False,initial,2026-05-21 12:27:05
BKG_005201,USR_004523,6488.04,,False,initial,2026-02-02 23:52:53
BKG_005202,USR_004523,5298.27,,False,initial,2026-03-06 11:00:51
BKG_005203,USR_004524,7066.53,,False,initial,2026-03-12 09:55:15
BKG_005204,USR_004525,7077.76,,False,initial,2026-05-22 19:56:18
BKG_005205,USR_004525,7706.19,,False,initial,2026-05-13 14:28:03
BKG_005206,USR_004527,5749.31,,False,initial,2026-04-17 05:41:25
BKG_005207,USR_004527,2503.93,,False,initial,2026-01-22 09:29:11
BKG_005208,USR_004528,6676.04,,False,initial,2026-05-26 08:46:24
BKG_005209,USR_004528,6447.13,,False,initial,2026-03-04 17:37:37
BKG_005210,USR_004529,10159.53,,False,initial,2026-05-19 20:15:57
BKG_005211,USR_004529,5997.21,,False,initial,2026-03-29 21:22:39
BKG_005212,USR_004530,6925.96,,False,initial,2026-01-16 11:00:03
BKG_005213,USR_004531,3155.37,,False,initial,2026-03-15 20:00:08
BKG_005214,USR_004532,9359.54,,False,initial,2026-01-20 00:06:16
BKG_005215,USR_004533,10118.28,,False,initial,2026-03-29 23:47:24
BKG_005216,USR_004533,9445.73,,False,initial,2026-03-26 14:16:36
BKG_005217,USR_004533,2501.6,,False,initial,2026-03-06 15:35:41
BKG_005218,USR_004534,3240.53,,False,initial,2026-01-29 08:03:28
BKG_005219,USR_004535,10517.68,,False,initial,2026-01-25 03:50:41
BKG_005220,USR_004538,7458.24,,False,initial,2026-05-13 18:37:02
BKG_005221,USR_004538,10274.27,,False,initial,2026-01-07 18:58:07
BKG_005222,USR_004539,4993.92,,False,initial,2026-02-04 04:40:27
BKG_005223,USR_004539,9354.16,,False,initial,2026-02-21 19:26:36
BKG_005224,USR_004540,8119.45,,False,initial,2026-06-01 15:48:50
BKG_005225,USR_004540,9910.2,,False,initial,2026-02-24 07:33:25
BKG_005226,USR_004541,4727.52,,False,initial,2026-02-08 04:36:34
BKG_005227,USR_004542,3975.24,,False,initial,2026-05-19 03:24:27
BKG_005228,USR_004543,9843.01,,False,initial,2026-03-04 18:22:02
BKG_005229,USR_004545,3154.95,,False,initial,2026-04-27 08:26:25
BKG_005230,USR_004545,3859.81,,False,initial,2026-04-12 17:20:08
BKG_005231,USR_004546,8320.83,,False,initial,2026-04-25 15:48:30
BKG_005232,USR_004547,3545.88,,False,initial,2026-02-14 12:24:51
BKG_005233,USR_004548,4851.22,,False,initial,2026-06-29 20:22:07
BKG_005234,USR_004549,10633.1,,False,initial,2026-02-19 03:19:20
BKG_005235,USR_004550,9783.54,12808.29,True,initial,2026-01-28 04:32:23
BKG_005236,USR_004550,2574.89,,False,initial,2026-03-05 08:17:36
BKG_005237,USR_004551,9342.81,,False,initial,2026-01-30 08:54:58
BKG_005238,USR_004551,8129.01,,False,initial,2026-04-13 15:41:26
BKG_005239,USR_004552,9829.2,,False,initial,2026-04-22 06:52:54
BKG_005240,USR_004552,3557.63,,False,initial,2026-01-01 00:51:43
BKG_005241,USR_004553,3885.61,,False,initial,2026-04-05 01:17:23
BKG_005242,USR_004554,11827.06,6332.77,True,initial,2026-04-14 20:51:31
BKG_005243,USR_004554,7369.77,,False,initial,2026-05-03 11:04:30
BKG_005244,USR_004555,9075.17,,False,initial,2026-01-03 12:28:26
BKG_005245,USR_004556,6307.89,,False,initial,2026-05-22 23:57:56
BKG_005246,USR_004556,5647.4,,False,initial,2026-05-15 00:54:26
BKG_005247,USR_004556,9855.07,,False,initial,2026-06-20 18:16:30
BKG_005248,USR_004557,7936.76,,False,initial,2026-04-28 03:08:26
BKG_005249,USR_004559,9673.25,,False,initial,2026-05-09 10:23:18
BKG_005250,USR_004559,10036.53,,False,initial,2026-03-03 10:09:50
BKG_005251,USR_004560,10019.71,,False,initial,2026-03-15 17:11:01
BKG_005252,USR_004561,8205.31,,False,initial,2026-02-12 09:31:43
BKG_005253,USR_004561,11929.7,,False,initial,2026-06-13 05:56:09
BKG_005254,USR_004562,3331.99,,False,initial,2026-04-19 08:17:12
BKG_005255,USR_004562,5275.37,,False,initial,2026-04-15 00:52:03
BKG_005256,USR_004563,10591.46,,False,initial,2026-03-28 22:48:12
BKG_005257,USR_004564,10360.41,,False,initial,2026-01-30 01:04:58
BKG_005258,USR_004564,6336.71,,False,initial,2026-01-13 21:18:16
BKG_005259,USR_004564,6115.5,,False,initial,2026-04-21 13:42:57
BKG_005260,USR_004565,8370.94,,False,initial,2026-01-05 00:57:58
BKG_005261,USR_004565,9932.01,,False,initial,2026-05-20 11:14:36
BKG_005262,USR_004566,10420.39,,False,initial,2026-02-06 13:01:48
BKG_005263,USR_004566,7739.72,,False,initial,2026-04-13 17:17:25
BKG_005264,USR_004567,7310.9,,False,initial,2026-04-18 01:00:10
BKG_005265,USR_004568,5037.13,,False,initial,2026-03-21 08:29:52
BKG_005266,USR_004569,11251.09,,False,initial,2026-06-28 10:08:45
BKG_005267,USR_004570,9760.18,,False,initial,2026-05-06 23:07:04
BKG_005268,USR_004570,11968.76,,False,initial,2026-06-05 19:12:58
BKG_005269,USR_004573,10317.69,10541.28,True,initial,2026-04-04 14:13:31
BKG_005270,USR_004573,9519.01,,False,initial,2026-04-25 21:46:48
BKG_005271,USR_004573,7403.9,11209.48,True,initial,2026-02-15 19:53:42
BKG_005272,USR_004573,4971.3,,False,initial,2026-05-15 04:13:34
BKG_005273,USR_004574,2746.15,,False,initial,2026-03-30 02:26:30
BKG_005274,USR_004574,11599.96,,False,initial,2026-05-30 18:09:14
BKG_005275,USR_004575,8684.3,,False,initial,2026-02-20 10:14:57
BKG_005276,USR_004577,6659.1,,False,initial,2026-01-13 09:00:48
BKG_005277,USR_004578,5913.64,4865.14,True,initial,2026-01-15 08:46:52
BKG_005278,USR_004580,6564.67,,False,initial,2026-01-11 00:39:25
BKG_005279,USR_004580,7833.74,,False,initial,2026-01-24 05:10:32
BKG_005280,USR_004581,3970.5,,False,initial,2026-05-15 06:06:05
BKG_005281,USR_004581,11552.56,10525.36,True,initial,2026-01-02 04:32:21
BKG_005282,USR_004583,9632.51,12431.72,True,initial,2026-06-20 16:34:55
BKG_005283,USR_004584,4850.5,,False,initial,2026-02-22 05:42:46
BKG_005284,USR_004584,5543.4,,False,initial,2026-06-29 08:45:36
BKG_005285,USR_004585,7455.78,,False,initial,2026-06-23 13:27:22
BKG_005286,USR_004590,7102.35,7114.34,True,initial,2026-06-27 09:57:05
BKG_005287,USR_004591,10577.85,,False,initial,2026-04-02 02:52:22
BKG_005288,USR_004592,9761.86,,False,initial,2026-06-25 21:38:38
BKG_005289,USR_004592,5580.37,,False,initial,2026-04-20 12:52:14
BKG_005290,USR_004592,10871.34,,False,initial,2026-02-06 14:03:21
BKG_005291,USR_004593,9910.82,,False,initial,2026-04-22 01:28:53
BKG_005292,USR_004593,2677.0,,False,initial,2026-03-16 04:13:16
BKG_005293,USR_004595,4900.46,,False,initial,2026-05-15 04:58:33
BKG_005294,USR_004597,6367.26,,False,initial,2026-06-05 06:30:15
BKG_005295,USR_004597,6880.64,,False,initial,2026-04-11 04:46:34
BKG_005296,USR_004597,7348.72,14415.41,True,initial,2026-03-17 05:21:17
BKG_005297,USR_004598,11901.03,,False,initial,2026-03-25 01:45:28
BKG_005298,USR_004599,10347.67,,False,initial,2026-01-23 03:22:53
BKG_005299,USR_004599,11876.02,,False,initial,2026-05-09 03:29:25
BKG_005300,USR_004599,9783.88,,False,initial,2026-04-07 05:28:26
BKG_005301,USR_004605,6293.95,,False,initial,2026-06-23 02:26:27
BKG_005302,USR_004606,8716.0,,False,initial,2026-06-08 14:02:14
BKG_005303,USR_004607,8362.56,,False,initial,2026-01-24 05:21:59
BKG_005304,USR_004608,11818.13,,False,initial,2026-01-19 03:46:11
BKG_005305,USR_004610,5166.26,,False,initial,2026-05-16 01:14:05
BKG_005306,USR_004610,5325.66,5079.86,True,initial,2026-02-25 17:46:40
BKG_005307,USR_004611,10681.36,,False,initial,2026-01-05 17:07:33
BKG_005308,USR_004612,11402.54,3432.15,True,initial,2026-02-12 03:05:44
BKG_005309,USR_004613,4884.4,,False,initial,2026-05-29 06:24:17
BKG_005310,USR_004614,11450.95,,False,initial,2026-06-08 18:38:47
BKG_005311,USR_004615,4042.94,,False,initial,2026-03-17 10:59:24
BKG_005312,USR_004616,5058.94,,False,initial,2026-03-23 05:13:26
BKG_005313,USR_004616,5660.36,,False,initial,2026-06-12 21:29:36
BKG_005314,USR_004617,6422.11,,False,initial,2026-06-11 16:31:43
BKG_005315,USR_004618,6803.46,,False,initial,2026-06-20 04:20:17
BKG_005316,USR_004618,6482.35,,False,initial,2026-03-25 17:17:24
BKG_005317,USR_004620,11608.9,,False,initial,2026-05-29 08:53:49
BKG_005318,USR_004620,2859.31,,False,initial,2026-05-28 06:10:08
BKG_005319,USR_004621,8698.8,,False,initial,2026-06-08 23:40:54
BKG_005320,USR_004622,9238.74,,False,initial,2026-06-29 22:48:59
BKG_005321,USR_004622,11195.45,,False,initial,2026-04-06 20:48:53
BKG_005322,USR_004624,10282.57,,False,initial,2026-05-25 06:08:39
BKG_005323,USR_004624,2886.95,,False,initial,2026-01-08 04:12:14
BKG_005324,USR_004625,5830.77,,False,initial,2026-06-19 20:30:06
BKG_005325,USR_004625,11853.99,,False,initial,2026-04-06 11:38:57
BKG_005326,USR_004625,10468.92,,False,initial,2026-05-27 08:39:55
BKG_005327,USR_004627,4825.87,,False,initial,2026-01-01 22:36:23
BKG_005328,USR_004628,11958.96,,False,initial,2026-03-08 03:17:16
BKG_005329,USR_004629,8497.47,,False,initial,2026-05-22 13:09:23
BKG_005330,USR_004631,7685.08,,False,initial,2026-05-04 18:23:42
BKG_005331,USR_004631,3434.23,,False,initial,2026-06-26 15:31:43
BKG_005332,USR_004632,7135.83,,False,initial,2026-02-22 08:37:46
BKG_005333,USR_004635,9809.88,,False,initial,2026-01-30 18:17:48
BKG_005334,USR_004636,7099.74,,False,initial,2026-02-27 08:05:01
BKG_005335,USR_004637,7237.18,,False,initial,2026-05-22 18:05:15
BKG_005336,USR_004637,10884.54,,False,initial,2026-04-08 00:31:51
BKG_005337,USR_004638,11091.35,,False,initial,2026-04-23 09:07:43
BKG_005338,USR_004639,9917.16,,False,initial,2026-04-01 10:23:04
BKG_005339,USR_004639,7204.24,,False,initial,2026-05-05 02:58:21
BKG_005340,USR_004640,9726.59,,False,initial,2026-01-07 00:34:24
BKG_005341,USR_004640,6314.12,,False,initial,2026-06-15 16:00:45
BKG_005342,USR_004640,11355.28,,False,initial,2026-02-19 00:19:32
BKG_005343,USR_004644,6726.45,8888.6,True,initial,2026-06-17 18:21:11
BKG_005344,USR_004644,4209.54,3580.51,True,initial,2026-05-16 17:08:13
BKG_005345,USR_004644,8559.1,,False,initial,2026-03-11 01:35:08
BKG_005346,USR_004646,9073.11,,False,initial,2026-02-22 04:45:12
BKG_005347,USR_004647,8548.42,,False,initial,2026-01-28 00:02:03
BKG_005348,USR_004647,6215.01,,False,initial,2026-05-04 05:32:49
BKG_005349,USR_004648,10257.75,,False,initial,2026-04-15 16:04:04
BKG_005350,USR_004648,10079.35,,False,initial,2026-06-29 13:24:12
BKG_005351,USR_004649,5710.8,,False,initial,2026-06-14 18:26:29
BKG_005352,USR_004649,9105.93,,False,initial,2026-01-06 17:12:13
BKG_005353,USR_004650,3182.15,,False,initial,2026-04-10 00:32:56
BKG_005354,USR_004651,8115.86,3354.82,True,initial,2026-05-10 10:03:06
BKG_005355,USR_004651,3188.91,,False,initial,2026-03-25 03:13:42
BKG_005356,USR_004651,5602.22,,False,initial,2026-06-27 23:22:31
BKG_005357,USR_004652,8200.72,,False,initial,2026-03-16 00:15:08
BKG_005358,USR_004653,10453.83,,False,initial,2026-02-13 09:03:13
BKG_005359,USR_004654,8145.71,,False,initial,2026-05-10 04:43:33
BKG_005360,USR_004654,4352.38,,False,initial,2026-06-03 13:48:50
BKG_005361,USR_004655,5770.79,,False,initial,2026-04-24 07:17:58
BKG_005362,USR_004656,10610.59,,False,initial,2026-05-30 11:31:23
BKG_005363,USR_004657,6219.21,,False,initial,2026-02-17 18:21:40
BKG_005364,USR_004657,11695.34,,False,initial,2026-05-15 10:13:57
BKG_005365,USR_004659,10104.17,,False,initial,2026-05-14 23:23:51
BKG_005366,USR_004660,6366.02,,False,initial,2026-02-19 15:11:50
BKG_005367,USR_004661,10915.1,,False,initial,2026-06-24 10:11:17
BKG_005368,USR_004662,10793.24,14029.14,True,initial,2026-03-18 20:39:08
BKG_005369,USR_004662,2546.74,,False,initial,2026-02-23 06:00:24
BKG_005370,USR_004662,9837.3,,False,initial,2026-06-28 23:26:27
BKG_005371,USR_004666,9697.19,,False,initial,2026-02-24 06:32:07
BKG_005372,USR_004666,10159.61,,False,initial,2026-05-15 15:53:25
BKG_005373,USR_004667,5737.58,,False,initial,2026-02-13 01:49:13
BKG_005374,USR_004667,11098.67,,False,initial,2026-05-07 11:39:25
BKG_005375,USR_004668,8565.45,,False,initial,2026-01-17 12:39:06
BKG_005376,USR_004668,5197.31,,False,initial,2026-04-06 15:16:27
BKG_005377,USR_004668,8977.02,,False,initial,2026-05-21 00:30:59
BKG_005378,USR_004668,6735.47,,False,initial,2026-03-09 22:14:21
BKG_005379,USR_004670,7307.88,,False,initial,2026-06-16 14:02:02
BKG_005380,USR_004670,7948.35,,False,initial,2026-06-13 02:23:12
BKG_005381,USR_004671,5824.22,,False,initial,2026-05-11 02:55:24
BKG_005382,USR_004672,4167.45,,False,initial,2026-06-20 20:31:12
BKG_005383,USR_004673,3849.31,,False,initial,2026-04-13 23:39:42
BKG_005384,USR_004673,7916.48,,False,initial,2026-03-12 07:20:47
BKG_005385,USR_004673,4511.8,,False,initial,2026-02-21 10:50:17
BKG_005386,USR_004675,4359.24,,False,initial,2026-05-18 15:13:04
BKG_005387,USR_004675,11730.36,,False,initial,2026-03-13 15:40:51
BKG_005388,USR_004677,3169.24,,False,initial,2026-05-07 10:38:32
BKG_005389,USR_004677,3088.73,,False,initial,2026-01-02 01:52:40
BKG_005390,USR_004678,7208.1,,False,initial,2026-04-09 20:52:03
BKG_005391,USR_004680,11808.95,,False,initial,2026-02-27 04:41:37
BKG_005392,USR_004681,10776.36,,False,initial,2026-04-21 19:01:37
BKG_005393,USR_004681,8929.25,,False,initial,2026-01-04 16:51:19
BKG_005394,USR_004681,6550.47,,False,initial,2026-02-22 00:12:28
BKG_005395,USR_004684,3832.57,,False,initial,2026-03-03 13:04:37
BKG_005396,USR_004685,8896.63,,False,initial,2026-05-25 12:35:02
BKG_005397,USR_004686,6944.3,,False,initial,2026-06-05 16:45:09
BKG_005398,USR_004687,8433.55,,False,initial,2026-04-02 05:40:30
BKG_005399,USR_004688,3976.47,,False,initial,2026-01-30 01:24:39
BKG_005400,USR_004689,6609.93,,False,initial,2026-03-27 22:45:43
BKG_005401,USR_004691,4818.04,,False,initial,2026-03-11 17:17:15
BKG_005402,USR_004691,7826.36,,False,initial,2026-06-09 10:28:59
BKG_005403,USR_004694,10752.41,,False,initial,2026-06-02 11:26:05
BKG_005404,USR_004695,4342.87,,False,initial,2026-05-31 14:56:31
BKG_005405,USR_004696,10288.27,,False,initial,2026-02-01 21:24:56
BKG_005406,USR_004696,11918.7,,False,initial,2026-01-10 06:56:38
BKG_005407,USR_004697,4120.57,8600.61,True,initial,2026-04-21 01:54:29
BKG_005408,USR_004698,6061.85,,False,initial,2026-06-11 08:41:44
BKG_005409,USR_004699,8906.56,,False,initial,2026-04-25 18:21:07
BKG_005410,USR_004701,11861.05,,False,initial,2026-05-06 23:31:42
BKG_005411,USR_004703,4060.12,,False,initial,2026-01-01 15:58:33
BKG_005412,USR_004703,8918.36,14716.82,True,initial,2026-03-07 09:43:25
BKG_005413,USR_004705,8160.97,,False,initial,2026-06-05 07:19:25
BKG_005414,USR_004706,3594.17,,False,initial,2026-01-21 17:44:34
BKG_005415,USR_004707,7896.54,,False,initial,2026-01-18 05:24:43
BKG_005416,USR_004708,4694.72,,False,initial,2026-06-14 18:46:34
BKG_005417,USR_004709,9599.26,10989.34,True,initial,2026-06-06 11:00:34
BKG_005418,USR_004709,10797.94,13292.73,True,initial,2026-06-01 09:49:01
BKG_005419,USR_004709,8951.95,,False,initial,2026-05-02 02:52:26
BKG_005420,USR_004710,2843.98,,False,initial,2026-01-15 23:29:59
BKG_005421,USR_004711,8017.87,,False,initial,2026-04-08 06:45:21
BKG_005422,USR_004713,5038.04,,False,initial,2026-03-07 06:34:46
BKG_005423,USR_004715,5815.91,,False,initial,2026-04-12 20:37:04
BKG_005424,USR_004716,11935.66,,False,initial,2026-04-21 11:06:00
BKG_005425,USR_004716,4526.8,,False,initial,2026-01-02 03:21:06
BKG_005426,USR_004717,6333.03,,False,initial,2026-01-30 16:29:42
BKG_005427,USR_004717,3382.63,,False,initial,2026-06-13 04:14:35
BKG_005428,USR_004718,4312.02,,False,initial,2026-04-12 21:08:05
BKG_005429,USR_004718,5662.3,,False,initial,2026-03-09 12:29:27
BKG_005430,USR_004719,6009.4,,False,initial,2026-03-06 19:55:28
BKG_005431,USR_004719,9842.2,,False,initial,2026-03-06 23:35:29
BKG_005432,USR_004720,5537.27,,False,initial,2026-04-27 08:15:06
BKG_005433,USR_004721,4449.72,,False,initial,2026-06-07 11:27:47
BKG_005434,USR_004722,6322.54,,False,initial,2026-02-03 22:05:16
BKG_005435,USR_004722,9088.67,,False,initial,2026-05-13 06:26:32
BKG_005436,USR_004722,8597.84,,False,initial,2026-05-08 10:55:58
BKG_005437,USR_004725,5823.92,,False,initial,2026-04-09 09:54:37
BKG_005438,USR_004725,6500.24,,False,initial,2026-06-21 07:18:40
BKG_005439,USR_004726,7528.59,,False,initial,2026-03-13 14:32:15
BKG_005440,USR_004729,6939.48,5154.97,True,initial,2026-02-03 13:59:18
BKG_005441,USR_004730,5931.06,,False,initial,2026-04-27 16:43:33
BKG_005442,USR_004731,4351.93,,False,initial,2026-03-08 16:18:01
BKG_005443,USR_004731,9352.66,,False,initial,2026-01-19 12:27:41
BKG_005444,USR_004732,8369.22,,False,initial,2026-06-11 08:15:51
BKG_005445,USR_004732,2557.45,,False,initial,2026-04-01 17:41:29
BKG_005446,USR_004734,8800.66,,False,initial,2026-05-23 02:25:27
BKG_005447,USR_004735,5353.4,,False,initial,2026-03-27 12:28:39
BKG_005448,USR_004735,4535.35,,False,initial,2026-06-07 02:32:54
BKG_005449,USR_004737,11262.76,,False,initial,2026-01-27 23:24:29
BKG_005450,USR_004737,8811.13,,False,initial,2026-04-19 20:36:40
BKG_005451,USR_004738,4127.87,,False,initial,2026-03-01 09:58:49
BKG_005452,USR_004739,11618.08,,False,initial,2026-04-06 09:09:08
BKG_005453,USR_004740,7801.46,,False,initial,2026-01-22 20:26:56
BKG_005454,USR_004741,5921.68,,False,initial,2026-05-08 05:04:51
BKG_005455,USR_004742,8495.58,,False,initial,2026-02-24 00:46:58
BKG_005456,USR_004746,9191.87,4408.07,True,initial,2026-06-12 14:38:06
BKG_005457,USR_004746,6957.63,,False,initial,2026-03-28 16:41:49
BKG_005458,USR_004747,11359.78,,False,initial,2026-01-05 16:36:38
BKG_005459,USR_004747,7596.29,,False,initial,2026-03-29 20:04:41
BKG_005460,USR_004748,4423.9,,False,initial,2026-02-24 13:18:50
BKG_005461,USR_004748,3584.24,,False,initial,2026-05-22 06:24:41
BKG_005462,USR_004749,5608.07,,False,initial,2026-04-03 16:48:43
BKG_005463,USR_004749,6795.45,,False,initial,2026-02-28 10:15:49
BKG_005464,USR_004750,11719.06,,False,initial,2026-04-08 03:44:53
BKG_005465,USR_004753,11207.69,,False,initial,2026-06-15 23:03:57
BKG_005466,USR_004753,10725.28,,False,initial,2026-03-15 11:46:53
BKG_005467,USR_004755,4824.06,,False,initial,2026-04-06 23:00:27
BKG_005468,USR_004756,2568.11,,False,initial,2026-06-24 06:42:23
BKG_005469,USR_004756,8872.09,,False,initial,2026-01-21 02:41:51
BKG_005470,USR_004756,5857.43,,False,initial,2026-04-20 00:51:11
BKG_005471,USR_004758,11910.08,,False,initial,2026-03-27 13:32:37
BKG_005472,USR_004759,5820.38,,False,initial,2026-04-20 18:19:32
BKG_005473,USR_004760,3614.52,,False,initial,2026-06-11 20:20:03
BKG_005474,USR_004760,9671.87,,False,initial,2026-02-16 08:28:29
BKG_005475,USR_004760,11238.15,,False,initial,2026-02-12 19:43:20
BKG_005476,USR_004761,10846.99,14522.14,True,initial,2026-01-27 02:33:49
BKG_005477,USR_004762,5902.4,,False,initial,2026-06-29 23:36:03
BKG_005478,USR_004762,8850.0,,False,initial,2026-06-28 07:34:16
BKG_005479,USR_004762,11317.71,,False,initial,2026-01-12 23:34:12
BKG_005480,USR_004763,8082.97,,False,initial,2026-02-14 10:59:23
BKG_005481,USR_004763,4541.56,,False,initial,2026-03-28 10:24:41
BKG_005482,USR_004764,9111.98,,False,initial,2026-01-10 23:42:44
BKG_005483,USR_004766,3272.89,,False,initial,2026-06-13 00:18:49
BKG_005484,USR_004767,2601.55,,False,initial,2026-02-13 16:25:02
BKG_005485,USR_004769,2680.77,,False,initial,2026-04-03 09:28:35
BKG_005486,USR_004771,11262.2,,False,initial,2026-04-20 01:11:19
BKG_005487,USR_004772,10783.05,,False,initial,2026-01-24 10:15:36
BKG_005488,USR_004774,10467.14,,False,initial,2026-06-20 07:46:00
BKG_005489,USR_004774,10674.09,,False,initial,2026-05-04 07:03:13
BKG_005490,USR_004776,8208.17,,False,initial,2026-05-07 06:37:14
BKG_005491,USR_004777,10254.72,,False,initial,2026-04-21 11:08:27
BKG_005492,USR_004778,9756.73,,False,initial,2026-03-31 00:36:54
BKG_005493,USR_004778,7727.62,,False,initial,2026-03-12 10:01:27
BKG_005494,USR_004781,8397.34,,False,initial,2026-05-14 03:37:56
BKG_005495,USR_004782,7742.37,,False,initial,2026-03-05 00:07:53
BKG_005496,USR_004783,5393.87,,False,initial,2026-01-14 18:13:42
BKG_005497,USR_004783,6264.86,,False,initial,2026-03-14 10:36:08
BKG_005498,USR_004785,5830.94,,False,initial,2026-02-04 21:44:09
BKG_005499,USR_004785,5943.44,,False,initial,2026-03-15 08:22:53
BKG_005500,USR_004786,8895.96,,False,initial,2026-06-29 07:46:02
BKG_005501,USR_004786,5892.28,,False,initial,2026-01-21 18:52:36
BKG_005502,USR_004787,5864.71,,False,initial,2026-05-15 07:07:09
BKG_005503,USR_004788,2716.69,,False,initial,2026-04-03 11:15:52
BKG_005504,USR_004788,2872.17,,False,initial,2026-03-18 18:44:57
BKG_005505,USR_004790,9942.46,,False,initial,2026-01-05 06:42:52
BKG_005506,USR_004793,6749.19,9563.66,True,initial,2026-04-21 01:50:08
BKG_005507,USR_004793,11782.64,13021.83,True,initial,2026-04-06 12:41:21
BKG_005508,USR_004794,11095.92,,False,initial,2026-03-28 10:06:26
BKG_005509,USR_004794,7061.09,,False,initial,2026-04-22 05:37:31
BKG_005510,USR_004795,10785.25,,False,initial,2026-03-21 06:56:27
BKG_005511,USR_004796,5010.41,,False,initial,2026-04-05 21:24:47
BKG_005512,USR_004797,4747.05,,False,initial,2026-01-28 04:57:00
BKG_005513,USR_004800,11980.08,,False,initial,2026-06-15 01:06:41
BKG_005514,USR_004801,11858.14,,False,initial,2026-02-07 04:39:34
BKG_005515,USR_004801,7254.95,,False,initial,2026-05-23 04:47:22
BKG_005516,USR_004803,4448.86,,False,initial,2026-05-25 19:13:55
BKG_005517,USR_004803,7829.0,,False,initial,2026-05-19 13:56:09
BKG_005518,USR_004804,8617.77,,False,initial,2026-03-09 01:03:28
BKG_005519,USR_004805,2945.59,,False,initial,2026-06-26 06:36:22
BKG_005520,USR_004805,9068.81,,False,initial,2026-02-01 19:00:01
BKG_005521,USR_004809,10930.0,,False,initial,2026-02-23 12:25:48
BKG_005522,USR_004810,10265.66,,False,initial,2026-01-25 05:37:35
BKG_005523,USR_004812,2968.91,,False,initial,2026-05-09 05:08:53
BKG_005524,USR_004812,5092.27,,False,initial,2026-01-07 21:39:34
BKG_005525,USR_004813,8453.76,9929.16,True,initial,2026-03-26 04:55:36
BKG_005526,USR_004816,7352.16,,False,initial,2026-02-25 06:06:24
BKG_005527,USR_004816,8503.42,,False,initial,2026-06-18 10:47:51
BKG_005528,USR_004817,7882.48,,False,initial,2026-03-13 02:34:17
BKG_005529,USR_004817,3290.48,,False,initial,2026-01-22 05:55:30
BKG_005530,USR_004818,4367.17,,False,initial,2026-01-08 20:24:06
BKG_005531,USR_004820,11475.26,,False,initial,2026-04-26 13:09:33
BKG_005532,USR_004822,7722.89,,False,initial,2026-02-20 13:28:10
BKG_005533,USR_004822,4998.52,,False,initial,2026-05-28 03:39:33
BKG_005534,USR_004823,7990.3,,False,initial,2026-02-04 22:10:16
BKG_005535,USR_004824,3321.5,,False,initial,2026-05-21 05:16:15
BKG_005536,USR_004825,8592.8,,False,initial,2026-04-01 14:37:38
BKG_005537,USR_004825,8016.03,,False,initial,2026-05-13 21:40:26
BKG_005538,USR_004825,11539.32,,False,initial,2026-03-13 19:37:18
BKG_005539,USR_004827,4282.75,,False,initial,2026-01-03 05:34:45
BKG_005540,USR_004827,10987.81,,False,initial,2026-01-08 07:28:30
BKG_005541,USR_004828,7528.95,,False,initial,2026-04-01 03:03:50
BKG_005542,USR_004831,4934.54,,False,initial,2026-04-08 21:24:57
BKG_005543,USR_004831,2591.86,,False,initial,2026-04-30 05:18:38
BKG_005544,USR_004832,9722.97,,False,initial,2026-05-06 20:59:36
BKG_005545,USR_004832,10395.08,10555.0,True,initial,2026-04-05 16:45:22
BKG_005546,USR_004833,4784.48,,False,initial,2026-06-13 16:00:35
BKG_005547,USR_004833,10825.39,,False,initial,2026-02-01 22:01:28
BKG_005548,USR_004835,10940.9,,False,initial,2026-01-25 02:08:30
BKG_005549,USR_004835,10287.57,,False,initial,2026-02-18 07:10:40
BKG_005550,USR_004835,9368.75,,False,initial,2026-06-12 18:53:48
BKG_005551,USR_004836,9749.14,,False,initial,2026-03-23 04:22:15
BKG_005552,USR_004839,6318.1,,False,initial,2026-06-18 02:19:31
BKG_005553,USR_004839,7953.25,,False,initial,2026-02-10 04:15:34
BKG_005554,USR_004839,2747.4,,False,initial,2026-03-14 18:58:32
BKG_005555,USR_004840,8415.13,,False,initial,2026-03-13 14:50:57
BKG_005556,USR_004841,7325.42,,False,initial,2026-03-27 16:49:37
BKG_005557,USR_004841,4702.08,,False,initial,2026-01-26 09:39:01
BKG_005558,USR_004842,3888.03,,False,initial,2026-04-06 01:15:40
BKG_005559,USR_004842,9376.05,,False,initial,2026-03-26 01:13:12
BKG_005560,USR_004843,4446.63,8230.63,True,initial,2026-04-27 15:48:23
BKG_005561,USR_004847,9579.22,,False,initial,2026-03-24 16:01:01
BKG_005562,USR_004847,8592.98,,False,initial,2026-02-15 13:41:28
BKG_005563,USR_004848,9669.63,,False,initial,2026-04-13 19:37:45
BKG_005564,USR_004849,10892.77,,False,initial,2026-03-21 17:12:24
BKG_005565,USR_004849,10576.39,,False,initial,2026-02-23 04:11:01
BKG_005566,USR_004850,6402.71,,False,initial,2026-02-04 02:28:40
BKG_005567,USR_004851,9325.63,,False,initial,2026-04-23 12:16:59
BKG_005568,USR_004853,3306.31,,False,initial,2026-02-19 20:55:06
BKG_005569,USR_004853,10539.36,,False,initial,2026-01-14 04:08:45
BKG_005570,USR_004854,9621.11,,False,initial,2026-05-27 00:08:26
BKG_005571,USR_004854,11180.34,,False,initial,2026-04-14 03:50:43
BKG_005572,USR_004855,8528.19,11497.21,True,initial,2026-06-02 17:01:18
BKG_005573,USR_004856,7173.42,,False,initial,2026-05-02 14:32:37
BKG_005574,USR_004857,9555.37,,False,initial,2026-02-10 19:07:37
BKG_005575,USR_004858,10297.15,,False,initial,2026-06-08 03:41:48
BKG_005576,USR_004859,3107.27,,False,initial,2026-05-31 14:53:47
BKG_005577,USR_004860,10938.86,,False,initial,2026-02-20 21:08:46
BKG_005578,USR_004862,10112.02,,False,initial,2026-03-27 14:56:54
BKG_005579,USR_004863,4191.12,,False,initial,2026-02-11 12:55:38
BKG_005580,USR_004864,6614.95,,False,initial,2026-06-02 18:59:58
BKG_005581,USR_004865,9028.77,,False,initial,2026-01-22 07:03:26
BKG_005582,USR_004866,3701.75,,False,initial,2026-02-09 07:12:24
BKG_005583,USR_004866,6518.59,,False,initial,2026-02-13 01:53:53
BKG_005584,USR_004867,9719.17,,False,initial,2026-04-05 01:19:52
BKG_005585,USR_004869,9127.35,,False,initial,2026-02-08 03:40:54
BKG_005586,USR_004870,3529.84,,False,initial,2026-04-20 01:30:18
BKG_005587,USR_004871,7317.06,,False,initial,2026-02-13 19:57:52
BKG_005588,USR_004872,2510.96,,False,initial,2026-06-16 02:46:05
BKG_005589,USR_004872,4339.63,,False,initial,2026-03-02 12:28:39
BKG_005590,USR_004873,10562.26,,False,initial,2026-01-25 15:05:27
BKG_005591,USR_004874,5545.0,,False,initial,2026-05-14 11:37:36
BKG_005592,USR_004877,8756.33,,False,initial,2026-02-21 23:13:33
BKG_005593,USR_004877,11143.74,,False,initial,2026-04-12 06:49:59
BKG_005594,USR_004877,10798.79,,False,initial,2026-01-26 16:45:26
BKG_005595,USR_004878,3335.72,,False,initial,2026-04-17 15:02:24
BKG_005596,USR_004880,3789.62,,False,initial,2026-05-08 02:54:41
BKG_005597,USR_004881,11658.21,,False,initial,2026-06-15 00:49:29
BKG_005598,USR_004881,5727.37,,False,initial,2026-04-18 17:19:57
BKG_005599,USR_004881,7461.6,,False,initial,2026-05-03 08:15:04
BKG_005600,USR_004882,6168.36,13485.59,True,initial,2026-04-21 13:44:56
BKG_005601,USR_004883,3043.71,,False,initial,2026-05-25 02:27:55
BKG_005602,USR_004883,10723.31,,False,initial,2026-06-26 02:14:47
BKG_005603,USR_004884,10900.07,,False,initial,2026-05-10 18:38:52
BKG_005604,USR_004885,3941.39,,False,initial,2026-05-05 08:00:35
BKG_005605,USR_004886,4714.14,,False,initial,2026-05-17 09:28:36
BKG_005606,USR_004887,5733.95,,False,initial,2026-02-15 22:54:50
BKG_005607,USR_004887,8437.08,,False,initial,2026-04-05 21:19:37
BKG_005608,USR_004889,2876.77,,False,initial,2026-03-03 05:02:39
BKG_005609,USR_004889,2530.63,,False,initial,2026-05-06 15:28:34
BKG_005610,USR_004889,5482.55,,False,initial,2026-06-26 17:52:21
BKG_005611,USR_004889,10771.85,,False,initial,2026-06-15 03:19:12
BKG_005612,USR_004890,11399.16,,False,initial,2026-05-09 15:14:48
BKG_005613,USR_004891,2882.58,,False,initial,2026-03-18 06:12:56
BKG_005614,USR_004891,7722.96,,False,initial,2026-04-03 13:16:21
BKG_005615,USR_004891,3280.48,,False,initial,2026-04-10 00:37:40
BKG_005616,USR_004893,2937.61,,False,initial,2026-01-14 16:01:03
BKG_005617,USR_004893,5203.11,,False,initial,2026-04-04 12:06:57
BKG_005618,USR_004894,4150.94,,False,initial,2026-01-08 21:45:13
BKG_005619,USR_004895,9951.11,,False,initial,2026-06-08 21:46:32
BKG_005620,USR_004896,6454.18,,False,initial,2026-06-04 03:21:29
BKG_005621,USR_004896,2680.44,,False,initial,2026-02-11 00:47:16
BKG_005622,USR_004897,9226.25,,False,initial,2026-05-26 05:18:48
BKG_005623,USR_004898,9746.86,,False,initial,2026-05-17 16:09:33
BKG_005624,USR_004899,7011.6,,False,initial,2026-05-05 06:36:33
BKG_005625,USR_004899,5103.67,,False,initial,2026-05-28 02:57:15
BKG_005626,USR_004900,9998.17,,False,initial,2026-03-07 05:55:19
BKG_005627,USR_004902,10568.7,,False,initial,2026-02-17 07:04:21
BKG_005628,USR_004902,5010.66,,False,initial,2026-05-23 14:29:44
BKG_005629,USR_004904,7344.71,,False,initial,2026-04-16 06:21:03
BKG_005630,USR_004904,6584.9,,False,initial,2026-05-30 09:01:53
BKG_005631,USR_004905,9835.23,8939.24,True,initial,2026-01-16 14:31:41
BKG_005632,USR_004906,4404.65,,False,initial,2026-06-04 19:12:14
BKG_005633,USR_004906,7855.69,,False,initial,2026-02-11 11:52:59
BKG_005634,USR_004906,10260.17,,False,initial,2026-03-16 16:32:16
BKG_005635,USR_004908,2647.36,,False,initial,2026-04-12 22:06:02
BKG_005636,USR_004909,10163.77,,False,initial,2026-02-18 19:24:21
BKG_005637,USR_004909,8588.85,3676.11,True,initial,2026-01-19 09:28:42
BKG_005638,USR_004910,4965.25,,False,initial,2026-05-11 11:30:50
BKG_005639,USR_004910,8646.41,,False,initial,2026-05-14 08:04:20
BKG_005640,USR_004910,4682.77,5108.96,True,initial,2026-06-08 09:49:14
BKG_005641,USR_004910,6030.75,,False,initial,2026-05-30 15:39:48
BKG_005642,USR_004911,8389.85,,False,initial,2026-03-01 20:36:40
BKG_005643,USR_004911,8568.79,,False,initial,2026-05-13 10:18:17
BKG_005644,USR_004912,4869.97,,False,initial,2026-05-16 19:01:02
BKG_005645,USR_004913,6887.6,,False,initial,2026-05-04 12:13:33
BKG_005646,USR_004914,6125.36,,False,initial,2026-03-10 09:44:04
BKG_005647,USR_004915,10738.25,,False,initial,2026-05-13 10:01:18
BKG_005648,USR_004916,9557.65,,False,initial,2026-03-02 02:40:19
BKG_005649,USR_004917,4779.55,,False,initial,2026-06-20 21:51:23
BKG_005650,USR_004918,11323.34,,False,initial,2026-02-25 03:21:19
BKG_005651,USR_004921,11195.49,,False,initial,2026-04-09 07:35:38
BKG_005652,USR_004922,5533.78,,False,initial,2026-03-14 03:12:44
BKG_005653,USR_004923,5947.14,,False,initial,2026-05-02 13:37:58
BKG_005654,USR_004923,3930.97,,False,initial,2026-04-15 15:07:58
BKG_005655,USR_004924,4494.63,,False,initial,2026-02-28 19:30:01
BKG_005656,USR_004924,4831.88,,False,initial,2026-02-05 01:15:42
BKG_005657,USR_004925,9886.22,,False,initial,2026-03-19 08:33:13
BKG_005658,USR_004925,7183.11,,False,initial,2026-06-29 02:32:24
BKG_005659,USR_004925,11548.57,,False,initial,2026-06-18 18:37:58
BKG_005660,USR_004926,11029.59,,False,initial,2026-03-21 03:54:21
BKG_005661,USR_004927,4230.64,,False,initial,2026-04-15 18:38:29
BKG_005662,USR_004928,6210.66,,False,initial,2026-02-15 13:42:09
BKG_005663,USR_004929,8294.54,,False,initial,2026-04-12 08:52:39
BKG_005664,USR_004930,8952.68,,False,initial,2026-05-25 09:31:07
BKG_005665,USR_004931,7333.59,7862.75,True,initial,2026-03-08 02:04:18
BKG_005666,USR_004931,3280.3,,False,initial,2026-04-08 20:47:32
BKG_005667,USR_004933,3646.82,,False,initial,2026-04-29 05:53:25
BKG_005668,USR_004933,11144.43,,False,initial,2026-06-02 19:54:33
BKG_005669,USR_004935,6484.83,,False,initial,2026-02-23 11:33:16
BKG_005670,USR_004937,2634.09,,False,initial,2026-02-06 05:14:42
BKG_005671,USR_004937,9639.07,,False,initial,2026-02-18 23:22:42
BKG_005672,USR_004939,3510.5,,False,initial,2026-03-08 00:09:12
BKG_005673,USR_004941,3385.88,,False,initial,2026-03-06 02:40:06
BKG_005674,USR_004942,5688.27,,False,initial,2026-06-11 05:45:25
BKG_005675,USR_004944,7909.04,,False,initial,2026-02-15 06:50:02
BKG_005676,USR_004945,5756.89,,False,initial,2026-05-31 03:54:14
BKG_005677,USR_004946,11615.89,,False,initial,2026-05-22 02:09:34
BKG_005678,USR_004947,5621.88,,False,initial,2026-04-27 02:36:28
BKG_005679,USR_004948,4985.06,,False,initial,2026-02-12 20:38:22
BKG_005680,USR_004948,5513.72,,False,initial,2026-04-04 20:33:29
BKG_005681,USR_004948,10599.99,,False,initial,2026-03-27 09:15:16
BKG_005682,USR_004949,8324.55,,False,initial,2026-06-28 13:25:15
BKG_005683,USR_004951,11399.87,,False,initial,2026-02-09 11:32:51
BKG_005684,USR_004951,10648.59,,False,initial,2026-03-13 00:58:17
BKG_005685,USR_004952,10106.14,,False,initial,2026-04-11 02:05:52
BKG_005686,USR_004954,10308.99,,False,initial,2026-06-01 04:54:40
BKG_005687,USR_004955,7502.16,,False,initial,2026-01-22 21:22:18
BKG_005688,USR_004956,4363.99,,False,initial,2026-05-08 07:13:29
BKG_005689,USR_004957,7977.19,,False,initial,2026-06-01 07:14:37
BKG_005690,USR_004957,3325.06,,False,initial,2026-01-11 21:28:11
BKG_005691,USR_004957,9985.15,,False,initial,2026-02-26 20:52:26
BKG_005692,USR_004958,7747.02,,False,initial,2026-02-20 11:05:54
BKG_005693,USR_004959,7270.57,,False,initial,2026-02-27 10:38:55
BKG_005694,USR_004959,10994.8,,False,initial,2026-01-03 23:48:11
BKG_005695,USR_004960,7484.22,,False,initial,2026-06-11 06:18:48
BKG_005696,USR_004962,10384.65,,False,initial,2026-05-28 20:04:53
BKG_005697,USR_004963,5181.78,,False,initial,2026-01-03 12:39:50
BKG_005698,USR_004964,11527.3,,False,initial,2026-03-19 05:17:55
BKG_005699,USR_004966,11747.82,9480.53,True,initial,2026-02-17 01:16:35
BKG_005700,USR_004967,8210.29,,False,initial,2026-04-20 01:27:22
BKG_005701,USR_004968,3171.92,,False,initial,2026-04-10 08:23:38
BKG_005702,USR_004968,6415.03,,False,initial,2026-06-20 16:32:40
BKG_005703,USR_004970,10119.86,,False,initial,2026-03-12 11:31:19
BKG_005704,USR_004971,6754.69,,False,initial,2026-02-09 13:56:54
BKG_005705,USR_004971,8097.85,,False,initial,2026-02-07 01:33:54
BKG_005706,USR_004971,11527.04,2596.65,True,initial,2026-05-16 03:57:17
BKG_005707,USR_004973,5860.7,,False,initial,2026-03-31 18:58:17
BKG_005708,USR_004974,5293.98,,False,initial,2026-02-19 18:48:45
BKG_005709,USR_004976,8367.74,,False,initial,2026-05-18 17:34:27
BKG_005710,USR_004977,5819.18,,False,initial,2026-04-12 01:15:46
BKG_005711,USR_004978,8181.84,,False,initial,2026-06-15 03:49:13
BKG_005712,USR_004979,9244.17,,False,initial,2026-03-22 21:29:35
BKG_005713,USR_004981,10395.57,,False,initial,2026-01-06 17:51:00
BKG_005714,USR_004982,2832.75,,False,initial,2026-01-13 05:28:54
BKG_005715,USR_004983,8526.98,,False,initial,2026-02-23 10:40:59
BKG_005716,USR_004986,9423.97,,False,initial,2026-01-01 20:15:16
BKG_005717,USR_004986,11258.84,,False,initial,2026-06-20 22:40:20
BKG_005718,USR_004986,3776.21,11525.33,True,initial,2026-04-01 18:01:58
BKG_005719,USR_004987,3113.7,,False,initial,2026-05-23 01:37:21
BKG_005720,USR_004988,8869.23,,False,initial,2026-03-02 20:16:30
BKG_005721,USR_004988,9465.35,,False,initial,2026-05-12 11:35:50
BKG_005722,USR_004990,7207.7,,False,initial,2026-03-11 09:40:41
BKG_005723,USR_004991,5109.06,,False,initial,2026-05-15 16:33:07
BKG_005724,USR_004992,9830.93,,False,initial,2026-03-05 15:59:16
BKG_005725,USR_004993,2717.59,,False,initial,2026-03-05 18:49:25
BKG_005726,USR_004994,8080.4,,False,initial,2026-04-20 16:07:34
BKG_005727,USR_004995,9648.32,,False,initial,2026-02-15 12:14:34
BKG_005728,USR_004996,10510.27,9196.81,True,initial,2026-05-20 16:21:25
BKG_005729,USR_004997,4695.66,,False,initial,2026-04-19 09:53:41
BKG_005730,USR_005000,8740.09,,False,initial,2026-06-21 00:35:42
BKG_005731,USR_005000,8763.39,3684.27,True,initial,2026-05-23 12:09:15
BKG_005732,USR_004575,5602.87,,False,repeat,2026-03-23 10:14:57
BKG_005733,USR_004726,8743.07,,False,repeat,2026-05-13 14:32:15
BKG_005734,USR_001078,9394.04,,False,repeat,2026-04-15 18:05:02
BKG_005735,USR_004481,5877.97,,False,repeat,2026-04-29 13:54:30
BKG_005736,USR_004944,4675.22,,False,repeat,2026-06-08 06:50:02
BKG_005737,USR_003091,7664.35,,False,repeat,2026-03-30 21:17:54
BKG_005738,USR_004941,7404.15,,False,repeat,2026-05-22 02:40:06
BKG_005739,USR_003322,8218.85,,False,repeat,2026-04-03 19:22:56
BKG_005740,USR_003239,5877.68,,False,repeat,2026-04-16 03:37:40
BKG_005741,USR_004323,5656.42,,False,repeat,2026-06-10 19:49:40
BKG_005742,USR_000304,9665.24,,False,repeat,2026-05-04 21:45:58
BKG_005743,USR_002246,9664.83,,False,repeat,2026-06-04 05:53:07
BKG_005744,USR_004148,6342.62,,False,repeat,2026-03-21 19:57:55
BKG_005745,USR_003778,10763.14,,False,repeat,2026-03-31 02:48:10
BKG_005746,USR_000952,4083.84,,False,repeat,2026-06-01 11:25:48
BKG_005747,USR_000443,9791.13,,False,repeat,2026-05-31 20:48:24
BKG_005748,USR_004840,8710.1,,False,repeat,2026-06-29 14:50:57
BKG_005749,USR_004804,11576.91,,False,repeat,2026-05-25 01:03:28
BKG_005750,USR_004218,6320.14,,False,repeat,2026-04-01 15:41:27
BKG_005751,USR_002122,3989.65,,False,repeat,2026-05-27 09:40:36
BKG_005752,USR_000899,2554.66,,False,repeat,2026-04-20 03:17:05
BKG_005753,USR_002809,10150.0,,False,repeat,2026-04-01 17:18:13
BKG_005754,USR_000975,10662.39,,False,repeat,2026-03-19 15:03:11
BKG_005755,USR_004684,3366.8,,False,repeat,2026-06-18 13:04:37
BKG_005756,USR_004782,11646.6,,False,repeat,2026-04-28 00:07:53
BKG_005757,USR_000971,5835.92,,False,repeat,2026-06-07 03:50:12
BKG_005758,USR_004795,6718.9,,False,repeat,2026-05-29 06:56:27
BKG_005759,USR_000704,11651.6,,False,repeat,2026-06-20 08:19:50
BKG_005760,USR_003314,3453.97,,False,repeat,2026-06-26 18:09:15
BKG_005761,USR_001914,10411.07,,False,repeat,2026-04-03 13:45:57
BKG_005762,USR_002189,9629.18,,False,repeat,2026-06-10 19:00:34
BKG_005763,USR_002421,6600.24,,False,repeat,2026-06-25 06:45:52
BKG_005764,USR_002093,5661.19,,False,repeat,2026-04-16 04:59:36
BKG_005765,USR_002524,3568.22,,False,repeat,2026-05-22 06:45:13
BKG_005766,USR_002833,6047.35,,False,repeat,2026-04-04 13:45:58
BKG_005767,USR_001722,10484.68,,False,repeat,2026-06-10 07:42:57
BKG_005768,USR_001882,4279.17,,False,repeat,2026-03-29 23:16:13
BKG_005769,USR_001929,9381.51,,False,repeat,2026-04-03 20:45:48
BKG_005770,USR_003206,4073.2,,False,repeat,2026-03-27 11:56:27
BKG_005771,USR_004512,2536.31,,False,repeat,2026-06-20 00:38:27
BKG_005772,USR_000364,11014.21,,False,repeat,2026-04-13 10:44:41
BKG_005773,USR_001761,8823.74,,False,repeat,2026-04-29 14:15:54
BKG_005774,USR_001408,6790.4,,False,repeat,2026-04-25 13:00:58
BKG_005775,USR_004469,5796.01,,False,repeat,2026-03-13 19:22:17
BKG_005776,USR_000271,6179.76,,False,repeat,2026-04-08 20:53:24
BKG_005777,USR_004810,7313.25,,False,repeat,2026-04-19 05:37:35
BKG_005778,USR_002037,3459.98,,False,repeat,2026-05-15 12:09:45
BKG_005779,USR_002998,7723.66,,False,repeat,2026-04-25 06:44:51
BKG_005780,USR_003308,6780.39,,False,repeat,2026-04-09 09:07:15
BKG_005781,USR_003962,9253.7,,False,repeat,2026-04-03 10:02:30
BKG_005782,USR_000791,7184.1,,False,repeat,2026-06-03 06:40:01
BKG_005783,USR_000488,2617.68,,False,repeat,2026-06-21 12:06:51
BKG_005784,USR_000956,5243.49,,False,repeat,2026-06-15 16:59:35
BKG_005785,USR_003304,9470.12,,False,repeat,2026-04-22 01:49:09
BKG_005786,USR_000335,6232.26,,False,repeat,2026-06-16 09:34:18
BKG_005787,USR_002073,10852.99,,False,repeat,2026-05-18 20:59:51
BKG_005788,USR_001271,5127.29,,False,repeat,2026-05-14 09:06:00
BKG_005789,USR_004627,6425.29,,False,repeat,2026-04-22 22:36:23
BKG_005790,USR_002922,5181.7,,False,repeat,2026-06-13 02:04:56
BKG_005791,USR_001285,10003.78,,False,repeat,2026-06-27 17:55:34
BKG_005792,USR_003246,7288.81,,False,repeat,2026-05-10 23:10:14
BKG_005793,USR_000505,3470.87,,False,repeat,2026-04-09 23:05:59
BKG_005794,USR_003889,6304.69,,False,repeat,2026-05-20 07:26:44
BKG_005795,USR_004321,6268.54,,False,repeat,2026-05-27 04:21:27
BKG_005796,USR_004653,6713.38,,False,repeat,2026-05-19 09:03:13
BKG_005797,USR_000841,3146.78,,False,repeat,2026-03-31 11:12:11
BKG_005798,USR_001919,9274.95,,False,repeat,2026-02-23 17:15:54
BKG_005799,USR_001138,8222.21,,False,repeat,2026-06-17 08:52:09
BKG_005800,USR_002856,10910.04,,False,repeat,2026-02-18 06:42:24
BKG_005801,USR_002013,8956.01,,False,repeat,2026-06-23 14:53:15
BKG_005802,USR_001065,9511.3,,False,repeat,2026-05-06 20:05:49
BKG_005803,USR_003167,3045.48,,False,repeat,2026-03-17 02:26:46
BKG_005804,USR_001209,5361.26,,False,repeat,2026-03-10 08:01:15
BKG_005805,USR_002125,8523.12,,False,repeat,2026-06-06 04:23:21
BKG_005806,USR_001740,11269.07,,False,repeat,2026-05-05 08:05:20
BKG_005807,USR_003946,3367.84,,False,repeat,2026-05-24 21:48:15
BKG_005808,USR_001701,6023.96,,False,repeat,2026-04-04 00:16:33
BKG_005809,USR_001645,10480.08,,False,repeat,2026-05-24 10:22:40
BKG_005810,USR_000276,4413.4,,False,repeat,2026-04-19 20:45:03
BKG_005811,USR_004166,9900.59,,False,repeat,2026-04-18 07:43:43
BKG_005812,USR_000147,9477.95,,False,repeat,2026-05-05 17:41:29
BKG_005813,USR_001566,8851.55,,False,repeat,2026-06-22 23:07:46
BKG_005814,USR_003571,5248.11,,False,repeat,2026-06-16 02:23:43
BKG_005815,USR_000868,7297.97,,False,repeat,2026-04-11 00:14:22
BKG_005816,USR_003615,3199.4,,False,repeat,2026-05-02 23:44:33
BKG_005817,USR_004785,11147.79,,False,repeat,2026-05-26 08:22:53
BKG_005818,USR_003674,9853.29,,False,repeat,2026-03-02 07:56:16
BKG_005819,USR_001194,5914.17,,False,repeat,2026-05-06 12:39:33
BKG_005820,USR_002581,6482.93,,False,repeat,2026-05-01 02:30:45
BKG_005821,USR_002943,3218.39,,False,repeat,2026-06-14 08:03:46
BKG_005822,USR_004740,8928.58,,False,repeat,2026-05-10 20:26:56
BKG_005823,USR_001330,3560.75,,False,repeat,2026-03-29 08:15:13
BKG_005824,USR_001612,4281.64,,False,repeat,2026-05-19 11:33:03
BKG_005825,USR_004747,8121.33,,False,repeat,2026-03-17 16:36:38
BKG_005826,USR_003501,9082.02,,False,repeat,2026-04-12 19:50:17
BKG_005827,USR_000796,4512.3,,False,repeat,2026-04-30 16:22:04
BKG_005828,USR_000583,10529.15,,False,repeat,2026-06-17 23:38:34
BKG_005829,USR_003793,9521.91,,False,repeat,2026-05-08 12:45:44
BKG_005830,USR_000405,5815.58,,False,repeat,2026-06-20 00:03:22
BKG_005831,USR_000612,3259.87,,False,repeat,2026-05-10 05:53:41
BKG_005832,USR_000377,9284.25,,False,repeat,2026-06-28 21:16:16
BKG_005833,USR_002734,10416.16,,False,repeat,2026-04-13 00:24:16
BKG_005834,USR_003316,8146.82,,False,repeat,2026-05-20 17:51:54
BKG_005835,USR_004287,4089.18,,False,repeat,2026-06-22 05:32:32
BKG_005836,USR_002327,7113.19,,False,repeat,2026-03-17 05:46:49
BKG_005837,USR_004294,11241.3,,False,repeat,2026-04-26 23:45:06
BKG_005838,USR_000071,10480.1,,False,repeat,2026-06-17 01:44:27
BKG_005839,USR_003466,11121.18,,False,repeat,2026-05-16 04:28:37
BKG_005840,USR_000032,9654.17,,False,repeat,2026-04-12 08:39:49
BKG_005841,USR_000137,4326.99,,False,repeat,2026-02-12 19:01:08
BKG_005842,USR_000944,4947.94,,False,repeat,2026-06-02 17:58:17
BKG_005843,USR_003463,3341.24,,False,repeat,2026-04-09 09:27:38
BKG_005844,USR_000430,5454.4,,False,repeat,2026-05-11 10:02:30
BKG_005845,USR_002110,4349.88,,False,repeat,2026-06-01 00:01:07
BKG_005846,USR_000198,11698.05,,False,repeat,2026-02-28 14:39:53
BKG_005847,USR_001166,9446.5,,False,repeat,2026-04-22 07:44:16
BKG_005848,USR_001125,9138.37,,False,repeat,2026-05-01 12:14:18
BKG_005849,USR_003757,8611.22,,False,repeat,2026-03-27 11:03:23
BKG_005850,USR_000860,9988.8,,False,repeat,2026-03-08 06:26:56
BKG_005851,USR_001204,6570.79,,False,repeat,2026-05-10 16:54:36
BKG_005852,USR_000697,5609.02,,False,repeat,2026-04-22 23:41:28
BKG_005853,USR_000253,3308.43,,False,repeat,2026-06-03 07:29:28
BKG_005854,USR_004549,8961.04,,False,repeat,2026-05-25 03:19:20
BKG_005855,USR_004628,10527.16,,False,repeat,2026-06-26 03:17:16
BKG_005856,USR_003443,9314.75,,False,repeat,2026-06-09 20:57:35
BKG_005857,USR_002089,5194.76,,False,repeat,2026-03-11 20:42:04
BKG_005858,USR_003772,9815.2,,False,repeat,2026-04-30 16:16:35
BKG_005859,USR_001719,2775.05,,False,repeat,2026-05-04 03:56:22
BKG_005860,USR_000146,7511.05,,False,repeat,2026-03-13 03:55:26
BKG_005861,USR_002588,6124.75,,False,repeat,2026-06-05 10:53:50
BKG_005862,USR_004788,4656.2,,False,repeat,2026-06-01 18:44:57
BKG_005863,USR_002611,5374.64,,False,repeat,2026-04-13 03:58:47
BKG_005864,USR_001001,5344.49,,False,repeat,2026-05-26 00:41:53
BKG_005865,USR_003910,6790.76,,False,repeat,2026-06-05 06:03:25
BKG_005866,USR_000969,6700.48,,False,repeat,2026-06-09 21:48:40
BKG_005867,USR_002219,10215.79,,False,repeat,2026-05-06 16:25:33
BKG_005868,USR_003957,3788.49,,False,repeat,2026-02-27 05:23:28
BKG_005869,USR_004082,7137.55,,False,repeat,2026-06-12 12:39:47
BKG_005870,USR_004869,4950.65,,False,repeat,2026-05-10 03:40:54
BKG_005871,USR_003470,2987.13,,False,repeat,2026-05-03 11:43:39
BKG_005872,USR_004488,4114.1,,False,repeat,2026-03-08 20:45:42
BKG_005873,USR_002221,8782.76,,False,repeat,2026-06-09 17:52:39
BKG_005874,USR_004428,8223.19,,False,repeat,2026-03-31 10:14:03
BKG_005875,USR_002006,5856.84,,False,repeat,2026-04-03 17:39:29
BKG_005876,USR_000316,3580.7,,False,repeat,2026-02-28 10:18:09
BKG_005877,USR_001036,6004.88,,False,repeat,2026-04-16 12:25:40
BKG_005878,USR_000609,9483.19,,False,repeat,2026-05-31 19:49:07
BKG_005879,USR_000154,7496.25,,False,repeat,2026-03-25 10:35:46
BKG_005880,USR_000170,5050.98,,False,repeat,2026-06-25 05:06:23
BKG_005881,USR_000458,2739.28,,False,repeat,2026-05-09 04:47:40
BKG_005882,USR_003949,9239.94,,False,repeat,2026-05-28 13:02:54
BKG_005883,USR_002393,9772.68,,False,repeat,2026-05-25 08:52:18
BKG_005884,USR_001257,7303.07,,False,repeat,2026-04-20 08:14:55
BKG_005885,USR_002462,10328.06,,False,repeat,2026-06-08 09:44:38
BKG_005886,USR_001161,7090.42,,False,repeat,2026-04-02 04:38:03
BKG_005887,USR_001189,10216.7,,False,repeat,2026-04-20 08:22:13
BKG_005888,USR_003687,4919.12,,False,repeat,2026-05-27 17:10:08
BKG_005889,USR_000693,6779.44,,False,repeat,2026-02-15 17:32:56
BKG_005890,USR_003614,11335.12,,False,repeat,2026-06-17 20:11:36
BKG_005891,USR_001319,3038.89,,False,repeat,2026-06-15 15:31:45
BKG_005892,USR_001339,4516.14,,False,repeat,2026-03-09 18:35:47
BKG_005893,USR_004622,6553.8,,False,repeat,2026-05-09 20:48:53
BKG_005894,USR_003375,4831.53,,False,repeat,2026-06-14 00:33:24
BKG_005895,USR_001991,5567.43,,False,repeat,2026-03-09 14:08:33
BKG_005896,USR_001821,10903.48,,False,repeat,2026-02-20 08:05:36
BKG_005897,USR_004554,9513.3,,False,repeat,2026-06-21 11:04:30
BKG_005898,USR_000346,6627.57,,False,repeat,2026-06-14 02:11:26
BKG_005899,USR_000808,10262.33,,False,repeat,2026-05-02 15:49:09
BKG_005900,USR_003226,9454.04,,False,repeat,2026-02-12 23:53:44
BKG_005901,USR_004719,2929.31,,False,repeat,2026-05-24 19:55:28
BKG_005902,USR_001877,5074.95,,False,repeat,2026-06-26 00:38:43
BKG_005903,USR_001362,7824.01,,False,repeat,2026-06-14 21:46:00
BKG_005904,USR_000962,6571.12,,False,repeat,2026-05-09 23:14:56
BKG_005905,USR_001684,10823.27,,False,repeat,2026-06-02 13:14:54
BKG_005906,USR_000744,7382.2,,False,repeat,2026-05-23 08:51:53
BKG_005907,USR_004274,8601.85,,False,repeat,2026-03-31 12:36:38
BKG_005908,USR_004105,6072.3,,False,repeat,2026-06-24 17:30:23
BKG_005909,USR_002081,4099.02,,False,repeat,2026-06-20 04:22:29
BKG_005910,USR_002450,10397.89,,False,repeat,2026-05-26 11:55:39
BKG_005911,USR_002502,11697.01,,False,repeat,2026-05-27 15:01:40
BKG_005912,USR_002082,8460.12,,False,repeat,2026-05-24 03:14:07
BKG_005913,USR_002875,4299.42,,False,repeat,2026-04-16 12:37:38
BKG_005914,USR_003671,2676.59,,False,repeat,2026-05-19 15:21:58
BKG_005915,USR_000489,9862.16,,False,repeat,2026-02-28 18:16:37
BKG_005916,USR_003586,7447.4,,False,repeat,2026-05-29 23:38:53
BKG_005917,USR_003948,4999.12,,False,repeat,2026-05-14 09:40:14
BKG_005918,USR_000950,3957.07,,False,repeat,2026-03-10 03:33:50
BKG_005919,USR_003393,3853.99,,False,repeat,2026-04-02 09:26:08
BKG_005920,USR_004360,8547.51,,False,repeat,2026-04-18 19:28:57
BKG_005921,USR_000629,2618.24,,False,repeat,2026-06-24 03:12:58
BKG_005922,USR_002293,7677.06,,False,repeat,2026-05-17 07:17:29
BKG_005923,USR_000598,9144.49,,False,repeat,2026-05-29 12:42:58
BKG_005924,USR_001312,11587.93,,False,repeat,2026-03-25 03:55:08
BKG_005925,USR_004862,9841.67,,False,repeat,2026-06-14 14:56:54
BKG_005926,USR_002673,8147.81,,False,repeat,2026-05-31 18:49:58
BKG_005927,USR_002091,2662.9,,False,repeat,2026-04-23 21:33:13
BKG_005928,USR_001206,6676.27,,False,repeat,2026-06-18 05:18:08
BKG_005929,USR_000805,7190.44,,False,repeat,2026-04-30 19:49:21
BKG_005930,USR_000722,4219.13,,False,repeat,2026-04-27 07:54:33
BKG_005931,USR_003578,3693.74,,False,repeat,2026-06-15 17:30:37
BKG_005932,USR_000601,11175.74,,False,repeat,2026-06-27 06:32:25
BKG_005933,USR_003719,9561.63,,False,repeat,2026-06-20 13:40:44
BKG_005934,USR_000605,2756.17,,False,repeat,2026-06-13 05:33:47
BKG_005935,USR_002708,11532.58,,False,repeat,2026-05-29 21:12:53
BKG_005936,USR_004170,11720.6,,False,repeat,2026-04-08 14:58:15
BKG_005937,USR_001248,8380.14,,False,repeat,2026-04-26 14:43:10
BKG_005938,USR_004095,10530.1,,False,repeat,2026-04-24 22:37:33
BKG_005939,USR_003452,10456.78,,False,repeat,2026-04-15 22:59:14
BKG_005940,USR_000995,6613.96,,False,repeat,2026-06-05 03:42:10
BKG_005941,USR_000014,5958.18,,False,repeat,2026-04-12 17:15:20
BKG_005942,USR_000005,2793.16,,False,repeat,2026-06-29 13:58:53
BKG_005943,USR_002359,10088.45,,False,repeat,2026-05-16 18:15:16
BKG_005944,USR_001483,3495.54,,False,repeat,2026-06-25 12:37:57
BKG_005945,USR_001631,4820.28,,False,repeat,2026-06-06 00:22:24
BKG_005946,USR_001931,5361.56,,False,repeat,2026-04-10 11:36:11
BKG_005947,USR_004591,9113.79,,False,repeat,2026-06-15 02:52:22
BKG_005948,USR_002060,4154.63,,False,repeat,2026-06-21 10:03:47
BKG_005949,USR_000394,11571.75,,False,repeat,2026-05-17 08:42:29
BKG_005950,USR_003596,3728.43,,False,repeat,2026-04-04 00:23:24
BKG_005951,USR_002687,8915.41,,False,repeat,2026-03-04 05:42:08
BKG_005952,USR_002440,11954.48,,False,repeat,2026-05-12 22:23:29
BKG_005953,USR_000878,2575.46,,False,repeat,2026-05-10 13:36:24
BKG_005954,USR_002616,4967.21,,False,repeat,2026-06-23 14:54:55
BKG_005955,USR_004031,8578.4,,False,repeat,2026-04-17 02:29:59
BKG_005956,USR_001038,9463.69,,False,repeat,2026-04-22 21:38:08
BKG_005957,USR_004480,3328.59,,False,repeat,2026-06-15 00:29:40
BKG_005958,USR_004084,6542.0,,False,repeat,2026-03-16 12:53:21
BKG_005959,USR_002906,11609.0,,False,repeat,2026-06-29 17:57:29
BKG_005960,USR_002724,10952.72,,False,repeat,2026-05-10 02:14:15
BKG_005961,USR_002849,11612.52,,False,repeat,2026-05-20 10:47:33
BKG_005962,USR_004967,2640.18,,False,repeat,2026-06-29 01:27:22
BKG_005963,USR_003754,9186.31,,False,repeat,2026-05-01 08:39:29
BKG_005964,USR_002417,7291.9,,False,repeat,2026-06-21 06:32:13
BKG_005965,USR_002320,10485.63,,False,repeat,2026-05-04 17:04:35
BKG_005966,USR_000227,11305.01,,False,repeat,2026-05-01 10:33:24
BKG_005967,USR_002659,8357.0,,False,repeat,2026-06-07 08:49:38
BKG_005968,USR_003064,3493.25,,False,repeat,2026-05-08 13:05:47
BKG_005969,USR_003295,8631.67,,False,repeat,2026-05-02 23:13:53
BKG_005970,USR_001159,10124.73,,False,repeat,2026-04-11 03:35:56
BKG_005971,USR_004616,10418.83,,False,repeat,2026-06-29 05:13:26
BKG_005972,USR_000243,8319.91,,False,repeat,2026-04-25 19:31:14
BKG_005973,USR_002338,8211.59,,False,repeat,2026-04-03 13:08:37
BKG_005974,USR_004177,6971.25,,False,repeat,2026-06-25 00:40:31
BKG_005975,USR_004900,8498.31,,False,repeat,2026-06-29 05:55:19
BKG_005976,USR_004915,8198.38,,False,repeat,2026-06-25 10:01:18
BKG_005977,USR_004270,4618.88,,False,repeat,2026-05-26 21:34:31
BKG_005978,USR_003525,5724.53,,False,repeat,2026-06-12 04:27:39
BKG_005979,USR_000980,2703.77,,False,repeat,2026-06-24 02:07:17
BKG_005980,USR_000301,4366.43,,False,repeat,2026-05-09 01:42:12
BKG_005981,USR_002623,8878.59,,False,repeat,2026-05-29 01:05:31
BKG_005982,USR_004355,8484.41,,False,repeat,2026-03-06 11:28:10
BKG_005983,USR_002046,8305.9,,False,repeat,2026-06-02 08:20:54
BKG_005984,USR_004567,11217.75,,False,repeat,2026-06-05 01:00:10
BKG_005985,USR_002259,7937.69,,False,repeat,2026-05-17 17:46:58
BKG_005986,USR_001022,11490.56,,False,repeat,2026-04-23 15:20:47
BKG_005987,USR_001467,10346.26,,False,repeat,2026-05-30 00:31:33
BKG_005988,USR_003625,4240.51,,False,repeat,2026-05-04 22:55:50
BKG_005989,USR_002277,7820.72,,False,repeat,2026-05-12 18:17:50
BKG_005990,USR_003760,6930.49,,False,repeat,2026-05-12 22:07:14
BKG_005991,USR_003383,5864.11,,False,repeat,2026-03-10 16:25:10
BKG_005992,USR_003406,11909.8,,False,repeat,2026-06-28 16:06:13
BKG_005993,USR_003730,11057.26,,False,repeat,2026-05-30 06:35:43
BKG_005994,USR_000979,4798.1,,False,repeat,2026-04-27 18:57:02
BKG_005995,USR_001451,10153.76,,False,repeat,2026-04-28 22:28:15
BKG_005996,USR_002028,3425.24,,False,repeat,2026-05-23 13:57:52
BKG_005997,USR_000556,7166.19,,False,repeat,2026-03-01 21:14:43
BKG_005998,USR_002744,9593.27,,False,repeat,2026-05-26 08:12:49
BKG_005999,USR_001990,5056.26,,False,repeat,2026-05-24 06:34:51
BKG_006000,USR_003515,8685.16,,False,repeat,2026-04-06 16:24:21
BKG_006001,USR_000217,3308.13,,False,repeat,2026-03-21 08:27:55
BKG_006002,USR_003965,9298.09,,False,repeat,2026-05-24 06:19:34
BKG_006003,USR_004918,7297.48,,False,repeat,2026-06-25 03:21:19
BKG_006004,USR_003924,3151.41,,False,repeat,2026-05-25 08:36:39
BKG_006005,USR_004496,3542.09,,False,repeat,2026-03-01 19:59:30
BKG_006006,USR_004970,7088.19,,False,repeat,2026-04-28 11:31:19
BKG_006007,USR_003611,10270.2,,False,repeat,2026-04-09 11:26:35
BKG_006008,USR_002641,6242.87,,False,repeat,2026-06-15 03:11:40
BKG_006009,USR_003435,3172.48,,False,repeat,2026-06-27 18:50:48
BKG_006010,USR_000484,5868.02,,False,repeat,2026-05-01 13:21:04
BKG_006011,USR_002148,11482.01,,False,repeat,2026-05-03 06:03:06
BKG_006012,USR_001340,3386.06,,False,repeat,2026-05-30 22:36:54
BKG_006013,USR_004158,4060.21,,False,repeat,2026-05-19 09:41:46
BKG_006014,USR_004597,4919.13,,False,repeat,2026-06-28 05:21:17
BKG_006015,USR_002368,11275.01,,False,repeat,2026-03-03 19:43:04
BKG_006016,USR_002234,2556.62,,False,repeat,2026-04-07 13:33:10
BKG_006017,USR_003711,6448.1,,False,repeat,2026-05-13 17:33:47
BKG_006018,USR_002711,6637.69,,False,repeat,2026-04-16 08:02:46
BKG_006019,USR_000212,6295.99,,False,repeat,2026-04-24 11:16:54
BKG_006020,USR_001058,8250.21,,False,repeat,2026-05-19 22:28:09
BKG_006021,USR_000475,6426.17,,False,repeat,2026-04-24 22:06:41
BKG_006022,USR_002913,10608.21,,False,repeat,2026-05-21 20:34:29
BKG_006023,USR_001826,11358.28,,False,repeat,2026-05-03 10:38:29
BKG_006024,USR_001723,4286.51,,False,repeat,2026-03-01 11:22:51
BKG_006025,USR_002872,2562.46,,False,repeat,2026-06-27 09:57:21
BKG_006026,USR_002489,5164.88,,False,repeat,2026-04-19 04:41:24
BKG_006027,USR_000528,9193.63,,False,repeat,2026-02-22 15:47:58
BKG_006028,USR_003205,9463.28,,False,repeat,2026-06-08 01:25:00
BKG_006029,USR_001532,9540.98,,False,repeat,2026-04-07 21:01:32
BKG_006030,USR_001454,10948.37,,False,repeat,2026-04-11 12:38:33
BKG_006031,USR_004992,10283.04,,False,repeat,2026-06-11 15:59:16
BKG_006032,USR_000374,6825.96,,False,repeat,2026-05-21 23:04:05
BKG_006033,USR_002460,9160.65,,False,repeat,2026-04-21 08:48:45
BKG_006034,USR_001072,5621.27,,False,repeat,2026-06-07 08:55:33
BKG_006035,USR_004611,9535.91,,False,repeat,2026-04-26 17:07:33
BKG_006036,USR_003464,11902.61,,False,repeat,2026-03-31 15:30:25
BKG_006037,USR_001468,3611.83,,False,repeat,2026-04-02 22:38:00
BKG_006038,USR_000900,8644.85,,False,repeat,2026-04-15 21:42:39
BKG_006039,USR_004180,8626.21,,False,repeat,2026-03-20 18:09:59
BKG_006040,USR_000850,5002.35,,False,repeat,2026-04-12 21:56:17
BKG_006041,USR_002363,3027.75,,False,repeat,2026-03-08 13:10:00
BKG_006042,USR_001199,10331.47,,False,repeat,2026-03-21 04:30:14
BKG_006043,USR_003469,4659.95,,False,repeat,2026-05-08 14:00:19
BKG_006044,USR_003536,10260.15,,False,repeat,2026-06-22 05:25:14
BKG_006045,USR_002142,8934.86,,False,repeat,2026-04-07 19:07:21
BKG_006046,USR_003781,5639.74,,False,repeat,2026-04-11 07:31:03
BKG_006047,USR_000922,4896.96,,False,repeat,2026-03-01 15:51:58
BKG_006048,USR_000019,3813.3,,False,repeat,2026-06-01 09:32:31
BKG_006049,USR_004841,10388.22,,False,repeat,2026-05-27 16:49:37
BKG_006050,USR_003852,2677.61,,False,repeat,2026-05-15 00:34:40
BKG_006051,USR_004871,6597.86,,False,repeat,2026-04-25 19:57:52
BKG_006052,USR_004979,9864.63,,False,repeat,2026-05-04 21:29:35
BKG_006053,USR_001329,4257.61,,False,repeat,2026-03-16 01:41:21
BKG_006054,USR_000414,6115.77,,False,repeat,2026-04-29 07:30:59
BKG_006055,USR_001492,5385.12,,False,repeat,2026-06-15 23:31:57
BKG_006056,USR_003746,10668.44,,False,repeat,2026-05-06 02:33:17
BKG_006057,USR_002910,10133.34,,False,repeat,2026-03-25 17:51:12
BKG_006058,USR_004891,4204.77,,False,repeat,2026-05-07 06:12:56
BKG_006059,USR_004019,9877.18,,False,repeat,2026-05-05 01:33:57
BKG_006060,USR_001048,7527.41,,False,repeat,2026-05-14 13:40:45
BKG_006061,USR_000618,4452.58,,False,repeat,2026-04-28 04:32:21
BKG_006062,USR_001807,9644.72,,False,repeat,2026-06-29 08:26:12
BKG_006063,USR_003433,8456.68,,False,repeat,2026-05-03 05:55:03
BKG_006064,USR_001946,11187.56,,False,repeat,2026-04-06 20:57:58
BKG_006065,USR_004959,7841.55,,False,repeat,2026-04-13 23:48:11
BKG_006066,USR_001266,9729.69,,False,repeat,2026-03-31 20:29:38
BKG_006067,USR_003888,7485.16,,False,repeat,2026-05-13 18:06:34
BKG_006068,USR_004202,11701.81,,False,repeat,2026-03-31 12:46:32
BKG_006069,USR_000862,8065.66,,False,repeat,2026-04-02 11:28:02
BKG_006070,USR_003318,11093.08,,False,repeat,2026-05-10 12:27:52
BKG_006071,USR_002167,3863.59,,False,repeat,2026-05-15 18:32:51
BKG_006072,USR_001007,4237.19,,False,repeat,2026-06-08 10:17:02
BKG_006073,USR_002785,5764.76,,False,repeat,2026-05-15 19:01:35
BKG_006074,USR_001323,11834.66,,False,repeat,2026-06-17 09:03:39
BKG_006075,USR_003655,6279.17,,False,repeat,2026-06-19 05:00:27
BKG_006076,USR_002241,6325.8,,False,repeat,2026-05-21 05:41:55
BKG_006077,USR_000452,8549.72,,False,repeat,2026-04-24 01:35:47
BKG_006078,USR_003524,10656.47,,False,repeat,2026-05-31 07:24:03
BKG_006079,USR_001418,11576.3,,False,repeat,2026-05-20 06:27:33
BKG_006080,USR_004767,10525.47,,False,repeat,2026-05-25 16:25:02
BKG_006081,USR_003165,5868.9,,False,repeat,2026-05-18 15:45:03
BKG_006082,USR_001325,10290.79,,False,repeat,2026-03-29 08:20:50
BKG_006083,USR_002649,3470.44,,False,repeat,2026-05-22 19:15:45
BKG_006084,USR_000211,9834.28,,False,repeat,2026-05-22 19:11:51
BKG_006085,USR_003964,9873.65,,False,repeat,2026-02-05 16:39:48
BKG_006086,USR_002392,3775.22,,False,repeat,2026-05-01 12:25:14
BKG_006087,USR_002094,8381.28,,False,repeat,2026-06-12 11:42:07
BKG_006088,USR_001236,4345.04,,False,repeat,2026-05-14 04:51:21
BKG_006089,USR_003035,6683.08,,False,repeat,2026-03-17 22:13:08
BKG_006090,USR_004313,6930.79,,False,repeat,2026-05-22 06:50:32
BKG_006091,USR_001047,8725.62,,False,repeat,2026-05-03 17:00:10
BKG_006092,USR_001952,7315.02,,False,repeat,2026-04-24 23:18:51
BKG_006093,USR_003759,5818.19,,False,repeat,2026-03-19 02:28:14
BKG_006094,USR_000666,3524.14,,False,repeat,2026-03-22 16:48:00
BKG_006095,USR_003890,5278.88,,False,repeat,2026-05-12 13:27:42
BKG_006096,USR_001223,2672.77,,False,repeat,2026-03-06 01:10:17
BKG_006097,USR_000290,4270.68,,False,repeat,2026-05-31 09:24:39
BKG_006098,USR_002580,3989.22,,False,repeat,2026-06-07 14:31:49
BKG_006099,USR_003448,9532.44,,False,repeat,2026-05-03 10:28:51
BKG_006100,USR_003621,7098.44,,False,repeat,2026-04-16 17:21:15
BKG_006101,USR_001784,10659.07,,False,repeat,2026-06-10 22:13:50
BKG_006102,USR_002958,5367.37,,False,repeat,2026-06-20 13:15:52
BKG_006103,USR_002620,11089.65,,False,repeat,2026-06-04 16:24:14
BKG_006104,USR_003157,10990.53,,False,repeat,2026-06-08 00:39:00
BKG_006105,USR_004756,10556.04,,False,repeat,2026-06-03 00:51:11
BKG_006106,USR_001588,8900.48,,False,repeat,2026-04-29 05:39:08
BKG_006107,USR_000410,6208.41,,False,repeat,2026-05-02 16:56:25
BKG_006108,USR_002508,4194.18,,False,repeat,2026-04-30 00:46:51
BKG_006109,USR_002425,10515.42,,False,repeat,2026-06-11 03:52:54
BKG_006110,USR_004836,10710.1,,False,repeat,2026-06-03 04:22:15
BKG_006111,USR_004718,8741.5,,False,repeat,2026-04-17 12:29:27
BKG_006112,USR_004141,6504.11,,False,repeat,2026-04-20 19:02:09
BKG_006113,USR_002545,6286.64,,False,repeat,2026-06-17 22:07:27
BKG_006114,USR_003927,9149.46,,False,repeat,2026-02-20 15:59:41
BKG_006115,USR_001969,8980.16,,False,repeat,2026-05-10 02:48:27
BKG_006116,USR_003701,2894.84,,False,repeat,2026-04-02 21:44:11
BKG_006117,USR_004317,8642.45,,False,repeat,2026-06-22 09:04:21
BKG_006118,USR_002268,9337.81,,False,repeat,2026-04-06 23:35:17
BKG_006119,USR_004432,10091.67,,False,repeat,2026-04-07 13:54:40
BKG_006120,USR_002288,7362.74,,False,repeat,2026-06-19 16:56:19
BKG_006121,USR_004543,9656.81,,False,repeat,2026-06-29 18:22:02
BKG_006122,USR_003966,4539.25,,False,repeat,2026-04-27 13:04:34
BKG_006123,USR_004401,3004.57,,False,repeat,2026-06-18 00:20:08
BKG_006124,USR_001892,10357.69,,False,repeat,2026-06-15 12:04:04
BKG_006125,USR_000719,8378.46,,False,repeat,2026-04-24 12:30:22
BKG_006126,USR_003884,6109.91,,False,repeat,2026-06-01 04:34:19
BKG_006127,USR_000116,10751.23,,False,repeat,2026-05-15 00:51:43
BKG_006128,USR_000026,4118.13,,False,repeat,2026-04-19 04:53:31
BKG_006129,USR_003538,4160.03,,False,repeat,2026-05-05 13:39:19
BKG_006130,USR_002481,6624.87,,False,repeat,2026-05-26 04:06:52
BKG_006131,USR_004290,3641.92,,False,repeat,2026-06-16 19:34:54
BKG_006132,USR_003324,8084.62,,False,repeat,2026-03-27 05:49:23
BKG_006133,USR_003990,6400.09,,False,repeat,2026-06-12 21:48:02
BKG_006134,USR_004746,10707.71,,False,repeat,2026-06-20 16:41:49
BKG_006135,USR_003168,7272.74,,False,repeat,2026-05-18 07:32:57
BKG_006136,USR_002612,7666.73,,False,repeat,2026-04-23 21:30:56
BKG_006137,USR_004547,4259.59,,False,repeat,2026-04-12 12:24:51
BKG_006138,USR_001019,6372.53,,False,repeat,2026-03-26 21:06:09
BKG_006139,USR_001321,2605.94,,False,repeat,2026-03-18 07:35:58
BKG_006140,USR_002532,3618.89,,False,repeat,2026-06-19 05:08:48
BKG_006141,USR_003550,10560.15,,False,repeat,2026-04-17 16:12:29
BKG_006142,USR_001743,10548.15,,False,repeat,2026-04-14 11:50:05
BKG_006143,USR_000413,11913.75,,False,repeat,2026-04-30 02:05:05
BKG_006144,USR_004529,4288.04,,False,repeat,2026-05-10 21:22:39
BKG_006145,USR_000096,4850.17,,False,repeat,2026-03-01 02:50:38
BKG_006146,USR_000344,3162.59,,False,repeat,2026-05-05 07:14:32
BKG_006147,USR_000820,7827.57,,False,repeat,2026-02-13 20:32:51
BKG_006148,USR_003041,3533.33,,False,repeat,2026-04-17 21:45:53
BKG_006149,USR_002155,7891.97,,False,repeat,2026-05-09 22:02:00
BKG_006150,USR_000564,6791.58,,False,repeat,2026-04-13 00:15:37
BKG_006151,USR_002519,11098.88,,False,repeat,2026-06-12 17:29:35
BKG_006152,USR_002423,6711.03,,False,repeat,2026-05-16 08:01:29
BKG_006153,USR_003264,11387.3,,False,repeat,2026-06-03 14:28:38
BKG_006154,USR_004475,7940.39,,False,repeat,2026-06-11 14:21:04
BKG_006155,USR_000517,9434.31,,False,repeat,2026-04-03 05:16:04
BKG_006156,USR_001615,6255.31,,False,repeat,2026-04-11 10:32:40
BKG_006157,USR_000696,8262.95,,False,repeat,2026-06-05 11:25:27
BKG_006158,USR_002150,5958.42,,False,repeat,2026-04-08 17:42:23
BKG_006159,USR_001215,6750.17,,False,repeat,2026-04-15 03:14:08
BKG_006160,USR_004524,6578.2,,False,repeat,2026-06-04 09:55:15
BKG_006161,USR_000434,8985.99,,False,repeat,2026-03-29 01:52:39
BKG_006162,USR_000813,6699.77,,False,repeat,2026-06-06 22:56:39
BKG_006163,USR_000548,10743.7,,False,repeat,2026-05-20 16:57:57
BKG_006164,USR_004064,3215.17,,False,repeat,2026-04-30 22:13:56
BKG_006165,USR_002000,3237.58,,False,repeat,2026-05-17 07:20:31
BKG_006166,USR_000568,3822.86,,False,repeat,2026-04-25 10:12:27
